{"1":{"8":0.154925,"9":0.154925,"10":0.161122,"11":2.689498},"2":{"12":0.037182,"13":0.204501,"14":1.654599},"3":{"15":0.018591,"16":0.030985,"23":0.006197,"30":0.006197,"33":0.006197,"37":0.037182,"38":0.018591,"42":0.006197,"43":0.018591,"44":0.018591,"45":0.111546,"46":0.012394,"47":0.099152,"48":0.322244,"49":0.092955,"50":0.235486,"51":13.713961,"52":0.12394,"3.6":0.006197},"4":{"10":0.018591,"11":0.024788,"22":0.006197,"31":0.068167,"32":0.06197,"34":0.006197,"35":0.018591,"36":0.006197,"37":0.006197,"38":0.006197,"40":0.037182,"41":0.037182,"43":0.018591,"45":0.006197,"46":0.037182,"47":0.037182,"48":0.012394,"49":3.395956,"50":0.291259,"51":0.099152,"52":0.049576,"53":0.06197,"54":0.235486,"55":7.213308,"56":21.404438,"57":0.012394},"5":{"4":0.012394,"5":0.049576,"7":0.024788,"8":0.483366,"9":0.452381,"10":5.08154,"5.1":0.241683,"6.1":0.092955,"9.1":1.598826},"6":{"36":0.030985,"42":0.043379,"43":0.06197,"10.0-10.1":0,"12.1":0.012394},"7":{"8":0,"3.2":0,"4.0-4.1":0,"4.2-4.3":0,"5.0-5.1":0,"6.0-6.1":0.0825693551194,"7.0-7.1":0.364551492414,"8.1-8.4":0.496974043077,"9.0-9.2":0.0981484787268,"9.3":1.34759419204,"10.0-10.2":12.2934864386},"8":{"0":0.0265558908297},"9":{"3":0,"4":0.0214994047619,"2.1":0,"2.2":0,"2.3":0,"4.1":0.0644982142857,"4.2-4.3":0.20768425,"4.4":0.458797297619,"4.4.3-4.4.4":0.258852833333},"10":{"7":0.0066535},"11":{"0":0.0000581091703057,"10":0,"11":0,"12":0,"11.1":0,"11.5":0,"12.1":0},"12":{"0":19.311377},"13":{"0":0.022812},"14":{"10":0.0511608932039,"11":0.241593106796},"15":{"0":0.007604},"16":{"0":2.551142},"17":{}}