{"1":{"7":0.0223,"8":0.172825,"9":0.21185,"10":0.139375,"11":3.1666},"2":{"12":0.039025,"13":0.239725,"14":1.68365},"3":{"15":0.005575,"30":0.005575,"37":0.10035,"38":0.016725,"39":0.01115,"41":0.016725,"43":0.061325,"44":0.01115,"45":0.050175,"46":0.083625,"47":0.27875,"48":0.429275,"49":0.239725,"50":7.805,"51":0.083625},"4":{"11":0.016725,"22":0.039025,"31":0.050175,"32":0.01115,"34":0.027875,"35":0.03345,"36":0.05575,"38":0.01115,"39":0.01115,"40":0.016725,"41":0.0223,"43":0.072475,"44":0.005575,"46":0.0446,"47":0.03345,"48":0.03345,"49":2.157525,"50":0.14495,"51":0.63555,"52":0.12265,"53":0.16725,"54":13.419025,"55":12.872675,"56":0.0223,"57":0.01115},"5":{"4":0.01115,"5":0.061325,"7":0.0892,"8":0.2676,"9":0.56865,"10":5.513675,"5.1":0.2453,"6.1":0.094775,"9.1":2.536625},"6":{"31":0.005575,"36":0.0223,"38":0.161675,"40":0.01115,"41":0.083625,"42":0.039025,"10.0-10.1":0,"12.1":0.005575},"7":{"8":0,"3.2":0,"4.0-4.1":0,"4.2-4.3":0,"5.0-5.1":0,"6.0-6.1":0,"7.0-7.1":0.287481066832,"8.1-8.4":0.436417041215,"9.0-9.2":0.292676507799,"9.3":1.85477242516,"10.0-10.2":13.894340959},"8":{"0":0.0328983420647},"9":{"3":0,"4":0.0336118065878,"2.1":0,"2.2":0,"2.3":0,"4.1":0.110438793074,"4.2-4.3":0.31622536402,"4.4":0.729170416385,"4.4.3-4.4.4":0.434895619932},"10":{"7":0.002213},"11":{"0":0.00250965793529,"10":0,"11":0,"12":0,"11.1":0,"11.5":0,"12.1":0},"12":{"0":23.064818},"13":{"0":0.02213},"14":{"10":0.0637344,"11":0.2549376},"15":{"0":0.013278},"16":{"0":2.549376}}