{"1":{"7":0.017547,"8":0.152074,"9":0.193017,"10":0.222262,"11":2.994688},"2":{"12":0.052641,"13":0.309997,"14":1.830737},"3":{"15":0.011698,"37":0.076037,"38":0.035094,"39":0.005849,"43":0.070188,"45":0.052641,"46":0.070188,"47":0.210564,"48":0.298299,"49":0.11698,"50":7.66219,"51":1.468099,"52":0.035094},"4":{"11":0.017547,"22":0.023396,"31":0.099433,"32":0.029245,"34":0.029245,"35":0.011698,"36":0.134527,"38":0.011698,"39":0.011698,"40":0.035094,"41":0.017547,"43":0.064339,"44":0.005849,"46":0.035094,"47":0.029245,"48":0.046792,"49":1.666965,"50":0.222262,"51":0.625843,"52":0.046792,"53":0.099433,"54":0.274903,"55":26.595403,"56":0.198866,"57":0.011698},"5":{"4":0,"5":0.198866,"7":0.040943,"8":0.245658,"9":0.450373,"10":7.773321,"5.1":0.198866,"6.1":0.087735,"9.1":1.918472},"6":{"31":0.011698,"36":0.05849,"38":0.099433,"42":0.157923,"10.0-10.1":0},"7":{"8":0,"3.2":0,"4.0-4.1":0,"4.2-4.3":0,"5.0-5.1":0,"6.0-6.1":0.0696634141134,"7.0-7.1":0.327418046333,"8.1-8.4":0.393598289741,"9.0-9.2":0.177641705989,"9.3":1.52911193979,"10.0-10.2":13.815996604},"8":{"0":0.0248516200873},"9":{"3":0,"4":0.0239414073107,"2.1":0,"2.2":0,"2.3":0,"4.1":0.0774275300261,"4.2-4.3":0.235848331593,"4.4":0.534351835509,"4.4.3-4.4.4":0.299012895561},"10":{"7":0.004151},"11":{"0":0.0000543799126638,"10":0,"11":0,"12":0,"11.1":0,"11.5":0,"12.1":0},"12":{"0":21.140661},"13":{"0":0.012453},"14":{"10":0.0558571456311,"11":0.263769854369},"15":{"0":0.016604},"16":{"0":2.411731}}