{"1":{"6":0.00832700117233,"7":0.00416350058617,"8":0.241483033998,"9":0.262300536928,"10":0.266464037515,"11":2.7687278898},"2":{"12":0.045111,"13":0.184545,"14":1.160583},"3":{"3":0.012303,"6":0.004101,"21":0.016404,"22":0.008202,"25":0.008202,"27":0.004101,"29":0.004101,"31":0.008202,"32":0.004101,"33":0.008202,"34":0.004101,"35":0.004101,"36":0.008202,"37":0.020505,"38":0.04101,"39":0.008202,"40":0.008202,"41":0.008202,"42":0.008202,"43":0.053313,"44":0.032808,"45":0.045111,"46":0.036909,"47":0.168141,"48":0.110727,"49":0.061515,"50":2.194035,"51":0.414201,"52":0.028707,"3.5":0.004101,"3.6":0.008202},"4":{"7":0.004101,"10":0.008202,"11":0.008202,"16":0.008202,"18":0.008202,"19":0.008202,"20":0.008202,"21":0.008202,"22":0.04101,"23":0.012303,"24":0.008202,"25":0.008202,"26":0.020505,"27":0.016404,"28":0.008202,"29":0.028707,"30":0.012303,"31":0.061515,"32":0.045111,"33":0.036909,"34":0.053313,"35":0.036909,"36":0.094323,"37":0.020505,"38":0.049212,"39":0.036909,"40":0.020505,"41":0.04101,"42":0.024606,"43":0.24606,"44":0.049212,"45":0.04101,"46":0.028707,"47":0.049212,"48":0.036909,"49":1.045755,"50":0.077919,"51":0.319878,"52":0.131232,"53":0.299373,"54":0.373191,"55":23.876022,"56":0.381393,"57":0.143535},"5":{"4":0.004101,"5":0.008202,"6":0.008202,"7":0.020505,"8":0.147636,"9":0.12303,"10":1.980783,"5.1":0.036909,"6.1":0.024606,"7.1":0.012303,"9.1":0.672564},"6":{"28":0.024606,"36":0.016404,"37":0.008202,"38":0.045111,"40":0.008202,"41":0.016404,"42":0.364989,"10.0-10.1":0,"12.1":0.008202},"7":{"8":0,"3.2":0,"4.0-4.1":0,"4.2-4.3":0,"5.0-5.1":0,"6.0-6.1":0.0424460980036,"7.0-7.1":0.199496660617,"8.1-8.4":0.239820453721,"9.0-9.2":0.108237549909,"9.3":0.93169185118,"10.0-10.2":8.41812238657},"8":{"0":2.89597108297},"9":{"3":0,"4":0.0367981570931,"2.1":0,"2.2":0,"2.3":0,"4.1":0.119006805918,"4.2-4.3":0.362500994343,"4.4":0.821303548738,"4.4.3-4.4.4":0.459585493908},"10":{"7":0.0619395},"11":{"0":0.00633691703057,"10":0,"11":0,"12":0,"11.1":0,"11.5":0,"12.1":0},"12":{"0":21.405368},"13":{"0":0.029495},"14":{"10":0.0536064466019,"11":0.253141553398},"15":{"0":18.882699},"16":{"0":3.680976}}