{"1":{"7":0.00394558314088,"8":0.256462904157,"9":0.264354070439,"10":0.303809901848,"11":2.58830254042},"2":{"12":0.04686,"13":0.183535,"14":1.050445},"3":{"3":0.011715,"21":0.035145,"22":0.011715,"23":0.00781,"24":0.003905,"25":0.00781,"27":0.00781,"28":0.003905,"29":0.00781,"30":0.003905,"31":0.00781,"32":0.00781,"33":0.00781,"34":0.00781,"35":0.003905,"36":0.011715,"37":0.035145,"38":0.027335,"39":0.011715,"40":0.011715,"41":0.011715,"42":0.00781,"43":0.050765,"44":0.03905,"45":0.03905,"46":0.035145,"47":0.183535,"48":0.136675,"49":0.105435,"50":2.32738,"51":0.14058,"3.6":0.00781},"4":{"7":0.003905,"10":0.003905,"11":0.00781,"18":0.019525,"19":0.00781,"20":0.00781,"21":0.00781,"22":0.04686,"23":0.00781,"24":0.00781,"25":0.011715,"26":0.01562,"27":0.01562,"28":0.01562,"29":0.027335,"30":0.01562,"31":0.06248,"32":0.027335,"33":0.035145,"34":0.05467,"35":0.03124,"36":0.07029,"37":0.01562,"38":0.03905,"39":0.035145,"40":0.019525,"41":0.07029,"42":0.035145,"43":0.292875,"44":0.050765,"45":0.03905,"46":0.027335,"47":0.042955,"48":0.03124,"49":0.980155,"50":0.07029,"51":0.28897,"52":0.308495,"53":0.199155,"54":11.44165,"55":11.750145,"56":0.14058,"57":0.07029},"5":{"4":0,"5":0.011715,"6":0.00781,"7":0.027335,"8":0.152295,"9":0.16401,"10":1.55419,"5.1":0.03905,"6.1":0.027335,"7.1":0.011715,"9.1":0.6248},"6":{"12":0.00781,"28":0.05467,"36":0.01562,"37":0.019525,"38":0.042955,"39":0.011715,"40":0.00781,"41":0.27335,"42":0.128865,"10.0-10.1":0,"11.6":0.003905,"12.1":0.011715},"7":{"8":0,"3.2":0,"4.0-4.1":0,"4.2-4.3":0,"5.0-5.1":0,"6.0-6.1":0,"7.0-7.1":0.170666295837,"8.1-8.4":0.259083774403,"9.0-9.2":0.173750626485,"9.3":1.10110604121,"10.0-10.2":8.24852826206},"8":{"0":3.90180487673},"9":{"3":0,"4":0.0450252681588,"2.1":0,"2.2":0,"2.3":0,"4.1":0.147940166807,"4.2-4.3":0.423605073902,"4.4":0.976772654139,"4.4.3-4.4.4":0.582571836993},"10":{"7":0.0700925},"11":{"0":0.297650123267,"10":0,"11":0,"12":0,"11.1":0,"11.5":0,"12.1":0},"12":{"0":22.47651},"13":{"0":0.03657},"14":{"10":0.065826,"11":0.263304},"15":{"0":18.34595},"16":{"0":3.419295}}