{"1":{"7":0.00457750509731,"8":0.746133330862,"9":0.769020856348,"10":0.837683432808,"11":2.58171287488},"2":{"12":0.04548,"13":0.154632,"14":1.237056},"3":{"2":0.277428,"3":0.009096,"15":0.286524,"18":0.327456,"21":0.300168,"22":0.009096,"23":0.309264,"25":0.573048,"29":0.009096,"31":0.009096,"33":0.009096,"34":0.013644,"35":0.009096,"36":0.004548,"37":0.013644,"38":0.040932,"39":0.009096,"40":0.013644,"41":0.009096,"42":0.009096,"43":0.040932,"44":0.013644,"45":0.036384,"46":0.027288,"47":0.127344,"48":0.086412,"49":0.054576,"50":0.195564,"51":2.369508,"52":0.2274,"3.6":0.004548},"4":{"7":0.004548,"11":0.004548,"18":0.013644,"19":0.300168,"20":0.009096,"21":0.013644,"22":0.036384,"23":0.009096,"24":0.850476,"25":0.009096,"26":0.018192,"27":0.009096,"28":0.013644,"29":0.031836,"30":0.29562,"31":0.059124,"32":0.036384,"33":0.031836,"34":0.050028,"35":0.623076,"36":0.077316,"37":0.031836,"38":0.050028,"39":0.036384,"40":0.013644,"41":0.031836,"42":0.031836,"43":0.2274,"44":0.04548,"45":0.031836,"46":0.02274,"47":0.031836,"48":0.036384,"49":0.93234,"50":0.050028,"51":0.254688,"52":0.09096,"53":0.281976,"54":0.177372,"55":5.63952,"56":17.541636,"57":0.109152,"58":0.118248},"5":{"4":0,"5":0.291072,"6":0.009096,"7":0.031836,"8":0.145536,"9":0.1137,"10":1.66002,"5.1":0.027288,"6.1":0.027288,"7.1":0.009096,"9.1":0.573048,"10.1":0.009096},"6":{"12":0.004548,"28":0.018192,"36":0.013644,"38":0.027288,"41":0.004548,"42":0.140988,"43":0.241044,"10.0-10.1":0.27288,"12.1":0.02274},"7":{"8":0,"3.2":0,"4.0-4.1":0,"4.2-4.3":0,"5.0-5.1":0,"6.0-6.1":0.0506784369231,"7.0-7.1":0.22375008,"8.1-8.4":0.305026818462,"9.0-9.2":0.0602404061538,"9.3":0.827110338462,"10.0-10.2":7.54534992},"8":{"0":2.43172294323},"9":{"3":0,"4":0.0326841836735,"2.1":0,"2.2":0,"2.3":0,"4.1":0.0980525510204,"4.2-4.3":0.315729214286,"4.4":0.697480479592,"4.4.3-4.4.4":0.393517571429},"10":{"7":0.053157},"11":{"0":0.00532105676856,"10":0,"11":0,"12":0,"11.1":0,"11.5":0,"12.1":0},"12":{"0":20.248216},"13":{"0":0.032712},"14":{"10":0.0485916116505,"11":0.22946038835},"15":{"0":17.490016},"16":{"0":3.385692},"17":{}}