{"1":{"6":0.0214089779006,"7":0.0428179558011,"8":0.373127900552,"9":0.259966160221,"10":0.250790883978,"11":2.37333812155},"2":{"12":0.12505,"13":0.14945,"14":0.4148},"3":{"2":0.00305,"3":0.0122,"4":0.02745,"5":0.00305,"6":0.00305,"7":0.00305,"8":0.0061,"9":0.00915,"10":0.01525,"11":0.00915,"12":0.0183,"13":0.01525,"14":0.0183,"15":0.02135,"16":0.0122,"17":0.0305,"18":0.02135,"19":0.00915,"20":0.00915,"21":0.02135,"22":0.02135,"23":0.00915,"24":0.06405,"25":0.01525,"26":0.01525,"27":0.02135,"28":0.0061,"29":0.3355,"30":0.0366,"31":0.01525,"32":0.0183,"33":0.05795,"34":0.061,"35":0.02135,"36":0.0244,"37":0.02745,"38":0.1281,"39":0.08235,"40":0.0427,"41":0.05795,"42":0.07625,"43":0.32635,"44":0.12505,"45":0.08845,"46":0.0915,"47":0.5368,"48":0.3294,"49":0.41175,"50":3.599,"51":0.2867,"3.6":0.00915},"4":{"5":0.0061,"8":0.0122,"10":0.0122,"11":0.0366,"12":0.00305,"16":0.00915,"17":0.00915,"18":0.0122,"19":0.0061,"20":0.0183,"22":0.0122,"23":0.0122,"24":0.01525,"25":0.0366,"26":0.0061,"27":0.00915,"28":0.02135,"29":0.02745,"30":0.0427,"31":0.0549,"32":0.05795,"33":0.0427,"34":0.0244,"35":0.01525,"36":0.1037,"37":0.0122,"38":0.0183,"39":0.02135,"40":0.1098,"41":0.01525,"42":0.00915,"43":0.3355,"44":0.0549,"45":0.11285,"46":0.0793,"47":0.0793,"48":0.05795,"49":0.2867,"50":0.04575,"51":0.28365,"52":0.22875,"53":0.25925,"54":6.4599,"55":7.18275,"56":0.061,"57":0.05795},"5":{"4":0,"5":0.00305,"7":0.00915,"8":0.03965,"9":0.02745,"10":0.69845,"5.1":0.0122,"9.1":0.1403},"6":{"20":0.0061,"21":0.0061,"22":0.02745,"26":0.00305,"27":0.00305,"29":0.0122,"30":0.01525,"33":0.00305,"35":0.00915,"36":0.0305,"37":0.01525,"39":0.0061,"40":0.0488,"41":0.29585,"42":0.17995,"43":0.0061,"10.0-10.1":0,"11.5":0.00305,"11.6":0.0061,"12.1":0.0061},"7":{"8":0,"3.2":0,"4.0-4.1":0,"4.2-4.3":0,"5.0-5.1":0,"6.0-6.1":0,"7.0-7.1":0.113928023964,"8.1-8.4":0.172950976139,"9.0-9.2":0.115986964157,"9.3":0.73504164859,"10.0-10.2":5.50629238715},"8":{"0":6.11515400616},"9":{"3":0,"4":0.176027533784,"2.1":0,"2.2":0,"2.3":0,"4.1":0.578376182432,"4.2-4.3":1.65609577703,"4.4":3.81871976351,"4.4.3-4.4.4":2.27758074324},"10":{"7":0.0121625},"11":{"0":0.466495993837,"10":0,"11":0,"12":0,"11.1":0,"11.5":0,"12.1":0},"12":{"0":34.20605},"13":{"0":0.10425},"14":{"10":0.03892,"11":0.15568},"15":{"0":7.4643},"16":{"0":5.51135}}