{"1":{"6":0.0339636129848,"7":0.0463140177066,"8":0.401388153457,"9":0.299497314503,"10":0.206869279089,"11":2.67386262226},"2":{"12":0.107975,"13":0.17276,"14":0.4319},"3":{"3":0.01234,"4":0.01851,"5":0.003085,"6":0.009255,"8":0.003085,"9":0.00617,"10":0.00617,"11":0.015425,"12":0.01851,"13":0.070955,"14":0.015425,"15":0.01851,"16":0.003085,"17":0.02468,"18":0.015425,"19":0.00617,"20":0.01851,"21":0.009255,"22":0.009255,"23":0.01851,"24":0.052445,"25":0.01851,"26":0.01234,"27":0.01234,"28":0.003085,"29":0.06787,"30":0.064785,"31":0.01851,"32":0.00617,"33":0.0617,"34":0.033935,"35":0.13574,"36":0.01851,"37":0.01851,"38":0.08638,"39":0.06787,"40":0.033935,"41":0.083295,"42":0.070955,"43":0.280735,"44":0.13574,"45":0.09255,"46":0.09255,"47":0.434985,"48":0.212865,"49":0.17276,"50":3.723595,"51":0.718805,"52":0.04936,"3.6":0.00617},"4":{"5":0.00617,"8":0.009255,"10":0.00617,"11":0.03085,"12":0.003085,"14":0.00617,"16":0.01851,"17":0.021595,"18":0.00617,"19":0.00617,"20":0.021595,"21":0.01234,"22":0.003085,"23":0.015425,"24":0.02468,"25":0.03702,"26":0.01851,"27":0.00617,"28":0.01234,"29":0.02468,"30":0.058615,"31":0.064785,"32":0.0617,"33":0.077125,"34":0.02468,"35":0.03085,"36":0.132655,"37":0.009255,"38":0.052445,"39":0.027765,"40":0.07404,"41":0.015425,"42":0.021595,"43":0.323925,"44":0.08638,"45":0.077125,"46":0.070955,"47":0.10489,"48":0.07404,"49":0.410305,"50":0.046275,"51":0.249885,"52":0.107975,"53":0.25914,"54":0.35169,"55":13.182205,"56":0.31467,"57":0.04936},"5":{"4":0,"5":0.003085,"7":0.009255,"8":0.02468,"9":0.01851,"10":0.4936,"5.1":0.01234,"6.1":0.003085,"9.1":0.10489},"6":{"12":0.003085,"20":0.009255,"27":0.009255,"29":0.00617,"30":0.003085,"33":0.009255,"34":0.00617,"35":0.009255,"36":0.015425,"37":0.03085,"38":0.021595,"39":0.003085,"40":0.015425,"41":0.03702,"42":0.644765,"10.0-10.1":0,"11.6":0.009255,"12.1":0.00617},"7":{"8":0,"3.2":0,"4.0-4.1":0,"4.2-4.3":0,"5.0-5.1":0,"6.0-6.1":0.0273145083805,"7.0-7.1":0.128378189388,"8.1-8.4":0.15432697235,"9.0-9.2":0.0696519963702,"9.3":0.599553458952,"10.0-10.2":5.41714987456},"8":{"0":4.96792925764},"9":{"3":0,"4":0.17296828329,"2.1":0,"2.2":0,"2.3":0,"4.1":0.559386788512,"4.2-4.3":1.70392159922,"4.4":3.86050487598,"4.4.3-4.4.4":2.160263453},"10":{"7":0.006915},"11":{"0":0.0108707423581,"10":0,"11":0,"12":0,"11.1":0,"11.5":0,"12.1":0},"12":{"0":35.94158},"13":{"0":0.048405},"14":{"10":0.0302111650485,"11":0.142663834951},"15":{"0":6.797445},"16":{"0":6.16818}}