{"1":{"6":0.013926,"8":0.18568,"9":0.259952,"10":0.222816,"11":3.578982},"2":{"12":0.125334,"13":0.505978,"14":2.697002},"3":{"2":0.009284,"3":0.009284,"11":0.055704,"12":0.004642,"16":0.004642,"17":0.009284,"19":0.013926,"21":0.106766,"22":0.02321,"23":0.013926,"24":0.013926,"25":0.027852,"26":0.02321,"27":0.009284,"28":0.032494,"29":0.032494,"31":0.041778,"33":0.018568,"36":0.018568,"37":0.102124,"38":0.004642,"39":0.009284,"40":0.004642,"41":0.060346,"42":0.004642,"43":0.032494,"44":0.013926,"45":0.02321,"46":0.013926,"47":0.083556,"48":0.060346,"49":0.041778,"50":0.20889,"51":3.495426,"52":0.04642,"3.6":0.009284},"4":{"11":0.02321,"14":0.004642,"22":0.06963,"27":0.055704,"28":0.018568,"29":0.018568,"30":0.041778,"31":0.013926,"32":0.064988,"33":0.009284,"34":0.018568,"35":0.027852,"36":0.051062,"37":0.501336,"38":0.064988,"39":0.027852,"41":0.190322,"42":0.027852,"43":0.148544,"44":0.16247,"45":0.018568,"46":0.083556,"47":0.018568,"48":0.009284,"49":0.85877,"50":0.064988,"51":0.194964,"52":0.02321,"53":0.213532,"54":0.143902,"55":6.665912,"56":17.746366,"57":0.09284,"58":0.074272},"5":{"4":0.018568,"5":0.018568,"7":0.018568,"8":0.111408,"9":0.18568,"10":1.629342,"5.1":0.04642,"6.1":0.041778,"7.1":0.009284,"9.1":0.529188},"6":{"12":0.041778,"28":0.16247,"29":0.027852,"36":0.074272,"37":0.013926,"38":0.018568,"42":0.176396,"43":0.171754,"10.0-10.1":0,"11.6":0.02321,"12.1":0.064988},"7":{"8":0,"3.2":0,"4.0-4.1":0,"4.2-4.3":0,"5.0-5.1":0,"6.0-6.1":0.0542638911406,"7.0-7.1":0.239580198621,"8.1-8.4":0.326607193846,"9.0-9.2":0.0645023611671,"9.3":0.885627657294,"10.0-10.2":8.07917669793},"8":{"0":0.930256427948},"9":{"3":0,"4":0.0875914540816,"2.1":0,"2.2":0,"2.3":0,"4.1":0.262774362245,"4.2-4.3":0.846133446429,"4.4":1.8692016301,"4.4.3-4.4.4":1.05460110714},"10":{"7":0.104481},"11":{"0":0.0020355720524,"10":0,"11":0,"12":0,"11.1":0,"11.5":0,"12.1":0},"12":{"0":31.812542},"13":{"0":0.283974},"14":{"10":0.190078951456,"11":0.897595048544},"15":{"0":0.471504},"16":{"0":6.756438},"17":{}}