{"1":{"7":0.00517067408585,"8":0.180973593005,"9":0.12409617806,"10":0.134437526232,"11":2.80767602862},"2":{"12":0.164416,"13":0.7707,"14":2.163098},"3":{"6":0.010276,"11":0.010276,"12":0.020552,"21":0.082208,"22":0.010276,"23":0.005138,"24":0.005138,"25":0.015414,"26":0.020552,"27":0.005138,"28":0.030828,"29":0.02569,"31":0.035966,"33":0.015414,"36":0.015414,"37":0.056518,"38":0.05138,"39":0.015414,"40":0.030828,"41":0.071932,"43":0.262038,"44":0.005138,"45":0.17983,"46":0.20552,"47":1.00191,"48":0.364798,"49":0.123312,"50":3.992226,"51":0.046242,"3.6":0.02569},"4":{"11":0.010276,"21":0.030828,"22":0.020552,"26":0.005138,"27":0.020552,"28":0.010276,"29":0.015414,"30":0.041104,"31":0.02569,"32":0.035966,"33":0.020552,"34":0.02569,"35":0.010276,"36":0.030828,"37":0.200382,"38":0.02569,"39":0.030828,"40":0.041104,"41":0.082208,"42":0.061656,"43":0.277452,"44":0.035966,"45":0.097622,"46":0.23121,"47":0.020552,"48":0.020552,"49":1.073842,"50":0.41104,"51":2.41486,"52":0.190106,"53":0.143864,"54":12.367166,"55":11.447464,"56":0.113036,"57":0.143864},"5":{"4":0,"5":0.015414,"7":0.015414,"8":0.123312,"9":0.215796,"10":1.484882,"5.1":0.061656,"6.1":0.030828,"9.1":0.477834},"6":{"12":0.020552,"28":0.087346,"29":0.05138,"33":0.035966,"36":0.015414,"37":0.07707,"38":0.508662,"41":0.272314,"42":0.05138,"10.0-10.1":0,"11.6":0.010276,"12.1":0.035966},"7":{"8":0,"3.2":0,"4.0-4.1":0,"4.2-4.3":0,"5.0-5.1":0,"6.0-6.1":0,"7.0-7.1":0.13980924326,"8.1-8.4":0.212240537961,"9.0-9.2":0.142335916331,"9.3":0.902022286334,"10.0-10.2":6.75716601611},"8":{"0":1.13838223729},"9":{"3":0,"4":0.108756451858,"2.1":0,"2.2":0,"2.3":0,"4.1":0.357342627534,"4.2-4.3":1.02319845524,"4.4":2.35934914949,"4.4.3-4.4.4":1.40717531588},"10":{"7":0.116688},"11":{"0":0.0868417627119,"10":0,"11":0,"12":0,"11.1":0,"11.5":0,"12.1":0},"12":{"0":28.462524},"13":{"0":0.038896},"14":{"10":0.1448876,"11":0.5795504},"15":{"0":1.059916},"16":{"0":6.602596}}