{"1":{"7":0.01926,"8":0.178155,"9":0.187785,"10":0.25038,"11":3.2742},"2":{"12":0.168525,"13":0.611505,"14":2.5038},"3":{"11":0.01926,"21":0.06741,"22":0.014445,"23":0.00963,"24":0.00963,"25":0.024075,"26":0.024075,"27":0.00963,"28":0.024075,"29":0.024075,"31":0.043335,"33":0.014445,"36":0.014445,"37":0.072225,"38":0.043335,"39":0.024075,"41":0.052965,"42":0.00963,"43":0.062595,"44":0.004815,"45":0.03852,"46":0.05778,"47":0.274455,"48":0.13482,"49":0.052965,"50":4.02534,"51":0.36594,"3.6":0.01926},"4":{"11":0.004815,"21":0.00963,"22":0.033705,"27":0.02889,"28":0.014445,"29":0.02889,"30":0.05778,"31":0.01926,"32":0.110745,"33":0.014445,"34":0.01926,"35":0.02889,"36":0.043335,"37":0.187785,"38":0.02889,"39":0.024075,"40":0.00963,"41":0.15408,"42":0.03852,"43":0.149265,"44":0.02889,"45":0.052965,"46":0.207045,"47":0.033705,"48":0.033705,"49":1.121895,"50":0.14445,"51":0.55854,"52":0.062595,"53":0.20223,"54":0.44298,"55":23.08311,"56":0.30816,"57":0.0963},"5":{"4":0.014445,"5":0.02889,"7":0.04815,"8":0.091485,"9":0.18297,"10":1.75266,"5.1":0.07704,"6.1":0.052965,"9.1":0.467055},"6":{"12":0.014445,"28":0.14445,"29":0.05778,"33":0.024075,"36":0.05778,"37":0.05778,"38":0.11556,"41":0.004815,"42":0.158895,"10.0-10.1":0,"11.6":0.004815,"12.1":0.04815},"7":{"8":0,"3.2":0,"4.0-4.1":0,"4.2-4.3":0,"5.0-5.1":0,"6.0-6.1":0.0388659335967,"7.0-7.1":0.182669887904,"8.1-8.4":0.219592524821,"9.0-9.2":0.0991081306715,"9.3":0.853107242447,"10.0-10.2":7.70808628056},"8":{"0":0.946965864629},"9":{"3":0,"4":0.11656764926,"2.1":0,"2.2":0,"2.3":0,"4.1":0.376984738033,"4.2-4.3":1.14831535335,"4.4":2.60169072498,"4.4.3-4.4.4":1.45585553438},"10":{"7":0.07779},"11":{"0":0.00207213537118,"10":0,"11":0,"12":0,"11.1":0,"11.5":0,"12.1":0},"12":{"0":30.863672},"13":{"0":0.28523},"14":{"10":0.163132427184,"11":0.770347572816},"15":{"0":0.710482},"16":{"0":6.37878}}