{"1":{"8":0.0548155124056,"9":0.158964985976,"10":0.115112576052,"11":4.75250492557},"2":{"12":0.185572,"13":0.51851,"14":5.32155},"3":{"33":0.010916,"38":0.371144,"39":0.010916,"41":0.016374,"43":0.076412,"45":0.005458,"46":0.005458,"47":0.174656,"48":0.08187,"49":0.360228,"50":0.169198,"51":4.61201,"52":0.10916,"3.6":0.016374},"4":{"19":0.043664,"22":0.087328,"25":0.010916,"26":0.010916,"29":0.010916,"30":0.005458,"32":0.016374,"36":0.840532,"38":0.125534,"42":0.02729,"43":0.02729,"44":0.016374,"46":0.010916,"47":0.010916,"49":0.567632,"50":0.049122,"51":0.021832,"52":0.016374,"53":0.08187,"54":0.16374,"55":7.537498,"56":19.07571,"57":0.403892,"58":0.043664},"5":{"4":0,"8":0.322022,"9":0.08187,"10":3.5477,"5.1":0.049122,"9.1":0.638586},"6":{"42":0.16374,"43":0.147366,"10.0-10.1":0},"7":{"8":0,"3.2":0,"4.0-4.1":0,"4.2-4.3":0,"5.0-5.1":0,"6.0-6.1":0.0583872292838,"7.0-7.1":0.257785125517,"8.1-8.4":0.351425021538,"9.0-9.2":0.0694036876393,"9.3":0.952923647745,"10.0-10.2":8.69308728828},"8":{"0":0.276457061135},"9":{"3":0,"4":0.0732860969388,"2.1":0,"2.2":0,"2.3":0,"4.1":0.219858290816,"4.2-4.3":0.707943696429,"4.4":1.56392530867,"4.4.3-4.4.4":0.882364607143},"10":{"7":0.0442845},"11":{"0":0.000604938864629,"10":0,"11":0,"12":0,"11.1":0,"11.5":0,"12.1":0},"12":{"0":27.01412},"13":{"0":0.013626},"14":{"10":0.0404811262136,"11":0.191160873786},"15":{"0":0.644964},"16":{"0":5.763798},"17":{}}