{"1":{"8":0.061732,"9":0.202032,"10":0.089792,"11":6.190036},"2":{"12":0.173972,"13":0.723948,"14":4.534496},"3":{"6":0.011224,"10":0.022448,"38":0.218868,"39":0.005612,"45":0.005612,"47":0.067344,"48":0.11224,"49":0.157136,"50":4.652348,"51":0.510692,"52":0.039284},"4":{"11":0.02806,"22":0.011224,"25":0.005612,"29":0.022448,"31":0.016836,"32":0.016836,"33":0.02806,"34":0.005612,"35":0.011224,"37":0.022448,"38":0.129076,"39":0.039284,"40":0.011224,"42":0.05612,"43":0.022448,"44":0.011224,"45":0.011224,"47":0.011224,"48":0.005612,"49":1.588196,"50":0.044896,"51":0.039284,"52":0.117852,"53":0.129076,"54":0.376004,"55":27.52686,"56":0.802516,"57":0.134688,"58":0.005612},"5":{"4":0,"5":0.016836,"7":0.039284,"8":0.185196,"9":0.078568,"10":2.963136,"5.1":0.011224,"6.1":0.1403,"9.1":0.723948},"6":{"41":0.016836,"42":0.359168,"10.0-10.1":0},"7":{"8":0,"3.2":0,"4.0-4.1":0,"4.2-4.3":0,"5.0-5.1":0,"6.0-6.1":0.0503003950037,"7.0-7.1":0.236411856518,"8.1-8.4":0.284197231771,"9.0-9.2":0.12826600726,"9.3":1.10409367033,"10.0-10.2":9.97582583912},"8":{"0":0.179474277293},"9":{"3":0,"4":0.0540146988686,"2.1":0,"2.2":0,"2.3":0,"4.1":0.174685834639,"4.2-4.3":0.532102246301,"4.4":1.20556210879,"4.4.3-4.4.4":0.674609111401},"10":{"7":0.0241285},"11":{"0":0.000392722707424,"10":0,"11":0,"12":0,"11.1":0,"11.5":0,"12.1":0},"12":{"0":25.557685},"13":{},"14":{"10":0.0421663106796,"11":0.19911868932},"15":{"0":0.478183},"16":{"0":4.597576}}