{"1":{"8":0.137404958678,"9":0.196292798111,"10":0.163577331759,"11":5.04472491145},"2":{"12":0.10432,"13":0.6194,"14":3.96416},"3":{"38":0.37164,"46":0.00652,"47":0.05216,"48":0.1304,"49":0.2282,"50":3.18176,"51":0.03912},"4":{"11":0.00652,"22":0.01956,"25":0.01304,"29":0.00652,"31":0.01304,"32":0.00652,"33":0.0326,"35":0.02608,"36":1.0432,"37":0.28688,"38":0.0326,"39":0.0326,"41":0.01956,"43":0.04564,"44":0.02608,"46":0.01956,"47":0.01304,"48":0.05216,"49":0.86716,"50":0.05868,"51":0.03912,"52":0.10432,"53":0.12388,"54":26.88848,"55":15.28288,"56":0.34556,"57":0.00652},"5":{"4":0,"5":0.01304,"7":0.02608,"8":0.1304,"9":0.15648,"10":1.45396,"5.1":0.00652,"6.1":0.11736,"9.1":0.5542},"6":{"29":0.01304,"33":0.01956,"41":0.326,"42":0.13692,"10.0-10.1":0},"7":{"8":0,"3.2":0,"4.0-4.1":0,"4.2-4.3":0,"5.0-5.1":0,"6.0-6.1":0,"7.0-7.1":0.162353178391,"8.1-8.4":0.246463861171,"9.0-9.2":0.165287271976,"9.3":1.04747140998,"10.0-10.2":7.84674427848},"8":{"0":0.420455454545},"9":{"3":0,"4":0.0567602922297,"2.1":0,"2.2":0,"2.3":0,"4.1":0.186498103041,"4.2-4.3":0.534010096284,"4.4":1.23135082939,"4.4.3-4.4.4":0.734408679054},"10":{"7":0.07919275},"11":{"0":0.0320745454545,"10":0,"11":0,"12":0,"11.1":0,"11.5":0,"12.1":0},"12":{"0":18.550646},"13":{},"14":{"10":0.066139,"11":0.264556},"15":{"0":0.240189},"16":{"0":4.661059}}