{"1":{"6":0.0358054979079,"7":0.0460356401674,"8":0.910482661088,"9":0.143221991632,"10":0.132991849372,"11":1.16112114644},"2":{"12":0.033691,"13":0.115512,"14":0.380227},"3":{"3":0.014439,"4":0.004813,"10":0.014439,"11":0.004813,"14":0.009626,"22":0.004813,"24":0.024065,"27":0.004813,"28":0.009626,"29":0.009626,"30":0.009626,"31":0.014439,"32":0.009626,"33":0.014439,"34":0.009626,"35":0.009626,"36":0.086634,"37":0.014439,"38":0.062569,"39":0.019252,"40":0.033691,"41":0.033691,"42":0.019252,"43":0.221398,"44":0.04813,"45":0.091447,"46":0.115512,"47":0.591999,"48":0.274341,"49":0.158829,"50":3.268027,"51":0.077008,"3.6":0.019252},"4":{"5":0.004813,"10":0.009626,"11":0.028878,"12":0.009626,"14":0.004813,"15":0.004813,"18":0.028878,"22":0.062569,"23":0.004813,"25":0.004813,"26":0.014439,"27":0.028878,"28":0.009626,"29":0.043317,"30":0.024065,"31":0.019252,"32":0.019252,"33":0.028878,"34":0.038504,"35":0.033691,"36":0.09626,"37":0.019252,"38":0.028878,"39":0.182894,"40":0.043317,"41":0.04813,"42":0.014439,"43":0.250276,"44":0.077008,"45":0.033691,"46":0.067382,"47":0.110699,"48":0.110699,"49":4.370204,"50":0.206959,"51":1.15512,"52":0.375414,"53":0.356162,"54":13.760367,"55":14.410122,"56":0.115512,"57":0.024065},"5":{"4":0.014439,"5":0.009626,"7":0.014439,"8":0.028878,"9":0.04813,"10":0.279154,"5.1":0.019252,"6.1":0.009626,"9.1":0.129951},"6":{"28":0.014439,"35":0.004813,"36":0.04813,"37":0.014439,"38":0.173268,"39":0.004813,"40":0.014439,"41":0.322471,"42":0.216585,"10.0-10.1":0,"12.1":0.014439},"7":{"8":0,"3.2":0,"4.0-4.1":0,"4.2-4.3":0,"5.0-5.1":0,"6.0-6.1":0,"7.0-7.1":0.251307984712,"8.1-8.4":0.381503687636,"9.0-9.2":0.255849695279,"9.3":1.62139067245,"10.0-10.2":12.1460479599},"8":{"0":1.43162420339},"9":{"3":0,"4":0.115082459459,"2.1":0,"2.2":0,"2.3":0,"4.1":0.378128081081,"4.2-4.3":1.08271456757,"4.4":2.49658478378,"4.4.3-4.4.4":1.48902610811},"10":{"7":0.047989},"11":{"0":0.10921179661,"10":0,"11":0,"12":0,"11.1":0,"11.5":0,"12.1":0},"12":{"0":25.753365},"13":{"0":0.02594},"14":{"10":0.2002568,"11":0.8010272},"15":{"0":0.238648},"16":{"0":3.470772}}