{"1":{"6":0.00520015463042,"7":0.0104003092608,"8":0.202806030586,"9":0.218406494477,"10":0.187205566695,"11":5.49136328972},"2":{"12":0.066417,"13":0.342303,"14":2.580045},"3":{"3":0.005109,"16":0.005109,"24":0.005109,"28":0.005109,"29":0.005109,"30":0.005109,"31":0.010218,"33":0.005109,"34":0.015327,"35":0.010218,"36":0.010218,"37":0.020436,"38":0.071526,"39":0.020436,"40":0.015327,"41":0.025545,"42":0.020436,"43":0.045981,"44":0.040872,"45":0.158379,"46":0.040872,"47":0.168597,"48":0.219687,"49":0.20436,"50":5.154981,"51":0.076635,"3.6":0.010218},"4":{"11":0.015327,"22":0.015327,"26":0.025545,"29":0.005109,"30":0.010218,"31":0.020436,"32":0.015327,"33":0.015327,"34":0.040872,"35":0.020436,"36":0.061308,"37":0.020436,"38":0.05109,"39":0.040872,"40":0.030654,"41":0.045981,"42":0.05109,"43":0.076635,"44":0.066417,"45":0.229905,"46":0.061308,"47":0.10218,"48":0.076635,"49":1.093326,"50":0.178815,"51":0.280995,"52":0.332085,"53":0.444483,"54":14.192802,"55":11.250018,"56":0.071526,"57":0.030654},"5":{"4":0.010218,"5":0.045981,"6":0.015327,"7":0.056199,"8":0.275886,"9":0.342303,"10":2.881476,"5.1":0.117507,"6.1":0.086853,"7.1":0.010218,"9.1":1.210833},"6":{"28":0.010218,"36":0.010218,"37":0.010218,"38":0.010218,"41":0.122616,"42":0.056199,"10.0-10.1":0,"12.1":0.020436},"7":{"8":0,"3.2":0,"4.0-4.1":0,"4.2-4.3":0,"5.0-5.1":0,"6.0-6.1":0,"7.0-7.1":0.421006933168,"8.1-8.4":0.639118958785,"9.0-9.2":0.428615492201,"9.3":2.71625557484,"10.0-10.2":20.347823041},"8":{"0":1.00884222804},"9":{"3":0,"4":0.0265163251689,"2.1":0,"2.2":0,"2.3":0,"4.1":0.0871250684122,"4.2-4.3":0.249469916385,"4.4":0.575241911318,"4.4.3-4.4.4":0.343088778716},"10":{"7":0.0073365},"11":{"0":0.0769597719569,"10":0,"11":0,"12":0,"11.1":0,"11.5":0,"12.1":0},"12":{"0":15.972441},"13":{"0":0.053801},"14":{"10":0.0674958,"11":0.2699832},"15":{"0":1.702068},"16":{"0":4.147568}}