{"1":{"11":9.31684},"2":{"12":0.105616,"13":0.082984,"14":5.793792},"3":{"36":0.082984,"39":0.052808,"43":0.135792,"45":0.663872,"46":0.030176,"48":0.052808,"49":0.739312,"50":9.76948,"51":0.739312},"4":{"27":0.105616,"49":0.475272,"51":0.347024,"53":0.105616,"54":0.316848,"55":31.367952,"56":1.478624,"57":0.030176},"5":{"4":0,"8":0.399832,"9":2.172672,"10":7.196976,"5.1":0.26404,"6.1":0.030176,"9.1":2.700752},"6":{"42":0.739312,"10.0-10.1":0},"7":{"8":0,"3.2":0,"4.0-4.1":0,"4.2-4.3":0,"5.0-5.1":0,"6.0-6.1":0.0591201964343,"7.0-7.1":0.277864923241,"8.1-8.4":0.334029109854,"9.0-9.2":0.150756500907,"9.3":1.29768831173,"10.0-10.2":11.7250129578},"8":{"0":0.0637165764192},"9":{"3":0,"4":0.00130601914708,"2.1":0,"2.2":0,"2.3":0,"4.1":0.00422372149695,"4.2-4.3":0.0128656779809,"4.4":0.0291492358573,"4.4.3-4.4.4":0.0163113455178},"10":{"7":0},"11":{"0":0.000139423580786,"10":0,"11":0,"12":0,"11.1":0,"11.5":0,"12.1":0},"12":{"0":4.16292},"13":{},"14":{"10":0.0111593009709,"11":0.0526966990291},"15":{},"16":{"0":4.000824}}