{"1":{"6":0.00537260450997,"7":0.00537260450997,"8":0.182668553339,"9":0.182668553339,"10":0.161178135299,"11":5.65197994449},"2":{"12":0.063372,"13":0.274612,"14":2.883426},"3":{"16":0.005281,"24":0.005281,"29":0.005281,"31":0.010562,"33":0.005281,"34":0.005281,"35":0.010562,"36":0.010562,"37":0.026405,"38":0.058091,"39":0.015843,"40":0.015843,"41":0.026405,"42":0.015843,"43":0.036967,"44":0.031686,"45":0.174273,"46":0.031686,"47":0.116182,"48":0.179554,"49":0.084496,"50":0.311579,"51":4.826834,"52":0.095058,"3.6":0.010562},"4":{"11":0.010562,"22":0.015843,"26":0.015843,"29":0.005281,"30":0.010562,"31":0.021124,"32":0.026405,"33":0.015843,"34":0.031686,"35":0.021124,"36":0.073934,"37":0.015843,"38":0.047529,"39":0.036967,"40":0.026405,"41":0.042248,"42":0.031686,"43":0.068653,"44":0.058091,"45":0.227083,"46":0.063372,"47":0.079215,"48":0.063372,"49":0.987547,"50":0.15843,"51":0.221802,"52":0.221802,"53":0.290455,"54":0.496414,"55":7.615202,"56":19.492171,"57":0.079215,"58":0.047529},"5":{"4":0,"5":0.047529,"6":0.010562,"7":0.036967,"8":0.242926,"9":0.290455,"10":3.506584,"5.1":0.100339,"6.1":0.089777,"7.1":0.010562,"9.1":1.0562,"10.1":0.015843},"6":{"28":0.010562,"36":0.010562,"38":0.005281,"42":0.058091,"43":0.10562,"10.0-10.1":0,"12.1":0.015843},"7":{"8":0,"3.2":0,"4.0-4.1":0,"4.2-4.3":0,"5.0-5.1":0,"6.0-6.1":0.136612575066,"7.0-7.1":0.603157406897,"8.1-8.4":0.822253046154,"9.0-9.2":0.162388532626,"9.3":2.22962032891,"10.0-10.2":20.3398081103},"8":{"0":0.607550567686},"9":{"3":0,"4":0.022074829932,"2.1":0,"2.2":0,"2.3":0,"4.1":0.0662244897959,"4.2-4.3":0.213242857143,"4.4":0.471076870748,"4.4.3-4.4.4":0.265780952381},"10":{"7":0.0059},"11":{"0":0.00132943231441,"10":0,"11":0,"12":0,"11.1":0,"11.5":0,"12.1":0},"12":{"0":15.570778},"13":{"0":0.0472},"14":{"10":0.0470166990291,"11":0.222023300971},"15":{"0":1.4632},"16":{"0":3.9176},"17":{}}