{"1":{"6":0.0441940433735,"7":0.0331455325301,"8":0.508231498795,"9":0.336979580723,"10":0.342503836145,"11":7.87758823133},"2":{"12":0.059972,"13":0.2726,"14":2.742356},"3":{"3":0.016356,"11":0.010904,"12":0.005452,"16":0.010904,"21":0.021808,"24":0.010904,"25":0.005452,"27":0.005452,"28":0.005452,"29":0.010904,"30":0.005452,"31":0.02726,"32":0.005452,"33":0.010904,"34":0.010904,"35":0.016356,"36":0.02726,"37":0.02726,"38":0.059972,"39":0.016356,"40":0.016356,"41":0.038164,"42":0.016356,"43":0.076328,"44":0.021808,"45":0.234436,"46":0.092684,"47":0.294408,"48":0.35438,"49":0.179916,"50":4.519708,"51":0.528844,"52":0.010904,"3.6":0.016356},"4":{"11":0.016356,"18":0.010904,"21":0.010904,"22":0.016356,"23":0.005452,"25":0.010904,"26":0.005452,"27":0.021808,"28":0.005452,"29":0.016356,"31":0.021808,"32":0.021808,"33":0.010904,"34":0.021808,"35":0.02726,"36":0.08178,"37":0.032712,"38":0.038164,"39":0.043616,"40":0.043616,"41":0.119944,"42":0.065424,"43":0.234436,"44":0.087232,"45":0.076328,"46":0.05452,"47":0.059972,"48":0.1363,"49":1.101304,"50":0.147204,"51":0.62698,"52":0.278052,"53":0.338024,"54":0.986812,"55":23.945184,"56":0.32712,"57":0.049068,"58":0.010904},"5":{"4":0.02726,"5":0.043616,"6":0.010904,"7":0.038164,"8":0.19082,"9":0.207176,"10":3.145804,"5.1":0.10904,"6.1":0.076328,"7.1":0.016356,"9.1":1.079496},"6":{"28":0.02726,"36":0.010904,"38":0.070876,"39":0.005452,"41":0.005452,"42":0.16356,"10.0-10.1":0,"12.1":0.016356},"7":{"8":0,"3.2":0,"4.0-4.1":0,"4.2-4.3":0,"5.0-5.1":0,"6.0-6.1":0.0897264310879,"7.0-7.1":0.421714226113,"8.1-8.4":0.506954335646,"9.0-9.2":0.228802399274,"9.3":1.96949516238,"10.0-10.2":17.7949944455},"8":{"0":0.34028040393},"9":{"3":0,"4":0.0221334821584,"2.1":0,"2.2":0,"2.3":0,"4.1":0.0715806231506,"4.2-4.3":0.218038345518,"4.4":0.494000484769,"4.4.3-4.4.4":0.276433064404},"10":{"7":0.040923},"11":{"0":0.000744596069869,"10":0,"11":0,"12":0,"11.1":0,"11.5":0,"12.1":0},"12":{"0":19.49363},"13":{"0":0.054564},"14":{"10":0.0437041747573,"11":0.206380825243},"15":{"0":0.354666},"16":{"0":2.869157}}