{"1":{"8":0.030832,"11":8.802536},"2":{"13":0.084788,"14":2.836544},"3":{"38":0.084788,"45":1.957832,"48":0.470188,"49":0.146452,"50":0.23124,"51":9.473132,"53":0.354568,"54":0.262072},"4":{"27":0.23124,"44":0.030832,"47":0.146452,"48":0.061664,"49":0.23124,"51":0.292904,"52":2.512808,"53":0.208116,"54":0.817048,"55":10.968484,"56":28.010872},"5":{"4":0,"6":0.030832,"9":1.402856,"10":4.47064,"5.1":0.030832,"7.1":0.030832,"9.1":2.366356,"10.1":0.262072},"6":{"43":0.061664,"10.0-10.1":0},"7":{"8":0,"3.2":0,"4.0-4.1":0,"4.2-4.3":0,"5.0-5.1":0,"6.0-6.1":0.0707898366048,"7.0-7.1":0.312543806897,"8.1-8.4":0.426074676923,"9.0-9.2":0.0841464095491,"9.3":1.15534355968,"10.0-10.2":10.5396717103},"8":{"0":0},"9":{"3":0,"4":0.00268101615646,"2.1":0,"2.2":0,"2.3":0,"4.1":0.00804304846939,"4.2-4.3":0.0258986160714,"4.4":0.0572128847789,"4.4.3-4.4.4":0.0322794345238},"10":{"7":0},"11":{"0":0,"10":0,"11":0,"12":0,"11.1":0,"11.5":0,"12.1":0},"12":{"0":6.103966},"13":{},"14":{"10":0.127027747573,"11":0.599853252427},"15":{"0":0.032102},"16":{"0":2.024719},"17":{}}