{"1":{"10":0.30852,"11":4.12217},"2":{"12":0.05142,"13":0.05142,"14":1.7997},"3":{"45":1.87683,"48":0.11141,"49":0.05142,"50":12.47792},"4":{"44":0.0857,"47":0.16283,"49":0.22282,"51":0.27424,"53":0.02571,"54":32.4803,"55":11.03816,"57":0.02571},"5":{"4":0,"8":7.57588,"9":0.69417,"10":8.33004,"5.1":0.30852,"6.1":0.02571,"9.1":2.59671},"6":{"41":0.0857,"42":0.35994,"10.0-10.1":0},"7":{"8":0,"3.2":0,"4.0-4.1":0,"4.2-4.3":0,"5.0-5.1":0,"6.0-6.1":0,"7.0-7.1":0.0995274682368,"8.1-8.4":0.15108989154,"9.0-9.2":0.101326157422,"9.3":0.642132039046,"10.0-10.2":4.81029444376},"8":{"0":0.139507627119},"9":{"3":0,"4":0.00372838682432,"2.1":0,"2.2":0,"2.3":0,"4.1":0.0122504138514,"4.2-4.3":0.0350772719595,"4.4":0.0808831672297,"4.4.3-4.4.4":0.0482407601351},"10":{"7":0},"11":{"0":0.0106423728814,"10":0,"11":0,"12":0,"11.1":0,"11.5":0,"12.1":0},"12":{"0":6.12895},"13":{},"14":{"10":0.018018,"11":0.072072},"15":{},"16":{"0":1.43572}}