{"1":{"6":0.0186317419355,"7":0.0248423225806,"8":0.403687741935,"9":0.167685677419,"10":0.186317419355,"11":1.50917109677},"2":{"12":0.054432,"13":0.127008,"14":0.677376},"3":{"3":0.012096,"8":0.036288,"12":0.006048,"21":0.006048,"23":0.006048,"25":0.006048,"26":0.006048,"27":0.066528,"28":0.006048,"29":0.012096,"30":0.006048,"31":0.024192,"33":0.018144,"34":0.012096,"35":0.012096,"36":0.012096,"37":0.018144,"38":0.042336,"39":0.018144,"40":0.03024,"41":0.024192,"42":0.018144,"43":0.09072,"44":0.018144,"45":0.108864,"46":0.042336,"47":0.247968,"48":0.193536,"49":0.102816,"50":4.040064,"51":0.489888,"52":0.012096,"3.6":0.024192},"4":{"11":0.012096,"18":0.012096,"22":0.036288,"25":0.006048,"26":0.024192,"27":0.012096,"29":0.018144,"30":0.006048,"31":0.03024,"32":0.229824,"33":0.012096,"34":0.036288,"35":0.254016,"36":1.324512,"37":0.024192,"38":0.042336,"39":0.042336,"40":0.03024,"41":0.03024,"42":0.03024,"43":0.163296,"44":0.066528,"45":0.054432,"46":0.084672,"47":1.27008,"48":0.127008,"49":2.352672,"50":0.12096,"51":0.586656,"52":0.24192,"53":0.338688,"54":0.592704,"55":39.124512,"56":0.610848,"57":0.066528},"5":{"4":0.006048,"5":0.012096,"7":0.012096,"8":0.066528,"9":0.066528,"10":0.731808,"5.1":0.018144,"6.1":0.012096,"9.1":0.235872},"6":{"28":0.006048,"36":0.018144,"38":0.042336,"41":0.006048,"42":0.381024,"10.0-10.1":0,"12.1":0.012096},"7":{"8":0,"3.2":0,"4.0-4.1":0,"4.2-4.3":0,"5.0-5.1":0,"6.0-6.1":0.0146654766734,"7.0-7.1":0.0689277403651,"8.1-8.4":0.0828599432049,"9.0-9.2":0.0373969655172,"9.3":0.321907212982,"10.0-10.2":2.90853066126},"8":{"0":1.10414393013},"9":{"3":0,"4":0.0565799825936,"2.1":0,"2.2":0,"2.3":0,"4.1":0.182982071366,"4.2-4.3":0.557373020017,"4.4":1.26281705831,"4.4.3-4.4.4":0.706647867711},"10":{"7":0.025688},"11":{"0":0.002416069869,"10":0,"11":0,"12":0,"11.1":0,"11.5":0,"12.1":0},"12":{"0":29.253456},"13":{"0":0.01976},"14":{"10":0.183710446602,"11":0.867521553398},"15":{"0":0.466336},"16":{"0":1.833728}}