{"1":{"6":0.0379912594632,"7":0.0379912594632,"8":0.434185822436,"9":0.325639366827,"10":0.260511493462,"11":6.77329883001},"2":{"12":0.0642,"13":0.30495,"14":2.568},"3":{"3":0.01605,"11":0.0107,"12":0.00535,"16":0.0107,"21":0.01605,"24":0.0107,"25":0.00535,"27":0.00535,"28":0.0107,"29":0.01605,"30":0.00535,"31":0.02675,"32":0.00535,"33":0.01605,"34":0.0107,"35":0.01605,"36":0.02675,"37":0.0214,"38":0.06955,"39":0.0214,"40":0.0214,"41":0.03745,"42":0.0214,"43":0.0963,"44":0.02675,"45":0.214,"46":0.107,"47":0.35845,"48":0.3317,"49":0.29425,"50":4.90595,"51":0.0428,"3.6":0.01605},"4":{"11":0.01605,"18":0.0107,"21":0.0107,"22":0.0107,"23":0.00535,"25":0.0107,"26":0.00535,"27":0.0214,"29":0.01605,"31":0.01605,"32":0.01605,"33":0.0107,"34":0.02675,"35":0.0214,"36":0.05885,"37":0.03745,"38":0.03745,"39":0.03745,"40":0.0428,"41":0.12305,"42":0.0749,"43":0.23005,"44":0.107,"45":0.08025,"46":0.05885,"47":0.0642,"48":0.16585,"49":1.16095,"50":0.17655,"51":0.7383,"52":0.3638,"53":0.535,"54":13.7709,"55":11.20825,"56":0.0642,"57":0.04815},"5":{"4":0.02675,"5":0.04815,"6":0.0107,"7":0.04815,"8":0.2033,"9":0.23005,"10":2.8462,"5.1":0.12305,"6.1":0.08025,"7.1":0.01605,"9.1":1.1342},"6":{"28":0.0107,"36":0.0107,"37":0.0107,"38":0.0856,"41":0.1391,"42":0.05885,"10.0-10.1":0,"12.1":0.02675},"7":{"8":0,"3.2":0,"4.0-4.1":0,"4.2-4.3":0,"5.0-5.1":0,"6.0-6.1":0,"7.0-7.1":0.35848443322,"8.1-8.4":0.544205284165,"9.0-9.2":0.364963067555,"9.3":2.3128724577,"10.0-10.2":17.3260277574},"8":{"0":0.393073308166},"9":{"3":0,"4":0.0260701313345,"2.1":0,"2.2":0,"2.3":0,"4.1":0.0856590029561,"4.2-4.3":0.245272051943,"4.4":0.565562236909,"4.4.3-4.4.4":0.337315576858},"10":{"7":0.0441655},"11":{"0":0.0299856918336,"10":0,"11":0,"12":0,"11.1":0,"11.5":0,"12.1":0},"12":{"0":20.460098},"13":{"0":0.055788},"14":{"10":0.055788,"11":0.223152},"15":{"0":0.357973},"16":{"0":2.845188}}