{"1":{"6":0.0239586375,"7":0.0171133125,"8":0.403874175,"9":0.2019370875,"10":0.184823775,"11":1.9064230125},"2":{"12":0.03531,"13":0.08988,"14":0.45261},"3":{"3":0.03852,"4":0.00963,"5":0.00321,"6":0.00321,"8":0.01605,"10":0.00642,"11":0.00642,"12":0.01284,"13":0.00642,"14":0.00642,"15":0.00642,"16":0.00642,"17":0.00642,"18":0.00642,"19":0.00642,"20":0.00642,"21":0.00642,"22":0.00642,"23":0.00642,"24":0.00642,"25":0.00642,"26":0.00642,"27":0.00642,"28":0.00642,"29":0.01284,"30":0.01284,"31":0.0321,"32":0.00963,"33":0.01284,"34":0.01605,"35":0.01605,"36":0.01605,"37":0.01926,"38":0.02889,"39":0.02247,"40":0.02247,"41":0.01926,"42":0.01926,"43":0.0963,"44":0.09309,"45":0.0642,"46":0.04173,"47":0.18297,"48":0.12198,"49":0.0963,"50":2.19243,"51":0.39804,"52":0.0321,"3.5":0.00321,"3.6":0.01605},"4":{"6":0.00321,"10":0.00642,"11":0.02889,"12":0.00963,"13":0.00321,"14":0.00642,"15":0.00642,"16":0.00642,"17":0.00642,"18":0.00963,"19":0.00642,"20":0.00963,"21":0.01605,"22":0.05136,"23":0.01284,"24":0.00963,"25":0.01605,"26":0.02568,"27":0.01605,"28":0.01926,"29":0.02247,"30":0.01926,"31":0.15087,"32":0.02889,"33":0.04494,"34":0.03531,"35":0.01926,"36":0.05778,"37":0.01284,"38":0.03531,"39":0.0321,"40":0.01926,"41":0.01926,"42":0.03852,"43":0.2247,"44":0.04494,"45":0.5778,"46":0.0642,"47":0.13161,"48":0.09309,"49":1.30326,"50":0.17976,"51":0.28569,"52":0.1605,"53":0.2568,"54":0.39483,"55":17.2698,"56":0.29853,"57":0.07704},"5":{"4":0.00642,"5":0.00642,"6":0.00321,"7":0.00963,"8":0.03852,"9":0.03531,"10":0.37236,"5.1":0.01926,"6.1":0.00963,"7.1":0.00321,"9.1":0.12519},"6":{"12":0.00321,"28":0.00642,"36":0.01926,"37":0.00963,"38":0.02247,"39":0.00321,"40":0.00321,"41":0.00963,"42":0.27285,"10.0-10.1":0,"12.1":0.01605},"7":{"8":0,"3.2":0,"4.0-4.1":0,"4.2-4.3":0,"5.0-5.1":0,"6.0-6.1":0.0296623038326,"7.0-7.1":0.139412828013,"8.1-8.4":0.167592016654,"9.0-9.2":0.0756388747731,"9.3":0.651087569126,"10.0-10.2":5.8827764076},"8":{"0":4.64099465066},"9":{"3":0,"4":0.0694364664926,"2.1":0,"2.2":0,"2.3":0,"4.1":0.22456048738,"4.2-4.3":0.684023063534,"4.4":1.54976283725,"4.4.3-4.4.4":0.867217145344},"10":{"7":0.044135},"11":{"0":0.010155349345,"10":0,"11":0,"12":0,"11.1":0,"11.5":0,"12.1":0},"12":{"0":30.23035},"13":{"0":0.02037},"14":{"10":0.0676363106796,"11":0.31939368932},"15":{"0":17.68795},"16":{"0":4.21659}}