{"1":{"7":0.0104094848222,"8":0.182165984389,"9":0.202984954033,"10":0.182165984389,"11":5.41813684996},"2":{"12":0.066508,"13":0.30696,"14":2.783104},"3":{"24":0.005116,"28":0.005116,"29":0.005116,"30":0.005116,"31":0.010232,"33":0.010232,"34":0.010232,"35":0.010232,"36":0.010232,"37":0.020464,"38":0.066508,"39":0.020464,"40":0.015348,"41":0.02558,"42":0.015348,"43":0.040928,"44":0.040928,"45":0.173944,"46":0.030696,"47":0.138132,"48":0.189292,"49":0.10232,"50":4.793692,"51":0.572992,"52":0.015348,"3.6":0.010232},"4":{"11":0.015348,"18":0.005116,"22":0.015348,"26":0.02558,"29":0.005116,"30":0.010232,"31":0.02558,"32":0.02558,"33":0.015348,"34":0.040928,"35":0.02558,"36":0.097204,"37":0.015348,"38":0.056276,"39":0.035812,"40":0.02558,"41":0.040928,"42":0.040928,"43":0.066508,"44":0.056276,"45":0.225104,"46":0.05116,"47":0.081856,"48":0.071624,"49":1.038548,"50":0.15348,"51":0.23022,"52":0.250684,"53":0.317192,"54":0.864604,"55":24.843296,"56":0.327424,"57":0.056276},"5":{"4":0,"5":0.046044,"6":0.015348,"7":0.046044,"8":0.245568,"9":0.291612,"10":3.130992,"5.1":0.112552,"6.1":0.086972,"7.1":0.010232,"9.1":1.130636},"6":{"28":0.010232,"36":0.010232,"38":0.010232,"42":0.15348,"10.0-10.1":0,"12.1":0.015348},"7":{"8":0,"3.2":0,"4.0-4.1":0,"4.2-4.3":0,"5.0-5.1":0,"6.0-6.1":0.105156946728,"7.0-7.1":0.494237649621,"8.1-8.4":0.594136749012,"9.0-9.2":0.268150214156,"9.3":2.30819498068,"10.0-10.2":20.8552514598},"8":{"0":0.799227144105},"9":{"3":0,"4":0.0244731331593,"2.1":0,"2.2":0,"2.3":0,"4.1":0.079147154047,"4.2-4.3":0.241086396867,"4.4":0.546219503916,"4.4.3-4.4.4":0.30565381201},"10":{"7":0.006105},"11":{"0":0.0017488558952,"10":0,"11":0,"12":0,"11.1":0,"11.5":0,"12.1":0},"12":{"0":15.911096},"13":{"0":0.053724},"14":{"10":0.0520643883495,"11":0.24585961165},"15":{"0":1.75824},"16":{"0":4.283268}}