{"1":{"6":0.0186535909091,"7":0.0186535909091,"8":0.348200363636,"9":0.279803863636,"10":0.304675318182,"11":5.04890527273},"2":{"12":0.079924,"13":0.301252,"14":2.42846},"3":{"2":0.03074,"3":0.012296,"4":0.006148,"12":0.012296,"15":0.03074,"16":0.012296,"18":0.03074,"20":0.012296,"21":0.036888,"23":0.03074,"24":0.018444,"25":0.067628,"26":0.012296,"28":0.012296,"29":0.012296,"30":0.012296,"31":0.03074,"32":0.012296,"33":0.012296,"34":0.024592,"35":0.024592,"36":0.024592,"37":0.03074,"38":0.135256,"39":0.036888,"40":0.03074,"41":0.036888,"42":0.06148,"43":0.135256,"44":0.036888,"45":0.344288,"46":0.202884,"47":0.375028,"48":0.405768,"49":0.405768,"50":8.644088,"51":1.125084,"52":0.024592,"3.5":0.012296,"3.6":0.043036},"4":{"11":0.024592,"16":0.006148,"18":0.018444,"19":0.03074,"21":0.012296,"22":0.036888,"23":0.006148,"24":0.086072,"25":0.012296,"26":0.018444,"27":0.006148,"28":0.006148,"29":0.012296,"30":0.036888,"31":0.036888,"32":0.043036,"33":0.012296,"34":0.049184,"35":0.110664,"36":0.190588,"37":0.049184,"38":0.049184,"39":0.06148,"40":0.03074,"41":0.055332,"42":0.049184,"43":0.141404,"44":0.043036,"45":0.055332,"46":0.049184,"47":0.086072,"48":0.098368,"49":1.881288,"50":0.221328,"51":0.565616,"52":0.159848,"53":0.24592,"54":0.627096,"55":26.608544,"56":0.411916,"57":0.055332},"5":{"4":0.018444,"5":0.067628,"6":0.006148,"7":0.03074,"8":0.141404,"9":0.18444,"10":2.42846,"5.1":0.098368,"6.1":0.067628,"7.1":0.006148,"9.1":0.694724},"6":{"12":0.024592,"27":0.006148,"28":0.012296,"36":0.098368,"37":0.012296,"38":0.067628,"39":0.006148,"40":0.006148,"41":0.036888,"42":1.01442,"43":0.012296,"10.0-10.1":0.024592,"11.6":0.012296,"12.1":0.27666},"7":{"8":0,"3.2":0,"4.0-4.1":0,"4.2-4.3":0,"5.0-5.1":0,"6.0-6.1":0.0455926678766,"7.0-7.1":0.21428553902,"8.1-8.4":0.257598573503,"9.0-9.2":0.116261303085,"9.3":1.00075905989,"10.0-10.2":9.04216585662},"8":{"0":0.461350480349},"9":{"3":0,"4":0.0364073289817,"2.1":0,"2.2":0,"2.3":0,"4.1":0.117742851175,"4.2-4.3":0.358650921671,"4.4":0.812580597911,"4.4.3-4.4.4":0.454704300261},"10":{"7":0.02600775},"11":{"0":0.00100951965066,"10":0,"11":0,"12":0,"11.1":0,"11.5":0,"12.1":0},"12":{"0":20.683118},"13":{"0":0.046236},"14":{"10":0.115141106796,"11":0.543721893204},"15":{"0":0.393006},"16":{"0":3.826029}}