{"1":{"6":0.0188468040904,"7":0.0251290721206,"8":0.326677937567,"9":0.251290721206,"10":0.245008453175,"11":4.96927401184},"2":{"12":0.086646,"13":0.328017,"14":2.258985},"3":{"2":0.006189,"3":0.012378,"4":0.006189,"5":0.006189,"6":0.006189,"10":0.006189,"12":0.018567,"16":0.018567,"17":0.006189,"18":0.006189,"20":0.012378,"21":0.012378,"22":0.006189,"23":0.006189,"24":0.018567,"25":0.018567,"26":0.006189,"27":0.006189,"28":0.012378,"29":0.012378,"30":0.012378,"31":0.030945,"32":0.012378,"33":0.018567,"34":0.030945,"35":0.030945,"36":0.030945,"37":0.030945,"38":0.148536,"39":0.037134,"40":0.037134,"41":0.043323,"42":0.06189,"43":0.142347,"44":0.055701,"45":0.278505,"46":0.241371,"47":0.482742,"48":0.396096,"49":0.612711,"50":9.642462,"51":0.092835,"52":0.006189,"3.5":0.012378,"3.6":0.037134},"4":{"11":0.024756,"16":0.012378,"18":0.012378,"21":0.012378,"22":0.037134,"23":0.006189,"24":0.006189,"25":0.012378,"26":0.018567,"27":0.012378,"28":0.006189,"29":0.018567,"30":0.006189,"31":0.043323,"32":0.030945,"33":0.018567,"34":0.049512,"35":0.049512,"36":0.12378,"37":0.043323,"38":0.049512,"39":0.06189,"40":0.037134,"41":0.06189,"42":0.055701,"43":0.160914,"44":0.049512,"45":0.055701,"46":0.055701,"47":0.086646,"48":0.12378,"49":1.992858,"50":0.259938,"51":0.711735,"52":0.228993,"53":0.334206,"54":14.216133,"55":13.312539,"56":0.080457,"57":0.030945},"5":{"4":0.018567,"5":0.049512,"6":0.012378,"7":0.037134,"8":0.160914,"9":0.198048,"10":2.221851,"5.1":0.117591,"6.1":0.068079,"7.1":0.012378,"9.1":0.748869},"6":{"12":0.024756,"28":0.012378,"35":0.006189,"36":0.099024,"37":0.024756,"38":0.092835,"39":0.012378,"40":0.012378,"41":0.779814,"42":0.383718,"43":0.006189,"10.0-10.1":0,"11.6":0.012378,"12.1":0.334206},"7":{"8":0,"3.2":0,"4.0-4.1":0,"4.2-4.3":0,"5.0-5.1":0,"6.0-6.1":0,"7.0-7.1":0.170666244396,"8.1-8.4":0.259083696312,"9.0-9.2":0.173750574114,"9.3":1.10110570933,"10.0-10.2":8.24852577585},"8":{"0":0.548980862866},"9":{"3":0,"4":0.0418853158784,"2.1":0,"2.2":0,"2.3":0,"4.1":0.137623180743,"4.2-4.3":0.394063890203,"4.4":0.908654913851,"4.4.3-4.4.4":0.541944699324},"10":{"7":0.031449},"11":{"0":0.0418791371341,"10":0,"11":0,"12":0,"11.1":0,"11.5":0,"12.1":0},"12":{"0":20.631944},"13":{"0":0.049556},"14":{"10":0.1494304,"11":0.5977216},"15":{"0":0.411696},"16":{"0":3.770068}}