{"1":{"8":1.4582,"9":2.47894,"10":1.633184,"11":9.471009},"3":{"10":0.029164,"12":0.051037,"21":0.029164,"26":0.051037,"27":0.029164,"29":0.029164,"30":4.031923,"31":10.827135,"32":0.051037},"4":{"11":0.080201,"21":0.051037,"22":0.080201,"24":0.029164,"26":0.131238,"28":0.102074,"31":0.51037,"32":0.306222,"33":2.223755,"34":0.204148,"35":1.407163,"36":28.87236,"38":0.080201},"5":{"4":0,"5":0.233312,"6":0.102074,"7":6.05153,"8":0.029164,"5.1":0.765555,"6.1":0.561407},"6":{"21":0.051037,"23":0.051037,"24":0.051037,"10.0-10.1":0,"12.1":0.539534},"7":{"8":0,"3.2":0,"4.0-4.1":0,"4.2-4.3":0,"5.0-5.1":0.0939043474576,"6.0-6.1":0.473354567797,"7.0-7.1":8.93049508475},"8":{"5.0-7.0":0.0239596},"9":{"3":0,"4":0.648893454545,"2.1":0.00612163636364,"2.2":0.0428514545455,"2.3":0.832542545455,"4.1":1.62223363636,"4.2-4.3":1.69569327273,"4.4":1.279422},"10":{"7":0.40838175},"11":{"10":0,"11":0,"12":0.0000648307692308,"11.1":0,"11.5":0,"12.1":0.000356569230769},"12":{"0":8.88552},"13":{"0":0.051471},"14":{"10":0.09419193}}