{"1":{"6":0.0469731415241,"7":0.0730693312597,"8":0.668062457232,"9":0.229646469673,"10":0.27140037325,"11":2.06159898911},"2":{"12":0.05195,"13":0.109095,"14":0.64418},"3":{"2":0.005195,"3":0.005195,"6":0.005195,"11":0.005195,"12":0.02078,"15":0.01039,"16":0.005195,"20":0.005195,"24":0.005195,"26":0.005195,"27":0.015585,"29":0.015585,"30":0.01039,"31":0.015585,"32":0.005195,"33":0.01039,"34":0.01039,"35":0.01039,"36":0.015585,"37":0.02078,"38":0.03117,"39":0.02078,"40":0.025975,"41":0.015585,"42":0.015585,"43":0.08312,"44":0.015585,"45":0.09351,"46":0.03117,"47":0.18702,"48":0.13507,"49":0.140265,"50":4.23912,"51":0.025975,"3.5":0.01039,"3.6":0.015585},"4":{"11":0.01039,"12":0.005195,"18":0.015585,"21":0.01039,"22":0.025975,"25":0.005195,"26":0.03117,"27":0.025975,"28":0.005195,"29":0.005195,"30":0.005195,"31":0.03117,"32":0.02078,"33":0.01039,"34":0.057145,"35":0.077925,"36":0.109095,"37":0.03117,"38":0.05195,"39":0.046755,"40":0.025975,"41":0.036365,"42":0.04156,"43":0.11429,"44":0.077925,"45":0.05195,"46":0.088315,"47":0.11429,"48":0.077925,"49":3.98976,"50":0.098705,"51":0.358455,"52":0.19741,"53":0.296115,"54":15.985015,"55":17.740925,"56":0.08312,"57":0.02078},"5":{"4":0,"5":0.01039,"7":0.005195,"8":0.036365,"9":0.036365,"10":0.410405,"5.1":0.015585,"6.1":0.015585,"9.1":0.13507},"6":{"36":0.025975,"37":0.015585,"38":0.01039,"41":0.202605,"42":0.1039,"10.0-10.1":0,"12.1":0.02078},"7":{"8":0,"3.2":0,"4.0-4.1":0,"4.2-4.3":0,"5.0-5.1":0,"6.0-6.1":0,"7.0-7.1":0.0463039004235,"8.1-8.4":0.0702926681128,"9.0-9.2":0.047140717901,"9.3":0.298743839479,"10.0-10.2":2.23792887408},"8":{"0":1.16968063174},"9":{"3":0,"4":0.0552818496622,"2.1":0,"2.2":0,"2.3":0,"4.1":0.181640363176,"4.2-4.3":0.52010066723,"4.4":1.19927767736,"4.4.3-4.4.4":0.715279442568},"10":{"7":0.01561625},"11":{"0":0.0892293682589,"10":0,"11":0,"12":0,"11.1":0,"11.5":0,"12.1":0},"12":{"0":38.105535},"13":{"0":0.014415},"14":{"10":0.396893,"11":1.587572},"15":{"0":0.197005},"16":{"0":1.67214}}