{"1":{"6":0.0457140184615,"7":0.06603136,"8":0.690789612308,"9":0.193014744615,"10":0.269204775385,"11":2.03681348923},"2":{"12":0.055616,"13":0.106176,"14":0.687616},"3":{"3":0.005056,"11":0.010112,"12":0.015168,"15":0.010112,"21":0.005056,"27":0.010112,"28":0.010112,"29":0.015168,"30":0.010112,"31":0.010112,"32":0.005056,"33":0.010112,"34":0.010112,"35":0.010112,"36":0.010112,"37":0.020224,"38":0.030336,"39":0.020224,"40":0.030336,"41":0.015168,"42":0.010112,"43":0.07584,"44":0.015168,"45":0.091008,"46":0.02528,"47":0.161792,"48":0.121344,"49":0.085952,"50":3.781888,"51":0.42976,"52":0.005056,"3.5":0.005056,"3.6":0.010112},"4":{"11":0.015168,"12":0.005056,"18":0.015168,"21":0.010112,"22":0.02528,"25":0.005056,"26":0.035392,"27":0.020224,"29":0.005056,"30":0.005056,"31":0.035392,"32":0.02528,"33":0.010112,"34":0.055616,"35":0.091008,"36":0.166848,"37":0.030336,"38":0.05056,"39":0.040448,"40":0.02528,"41":0.035392,"42":0.040448,"43":0.111232,"44":0.070784,"45":0.055616,"46":0.085952,"47":0.106176,"48":0.065728,"49":3.81728,"50":0.085952,"51":0.338752,"52":0.171904,"53":0.217408,"54":0.389312,"55":32.262336,"56":0.419648,"57":0.030336},"5":{"4":0,"5":0.005056,"7":0.005056,"8":0.030336,"9":0.02528,"10":0.3792,"5.1":0.015168,"6.1":0.010112,"9.1":0.121344},"6":{"28":0.010112,"36":0.02528,"38":0.015168,"41":0.005056,"42":0.283136,"10.0-10.1":0,"12.1":0.015168},"7":{"8":0,"3.2":0,"4.0-4.1":0,"4.2-4.3":0,"5.0-5.1":0,"6.0-6.1":0.011464041849,"7.0-7.1":0.0538809966905,"8.1-8.4":0.0647718364471,"9.0-9.2":0.0292333067151,"9.3":0.251635718587,"10.0-10.2":2.27360609971},"8":{"0":1.21356848908},"9":{"3":0,"4":0.0497498067885,"2.1":0,"2.2":0,"2.3":0,"4.1":0.160892992167,"4.2-4.3":0.490088522193,"4.4":1.11037334726,"4.4.3-4.4.4":0.621343331593},"10":{"7":0.013596},"11":{"0":0.00265551091703,"10":0,"11":0,"12":0,"11.1":0,"11.5":0,"12.1":0},"12":{"0":39.257216},"13":{"0":0.009888},"14":{"10":0.366336,"11":1.72992},"15":{"0":0.22248},"16":{"0":1.972656}}