{"1":{"6":0.0407820979021,"7":0.0407820979021,"8":0.489385174825,"9":0.158030629371,"10":0.336452307692,"11":1.85048769231},"2":{"12":0.06096,"13":0.09652,"14":0.72136},"3":{"2":0.01016,"3":0.00508,"11":0.00508,"12":0.01524,"15":0.01016,"21":0.00508,"24":0.00508,"27":0.01524,"28":0.02032,"29":0.01524,"30":0.01016,"31":0.01524,"33":0.01016,"34":0.01016,"35":0.01016,"36":0.01016,"37":0.01524,"38":0.0254,"39":0.01524,"40":0.0254,"41":0.01524,"42":0.01524,"43":0.07112,"44":0.01524,"45":0.08636,"46":0.02032,"47":0.14732,"48":0.11684,"49":0.06604,"50":0.25908,"51":3.99288,"52":0.0254,"3.5":0.00508,"3.6":0.01016},"4":{"11":0.01016,"12":0.00508,"18":0.01524,"21":0.01016,"22":0.03048,"25":0.00508,"26":0.03556,"27":0.02032,"29":0.00508,"30":0.00508,"31":0.03048,"32":0.0254,"33":0.01016,"34":0.05588,"35":0.0762,"36":0.13716,"37":0.03048,"38":0.05588,"39":0.03556,"40":0.02032,"41":0.03048,"42":0.04064,"43":0.09652,"44":0.06604,"45":0.0508,"46":0.0762,"47":0.09144,"48":0.05588,"49":3.7084,"50":0.07112,"51":0.28956,"52":0.12192,"53":0.1778,"54":0.20828,"55":7.94512,"56":25.80132,"57":0.08636,"58":0.03556},"5":{"4":0,"5":0.01016,"7":0.00508,"8":0.03048,"9":0.03048,"10":0.43688,"5.1":0.01016,"6.1":0.01016,"9.1":0.15748},"6":{"36":0.02032,"38":0.01016,"42":0.1016,"43":0.21336,"10.0-10.1":0,"12.1":0.01524},"7":{"8":0,"3.2":0,"4.0-4.1":0,"4.2-4.3":0,"5.0-5.1":0,"6.0-6.1":0.0155764328912,"7.0-7.1":0.0687714206897,"8.1-8.4":0.0937524923077,"9.0-9.2":0.0185153824934,"9.3":0.254219140584,"10.0-10.2":2.31912513103},"8":{"0":1.17331257642},"9":{"3":0,"4":0.0471709183673,"2.1":0,"2.2":0,"2.3":0,"4.1":0.141512755102,"4.2-4.3":0.455671071429,"4.4":1.00662739796,"4.4.3-4.4.4":0.567937857143},"10":{"7":0.01107},"11":{"0":0.00256742358079,"10":0,"11":0,"12":0,"11.1":0,"11.5":0,"12.1":0},"12":{"0":38.95244},"13":{"0":0.01476},"14":{"10":0.369716504854,"11":1.74588349515},"15":{"0":0.21156},"16":{"0":2.091},"17":{}}