{"1":{"8":0.051252,"9":0.051252,"10":0.25626,"11":1.341094},"2":{"12":0.153756,"13":0.162298,"14":0.222092},"3":{"12":0.017084,"13":0.025626,"15":0.034168,"26":0.008542,"29":0.239176,"35":0.017084,"40":1.32401,"43":0.093962,"44":19.638058,"45":32.33147,"46":0.017084,"47":0.734612,"48":0.273344,"49":0.145214,"50":1.571728,"51":0.093962,"52":0.008542,"3.6":3.37409},"4":{"35":0.008542,"38":0.008542,"42":0.008542,"45":0.017084,"47":0.017084,"48":7.465708,"49":1.042124,"51":0.025626,"52":0.068336,"53":0.529604,"54":0.102504,"55":12.266312,"56":0.068336},"5":{"4":0.008542,"5":0.068336,"6":0.051252,"7":0.025626,"8":0.136672,"9":0.264802,"10":0.153756,"5.1":0.145214,"6.1":0.025626,"9.1":0.222092},"6":{"42":0.025626,"10.0-10.1":0},"7":{"8":0,"3.2":0,"4.0-4.1":0,"4.2-4.3":0,"5.0-5.1":0,"6.0-6.1":0.00924565816163,"7.0-7.1":0.0434545933597,"8.1-8.4":0.0522379686132,"9.0-9.2":0.0235764283122,"9.3":0.202942196648,"10.0-10.2":1.83364515491},"8":{"0":1.21830013537},"9":{"3":0,"4":0.0273856401218,"2.1":0,"2.2":0,"2.3":0,"4.1":0.0885663255004,"4.2-4.3":0.26977768886,"4.4":0.611224180592,"4.4.3-4.4.4":0.342029164926},"10":{"7":0.01056325},"11":{"0":0.00266586462882,"10":0,"11":0,"12":0,"11.1":0,"11.5":0,"12.1":0},"12":{"0":8.08055},"13":{"0":0.002914},"14":{"10":0.0188419805825,"11":0.0889760194175},"15":{"0":0.74307},"16":{"0":1.076723}}