{"1":{"8":0.0488660586907,"9":0.0488660586907,"10":0.887733399549,"11":2.62247848307},"2":{"12":0.138142,"13":0.455056,"14":0.24378},"3":{"15":0.089386,"33":0.008126,"36":0.032504,"37":0.016252,"40":1.186396,"42":0.008126,"43":0.20315,"44":21.314498,"45":24.70304,"47":0.698836,"48":0.276284,"49":0.04063,"50":1.568318,"51":0.048756,"3.6":5.127506},"4":{"27":0.008126,"38":0.008126,"40":0.008126,"41":0.016252,"43":0.016252,"44":0.032504,"46":0.048756,"47":0.260032,"48":4.168638,"49":0.845104,"50":0.008126,"51":0.048756,"52":0.073134,"53":1.795846,"54":6.305776,"55":5.48505,"56":0.048756},"5":{"4":0.016252,"5":0.097512,"6":0.146268,"7":0.024378,"8":0.08126,"9":0.08126,"10":0.511938,"5.1":0.20315,"6.1":0.065008,"9.1":0.617576},"6":{"33":0.016252,"37":0.016252,"41":0.024378,"10.0-10.1":0},"7":{"8":0,"3.2":0,"4.0-4.1":0,"4.2-4.3":0,"5.0-5.1":0,"6.0-6.1":0,"7.0-7.1":0.0472361822126,"8.1-8.4":0.0717079392625,"9.0-9.2":0.0480898481562,"9.3":0.304758741866,"10.0-10.2":2.2829872885},"8":{"0":1.63670366718},"9":{"3":0,"4":0.0329611908784,"2.1":0,"2.2":0,"2.3":0,"4.1":0.108301055743,"4.2-4.3":0.310104265203,"4.4":0.715056038851,"4.4.3-4.4.4":0.426477449324},"10":{"7":0.040291},"11":{"0":0.12485633282,"10":0,"11":0,"12":0,"11.1":0,"11.5":0,"12.1":0},"12":{"0":10.045398},"13":{"0":0.029984},"14":{"10":0.026236,"11":0.104944},"15":{"0":0.680262},"16":{"0":1.727828}}