{"1":{"8":0.090871,"9":0.066088,"10":0.099132,"11":1.445675},"2":{"12":0.156959,"13":0.206525,"14":0.437833},"3":{"17":0.049566,"26":0.016522,"33":0.024783,"35":0.016522,"37":0.008261,"40":2.189165,"42":0.016522,"43":0.024783,"44":14.836756,"45":31.14397,"46":0.008261,"47":3.692667,"48":0.132176,"49":0.24783,"50":0.16522,"51":2.156121,"52":0.041305,"3.6":3.436576},"4":{"11":0.016522,"18":0.008261,"33":0.024783,"34":0.016522,"38":0.008261,"41":0.008261,"43":0.016522,"45":0.024783,"46":0.049566,"47":0.33044,"48":5.088776,"49":0.693924,"51":0.049566,"52":0.033044,"53":0.685663,"54":0.066088,"55":3.007004,"56":9.516672,"57":0.024783},"5":{"4":0.008261,"5":0.132176,"6":0.08261,"7":0.041305,"8":0.313918,"9":0.264352,"10":0.223047,"5.1":0.363484,"6.1":0.016522,"9.1":0.239569},"6":{"42":0.016522,"43":0.008261,"10.0-10.1":0},"7":{"8":0,"3.2":0,"4.0-4.1":0,"4.2-4.3":0,"5.0-5.1":0,"6.0-6.1":0.0147956149602,"7.0-7.1":0.0653240358621,"8.1-8.4":0.0890528523077,"9.0-9.2":0.0175872404244,"9.3":0.241475602653,"10.0-10.2":2.20287165379},"8":{"0":1.37948643013},"9":{"3":0,"4":0.0318299107143,"2.1":0,"2.2":0,"2.3":0,"4.1":0.0954897321429,"4.2-4.3":0.3074769375,"4.4":0.679250294643,"4.4.3-4.4.4":0.383232125},"10":{"7":0},"11":{"0":0.003018569869,"10":0,"11":0,"12":0,"11.1":0,"11.5":0,"12.1":0},"12":{"0":9.454533},"13":{"0":0.003478},"14":{"10":0.0255278446602,"11":0.12054815534},"15":{"0":1.389461},"16":{"0":1.109482},"17":{}}