{"1":{"6":0.0118380298305,"7":0.0177570447458,"8":0.213084536949,"9":0.248598626441,"10":0.23676059661,"11":8.00250816542},"2":{"12":0.088665,"13":0.431503,"14":3.180118},"3":{"2":0.005911,"3":0.005911,"10":0.011822,"12":0.041377,"16":0.017733,"18":0.005911,"19":0.005911,"20":0.023644,"21":0.011822,"24":0.005911,"25":0.005911,"26":0.005911,"27":0.005911,"28":0.011822,"29":0.011822,"30":0.011822,"31":0.023644,"32":0.017733,"33":0.029555,"34":0.017733,"35":0.023644,"36":0.035466,"37":0.035466,"38":0.130042,"39":0.065021,"40":0.041377,"41":0.076843,"42":0.094576,"43":0.141864,"44":0.070932,"45":0.396037,"46":0.070932,"47":0.443325,"48":0.431503,"49":0.543812,"50":14.050447,"51":0.11822,"52":0.023644,"53":0.017733,"3.6":0.017733},"4":{"11":0.017733,"22":0.053199,"26":0.017733,"31":0.023644,"32":0.017733,"33":0.011822,"34":0.041377,"35":0.017733,"36":0.082754,"37":0.011822,"38":0.041377,"39":0.023644,"40":0.017733,"41":0.035466,"42":0.011822,"43":0.053199,"44":0.041377,"45":0.05911,"46":0.047288,"47":0.035466,"48":0.05911,"49":0.792074,"50":0.088665,"51":0.372393,"52":0.159597,"53":0.200974,"54":9.75315,"55":9.889103,"56":0.053199,"57":0.023644},"5":{"4":0.011822,"5":0.047288,"6":0.011822,"7":0.047288,"8":0.206885,"9":0.254173,"10":2.914123,"5.1":0.159597,"6.1":0.112309,"7.1":0.017733,"9.1":1.00487},"6":{"28":0.017733,"35":0.005911,"36":0.029555,"37":0.017733,"38":0.041377,"39":0.005911,"40":0.017733,"41":0.620655,"42":0.313283,"10.0-10.1":0,"11.6":0.005911,"12.1":0.11822},"7":{"8":0,"3.2":0,"4.0-4.1":0,"4.2-4.3":0,"5.0-5.1":0,"6.0-6.1":0,"7.0-7.1":0.195548051441,"8.1-8.4":0.296856078091,"9.0-9.2":0.199082052371,"9.3":1.26163833189,"10.0-10.2":9.45109648621},"8":{"0":1.6754378228},"9":{"3":0,"4":0.0325755848818,"2.1":0,"2.2":0,"2.3":0,"4.1":0.107034064611,"4.2-4.3":0.30647642103,"4.4":0.706690749578,"4.4.3-4.4.4":0.421488179899},"10":{"7":0.01737825},"11":{"0":0.127811177196,"10":0,"11":0,"12":0,"11.1":0,"11.5":0,"12.1":0},"12":{"0":17.874564},"13":{"0":0.061335},"14":{"10":0.0760554,"11":0.3042216},"15":{"0":2.216238},"16":{"0":5.454726}}