{"1":{"7":0.0118883526171,"8":0.172381112948,"9":0.20210199449,"10":0.20210199449,"11":8.04247054545},"2":{"12":0.083104,"13":0.332416,"14":3.751552},"3":{"2":0.005936,"10":0.017808,"11":0.011872,"12":0.053424,"14":0.005936,"16":0.017808,"19":0.005936,"20":0.011872,"26":0.011872,"28":0.011872,"29":0.005936,"30":0.011872,"31":0.023744,"32":0.011872,"33":0.017808,"34":0.017808,"35":0.023744,"36":0.023744,"37":0.023744,"38":0.106848,"39":0.05936,"40":0.053424,"41":0.077168,"42":0.077168,"43":0.100912,"44":0.041552,"45":0.457072,"46":0.053424,"47":0.284928,"48":0.38584,"49":0.189952,"50":0.83104,"51":13.62312,"52":0.106848,"53":0.023744,"54":0.005936,"3.6":0.011872},"4":{"11":0.011872,"18":0.005936,"22":0.053424,"26":0.023744,"31":0.017808,"32":0.017808,"33":0.005936,"34":0.035616,"35":0.011872,"36":0.083104,"37":0.011872,"38":0.047488,"39":0.017808,"40":0.011872,"41":0.017808,"42":0.005936,"43":0.041552,"44":0.02968,"45":0.05936,"46":0.035616,"47":0.041552,"48":0.047488,"49":0.688576,"50":0.053424,"51":0.213696,"52":0.065296,"53":0.124656,"54":0.142464,"55":4.980304,"56":15.208032,"57":0.05936,"58":0.035616},"5":{"4":0,"5":0.047488,"6":0.011872,"7":0.071232,"8":0.189952,"9":0.219632,"10":3.282608,"5.1":0.154336,"6.1":0.094976,"7.1":0.017808,"9.1":0.848848,"10.1":0.02968},"6":{"28":0.005936,"31":0.005936,"36":0.02968,"38":0.023744,"41":0.005936,"42":0.308672,"43":0.5936,"10.0-10.1":0,"12.1":0.100912},"7":{"8":0,"3.2":0,"4.0-4.1":0,"4.2-4.3":0,"5.0-5.1":0,"6.0-6.1":0.0673485648806,"7.0-7.1":0.297350267586,"8.1-8.4":0.405362116923,"9.0-9.2":0.0800558412732,"9.3":1.09917940796,"10.0-10.2":10.0273118014},"8":{"0":0.259528104803},"9":{"3":0,"4":0.027819047619,"2.1":0,"2.2":0,"2.3":0,"4.1":0.0834571428571,"4.2-4.3":0.268732,"4.4":0.59365847619,"4.4.3-4.4.4":0.334941333333},"10":{"7":0.012192},"11":{"0":0.000567895196507,"10":0,"11":0,"12":0,"11.1":0,"11.5":0,"12.1":0},"12":{"0":18.701792},"13":{"0":0.065024},"14":{"10":0.0582375145631,"11":0.275010485437},"15":{"0":2.023872},"16":{"0":5.807456},"17":{}}