{"1":{"7":0.0103643189143,"8":0.186557740458,"9":0.207286378287,"10":0.191739899915,"11":5.51381766243},"2":{"12":0.066079,"13":0.310063,"14":2.805816},"3":{"29":0.005083,"30":0.005083,"31":0.010166,"33":0.015249,"34":0.010166,"35":0.010166,"36":0.010166,"37":0.020332,"38":0.071162,"39":0.015249,"40":0.015249,"41":0.025415,"42":0.015249,"43":0.040664,"44":0.020332,"45":0.147407,"46":0.035581,"47":0.137241,"48":0.188071,"49":0.096577,"50":4.732273,"51":0.564213,"52":0.015249,"3.6":0.005083},"4":{"11":0.015249,"18":0.005083,"22":0.015249,"26":0.030498,"29":0.005083,"30":0.010166,"31":0.020332,"32":0.025415,"33":0.015249,"34":0.040664,"35":0.020332,"36":0.066079,"37":0.015249,"38":0.055913,"39":0.035581,"40":0.025415,"41":0.045747,"42":0.045747,"43":0.071162,"44":0.060996,"45":0.218569,"46":0.055913,"47":0.086411,"48":0.066079,"49":0.996268,"50":0.157573,"51":0.233818,"52":0.264316,"53":0.330395,"54":0.899691,"55":24.372985,"56":0.320229,"57":0.05083},"5":{"4":0,"5":0.040664,"6":0.015249,"7":0.045747,"8":0.25415,"9":0.310063,"10":3.248037,"5.1":0.111826,"6.1":0.086411,"7.1":0.010166,"9.1":1.194505},"6":{"28":0.010166,"36":0.010166,"38":0.010166,"42":0.147407,"10.0-10.1":0,"12.1":0.015249},"7":{"8":0,"3.2":0,"4.0-4.1":0,"4.2-4.3":0,"5.0-5.1":0,"6.0-6.1":0.112187599018,"7.0-7.1":0.527281715384,"8.1-8.4":0.633859934451,"9.0-9.2":0.286078377495,"9.3":2.46251779844,"10.0-10.2":22.2496055752},"8":{"0":0.878221290393},"9":{"3":0,"4":0.0233311436031,"2.1":0,"2.2":0,"2.3":0,"4.1":0.0754539112272,"4.2-4.3":0.229836584856,"4.4":0.52073126893,"4.4.3-4.4.4":0.291391091384},"10":{"7":0.00614625},"11":{"0":0.00192170960699,"10":0,"11":0,"12":0,"11.1":0,"11.5":0,"12.1":0},"12":{"0":15.131395},"13":{"0":0.054087},"14":{"10":0.0506976116505,"11":0.23940538835},"15":{"0":1.047321},"16":{"0":4.405632}}