{"1":{"6":0.00536022654269,"7":0.00536022654269,"8":0.171527249366,"9":0.192968155537,"10":0.171527249366,"11":5.79440489265},"2":{"12":0.063096,"13":0.278674,"14":2.907674},"3":{"24":0.005258,"29":0.005258,"31":0.010516,"33":0.005258,"34":0.005258,"35":0.010516,"36":0.010516,"37":0.02629,"38":0.063096,"39":0.015774,"40":0.010516,"41":0.02629,"42":0.021032,"43":0.036806,"44":0.015774,"45":0.152482,"46":0.031548,"47":0.10516,"48":0.173514,"49":0.084128,"50":0.299706,"51":4.716426,"52":0.084128},"4":{"11":0.010516,"22":0.010516,"26":0.021032,"29":0.005258,"30":0.010516,"31":0.021032,"32":0.021032,"33":0.015774,"34":0.031548,"35":0.015774,"36":0.05258,"37":0.015774,"38":0.047322,"39":0.036806,"40":0.02629,"41":0.047322,"42":0.036806,"43":0.073612,"44":0.057838,"45":0.226094,"46":0.073612,"47":0.07887,"48":0.057838,"49":0.956956,"50":0.162998,"51":0.226094,"52":0.226094,"53":0.299706,"54":0.515284,"55":7.555746,"56":19.16541,"57":0.073612,"58":0.042064},"5":{"4":0,"5":0.042064,"6":0.015774,"7":0.042064,"8":0.257642,"9":0.310222,"10":3.649052,"5.1":0.099902,"6.1":0.094644,"7.1":0.010516,"9.1":1.10418,"10.1":0.015774},"6":{"28":0.010516,"36":0.010516,"38":0.005258,"42":0.05258,"43":0.099902,"10.0-10.1":0,"12.1":0.015774},"7":{"8":0,"3.2":0,"4.0-4.1":0,"4.2-4.3":0,"5.0-5.1":0,"6.0-6.1":0.145271785358,"7.0-7.1":0.641388637241,"8.1-8.4":0.874371689231,"9.0-9.2":0.17268155618,"9.3":2.37094517613,"10.0-10.2":21.6290501559},"8":{"0":0.64336819214},"9":{"3":0,"4":0.0206612457483,"2.1":0,"2.2":0,"2.3":0,"4.1":0.0619837372449,"4.2-4.3":0.199587633929,"4.4":0.440910984269,"4.4.3-4.4.4":0.24876139881},"10":{"7":0.00592625},"11":{"0":0.00140780786026,"10":0,"11":0,"12":0,"11.1":0,"11.5":0,"12.1":0},"12":{"0":14.765619},"13":{"0":0.04741},"14":{"10":0.0455688349515,"11":0.215186165049},"15":{"0":0.867603},"16":{"0":3.991922},"17":{}}