{"1":{"6":0.0103587600989,"7":0.0103587600989,"8":0.207175201979,"9":0.227892722176,"10":0.19681644188,"11":5.62998611377},"2":{"12":0.066079,"13":0.350727,"14":2.602496},"3":{"3":0.005083,"29":0.005083,"30":0.005083,"31":0.010166,"33":0.005083,"34":0.015249,"35":0.010166,"36":0.010166,"37":0.020332,"38":0.081328,"39":0.020332,"40":0.015249,"41":0.020332,"42":0.020332,"43":0.045747,"44":0.025415,"45":0.142324,"46":0.040664,"47":0.162656,"48":0.218569,"49":0.208403,"50":5.077917,"51":0.076245,"3.6":0.010166},"4":{"11":0.015249,"22":0.015249,"26":0.030498,"29":0.005083,"30":0.010166,"31":0.020332,"32":0.015249,"33":0.020332,"34":0.040664,"35":0.020332,"36":0.045747,"37":0.020332,"38":0.05083,"39":0.040664,"40":0.030498,"41":0.05083,"42":0.055913,"43":0.081328,"44":0.066079,"45":0.218569,"46":0.066079,"47":0.10166,"48":0.076245,"49":1.057264,"50":0.182988,"51":0.284648,"52":0.345644,"53":0.452387,"54":14.008748,"55":10.994529,"56":0.066079,"57":0.030498},"5":{"4":0.005083,"5":0.040664,"6":0.015249,"7":0.055913,"8":0.284648,"9":0.371059,"10":2.993887,"5.1":0.121992,"6.1":0.091494,"7.1":0.015249,"9.1":1.280916},"6":{"28":0.010166,"36":0.010166,"37":0.005083,"38":0.010166,"41":0.116909,"42":0.05083,"10.0-10.1":0,"12.1":0.020332},"7":{"8":0,"3.2":0,"4.0-4.1":0,"4.2-4.3":0,"5.0-5.1":0,"6.0-6.1":0,"7.0-7.1":0.449472992459,"8.1-8.4":0.682332494577,"9.0-9.2":0.457595998347,"9.3":2.89991310195,"10.0-10.2":21.7236254127},"8":{"0":1.10123037596},"9":{"3":0,"4":0.0245256173986,"2.1":0,"2.2":0,"2.3":0,"4.1":0.0805841714527,"4.2-4.3":0.230741012669,"4.4":0.532055740709,"4.4.3-4.4.4":0.31733145777},"10":{"7":0.007377},"11":{"0":0.084007624037,"10":0,"11":0,"12":0,"11.1":0,"11.5":0,"12.1":0},"12":{"0":15.034752},"13":{"0":0.054098},"14":{"10":0.063934,"11":0.255736},"15":{"0":1.062288},"16":{"0":4.283578}}