{"1":{"7":0.0370793833068,"8":0.398603370548,"9":0.361523987241,"10":1.40901656566,"11":6.51206669325},"2":{"12":0.08334,"13":0.35188,"14":3.4262},"3":{"12":0.00926,"31":0.00463,"36":0.00463,"38":0.01389,"41":0.02778,"43":0.01389,"44":0.01389,"45":0.02315,"46":0.00926,"47":0.07871,"48":0.14353,"49":0.07408,"50":3.09747,"51":0.31947,"52":0.03704},"4":{"11":0.07408,"18":0.03241,"22":0.06945,"30":0.01389,"31":0.04167,"32":0.07871,"33":0.00926,"34":0.02315,"35":0.01389,"36":0.37966,"37":0.01852,"38":0.02778,"39":0.00463,"40":0.01389,"41":0.00926,"42":0.02315,"43":0.03241,"44":0.03704,"45":0.11575,"46":0.00463,"47":0.06945,"48":0.06482,"49":1.06953,"50":0.04167,"51":0.06482,"52":0.0926,"53":0.15742,"54":0.29169,"55":21.45542,"56":0.26391,"57":0.03241},"5":{"4":0,"5":0.00463,"7":0.00463,"8":0.12501,"9":0.12501,"10":2.55576,"5.1":0.03704,"6.1":0.02778,"7.1":0.00463,"9.1":0.51393},"6":{"33":0.01389,"36":0.00463,"37":0.01852,"38":0.00463,"42":0.12964,"10.0-10.1":0,"12.1":0.02778},"7":{"8":0,"3.2":0,"4.0-4.1":0,"4.2-4.3":0,"5.0-5.1":0,"6.0-6.1":0.0860621757233,"7.0-7.1":0.404492225899,"8.1-8.4":0.486251292837,"9.0-9.2":0.219458548094,"9.3":1.88906475713,"10.0-10.2":17.0682810003},"8":{"0":0.294705131004},"9":{"3":0,"4":0.0510710835509,"2.1":0,"2.2":0,"2.3":0,"4.1":0.165166057441,"4.2-4.3":0.503104503916,"4.4":1.1398631201,"4.4.3-4.4.4":0.637845234987},"10":{"7":0.0443025},"11":{"0":0.000644868995633,"10":0,"11":0,"12":0,"11.1":0,"11.5":0,"12.1":0},"12":{"0":20.41502},"13":{"0":0.02685},"14":{"10":0.0262765048544,"11":0.124083495146},"15":{"0":0.12351},"16":{"0":10.66482}}