{"1":{"7":0.0231861842849,"8":0.347792764274,"9":0.412714080271,"10":1.37262210967,"11":6.04231962465},"2":{"12":0.101904,"13":0.389088,"14":3.08028},"3":{"31":0.004632,"38":0.004632,"39":0.009264,"41":0.050952,"43":0.018528,"45":0.013896,"46":0.009264,"47":0.055584,"48":0.180648,"49":0.111168,"50":3.307248,"51":0.078744,"52":0.009264},"4":{"11":0.013896,"18":0.027792,"22":0.060216,"26":0.004632,"29":0.009264,"30":0.037056,"31":0.013896,"33":0.009264,"34":0.032424,"35":0.018528,"36":0.16212,"38":0.013896,"39":0.013896,"40":0.02316,"41":0.004632,"42":0.02316,"43":0.041688,"44":0.02316,"45":0.148224,"46":0.009264,"47":0.050952,"48":0.060216,"49":1.310856,"50":0.037056,"51":0.148224,"52":0.125064,"53":0.148224,"54":11.491992,"55":10.635072,"56":0.083376,"57":0.037056},"5":{"4":0,"5":0.018528,"7":0.009264,"8":0.106536,"9":0.157488,"10":2.422536,"5.1":0.06948,"6.1":0.041688,"7.1":0.004632,"9.1":0.74112},"6":{"29":0.009264,"31":0.004632,"33":0.018528,"35":0.004632,"37":0.04632,"41":0.106536,"42":0.027792,"10.0-10.1":0,"12.1":0.050952},"7":{"8":0,"3.2":0,"4.0-4.1":0,"4.2-4.3":0,"5.0-5.1":0,"6.0-6.1":0,"7.0-7.1":0.318199691767,"8.1-8.4":0.48305013449,"9.0-9.2":0.323950288607,"9.3":2.05296307158,"10.0-10.2":15.3790128136},"8":{"0":0.37406440678},"9":{"3":0,"4":0.0587601047297,"2.1":0,"2.2":0,"2.3":0,"4.1":0.193068915541,"4.2-4.3":0.552824658784,"4.4":1.27473451689,"4.4.3-4.4.4":0.760283804054},"10":{"7":0.068442},"11":{"0":0.0285355932203,"10":0,"11":0,"12":0,"11.1":0,"11.5":0,"12.1":0},"12":{"0":21.087952},"13":{"0":0.02684},"14":{"10":0.0440176,"11":0.1760704},"15":{"0":0.139568},"16":{"0":11.417736}}