{"1":{"7":0.050261869802,"8":0.374679393069,"9":0.33355604505,"10":1.72261135594,"11":6.74879833614},"2":{"12":0.086773,"13":0.305989,"14":3.37958},"3":{"16":0.004567,"31":0.009134,"39":0.009134,"41":0.059371,"43":0.013701,"45":0.04567,"46":0.013701,"47":0.027402,"48":0.09134,"49":0.036536,"50":0.264886,"51":3.279106,"52":0.059371},"4":{"11":0.082206,"18":0.031969,"22":0.04567,"26":0.004567,"30":0.018268,"31":0.018268,"32":0.063938,"33":0.013701,"34":0.018268,"35":0.009134,"36":0.150711,"37":0.013701,"38":0.013701,"40":0.018268,"41":0.009134,"42":0.018268,"43":0.031969,"44":0.036536,"45":0.086773,"46":0.004567,"47":0.063938,"48":0.054804,"49":1.219389,"50":0.022835,"51":0.036536,"52":0.050237,"53":0.095907,"54":0.086773,"55":5.52607,"56":15.820088,"57":0.059371,"58":0.027402},"5":{"4":0,"7":0.009134,"8":0.077639,"9":0.095907,"10":2.680829,"5.1":0.031969,"6.1":0.027402,"7.1":0.009134,"9.1":0.50237,"10.1":0.013701},"6":{"37":0.018268,"42":0.041103,"43":0.059371,"10.0-10.1":0,"12.1":0.031969},"7":{"8":0,"3.2":0,"4.0-4.1":0,"4.2-4.3":0,"5.0-5.1":0,"6.0-6.1":0.112124438196,"7.0-7.1":0.495039972414,"8.1-8.4":0.674862184615,"9.0-9.2":0.133279992573,"9.3":1.82995545358,"10.0-10.2":16.6938479586},"8":{"0":0.309004840611},"9":{"3":0,"4":0.0442773809524,"2.1":0,"2.2":0,"2.3":0,"4.1":0.132832142857,"4.2-4.3":0.4277195,"4.4":0.944879309524,"4.4.3-4.4.4":0.533099666667},"10":{"7":0.0570465},"11":{"0":0.000676159388646,"10":0,"11":0,"12":0,"11.1":0,"11.5":0,"12.1":0},"12":{"0":20.695263},"13":{"0":0.016299},"14":{"10":0.0132923883495,"11":0.0627696116505},"15":{"0":0.396609},"16":{"0":11.278908},"17":{}}