{"1":{"8":0.175905,"9":0.11727,"10":0.097725,"11":5.62896},"2":{"12":0.032575,"13":0.35181,"14":3.43992},"3":{"12":0.006515,"21":0.006515,"26":0.019545,"29":0.006515,"37":0.006515,"39":0.045605,"41":0.319235,"42":0.02606,"43":0.01303,"45":0.2606,"46":0.09121,"47":0.188935,"48":0.175905,"49":0.071665,"50":6.72348,"51":0.631955,"52":0.006515},"4":{"22":0.01303,"35":0.01303,"36":0.01303,"39":0.019545,"41":0.01303,"46":0.006515,"47":0.02606,"49":1.504965,"50":0.032575,"51":0.03909,"53":0.27363,"54":0.27363,"55":38.757735,"56":0.201965,"57":0.136815,"58":0.03909},"5":{"4":0.006515,"7":0.01303,"8":0.07818,"9":0.11727,"10":2.85357,"5.1":0.14333,"6.1":0.06515,"9.1":1.26391},"6":{"28":0.01303,"36":0.01303,"39":0.01303,"42":0.358325,"10.0-10.1":0,"12.1":0.019545},"7":{"8":0,"3.2":0,"4.0-4.1":0,"4.2-4.3":0,"5.0-5.1":0,"6.0-6.1":0.0675495462795,"7.0-7.1":0.317482867514,"8.1-8.4":0.381654936479,"9.0-9.2":0.172251343013,"9.3":1.48271254083,"10.0-10.2":13.3967637659},"8":{"0":0.22603040393},"9":{"3":0,"4":0.00776921453438,"2.1":0,"2.2":0,"2.3":0,"4.1":0.0251259704091,"4.2-4.3":0.0765350282855,"4.4":0.17340225631,"4.4.3-4.4.4":0.0970325304613},"10":{"7":0.0017425},"11":{"0":0.000494596069869,"10":0,"11":0,"12":0,"11.1":0,"11.5":0,"12.1":0},"12":{"0":14.360775},"13":{"0":0.00697},"14":{"10":0.133377378641,"11":0.629837621359},"15":{"0":0.0697},"16":{"0":3.05983}}