{"1":{"7":0.010904,"8":0.147204,"9":0.08178,"10":0.103588,"11":7.071244},"2":{"12":0.010904,"13":0.278052,"14":3.233036},"3":{"12":0.010904,"16":0.005452,"20":0.016356,"29":0.021808,"31":0.005452,"36":0.010904,"37":0.010904,"38":0.016356,"41":0.250792,"43":0.005452,"44":0.010904,"45":0.278052,"46":0.043616,"47":0.114492,"48":0.10904,"49":0.070876,"50":0.370736,"51":6.520592,"52":0.021808},"4":{"22":0.010904,"32":0.010904,"34":0.005452,"36":0.043616,"37":0.005452,"39":0.070876,"41":0.021808,"42":0.010904,"47":0.010904,"49":1.482944,"51":0.032712,"52":0.021808,"53":0.16356,"54":0.08178,"55":8.412436,"56":21.006556,"57":0.021808,"58":0.212628},"5":{"4":0,"5":0.005452,"6":0.021808,"7":0.010904,"8":0.114492,"9":0.087232,"10":1.760996,"5.1":0.158108,"6.1":0.043616,"9.1":1.095852},"6":{"28":0.005452,"36":0.010904,"42":0.16356,"43":0.228984,"10.0-10.1":0,"12.1":0.016356},"7":{"8":0,"3.2":0,"4.0-4.1":0,"4.2-4.3":0,"5.0-5.1":0,"6.0-6.1":0.11089302748,"7.0-7.1":0.489603177931,"8.1-8.4":0.667450486154,"9.0-9.2":0.131816240212,"9.3":1.80985790133,"10.0-10.2":16.5105071669},"8":{"0":0.308588751092},"9":{"3":0,"4":0.0072512755102,"2.1":0,"2.2":0,"2.3":0,"4.1":0.0217538265306,"4.2-4.3":0.0700473214286,"4.4":0.154742219388,"4.4.3-4.4.4":0.0873053571429},"10":{"7":0},"11":{"0":0.000675248908297,"10":0,"11":0,"12":0,"11.1":0,"11.5":0,"12.1":0},"12":{"0":20.13216},"13":{"0":0.013644},"14":{"10":0.135115339806,"11":0.638044660194},"15":{"0":0.009096},"16":{"0":4.061364},"17":{}}