{"1":{"8":0.109361,"9":0.077196,"10":0.090062,"11":5.358689},"2":{"12":0.038598,"13":0.283052,"14":3.02351},"3":{"12":0.006433,"33":0.006433,"41":0.135093,"42":0.025732,"43":0.045031,"44":0.006433,"45":0.167258,"46":0.045031,"47":0.173691,"48":0.141526,"49":0.135093,"50":9.739562,"51":0.012866},"4":{"18":0.012866,"32":0.006433,"34":0.006433,"36":0.012866,"41":0.006433,"42":0.032165,"48":0.006433,"49":1.370229,"51":0.077196,"52":0.032165,"53":0.373114,"54":14.943859,"55":16.423449,"56":0.025732,"57":0.283052},"5":{"4":0,"5":0.012866,"7":0.045031,"8":0.135093,"9":0.122227,"10":7.828961,"5.1":0.19299,"6.1":0.051464,"7.1":0.083629,"9.1":1.814106},"6":{"41":0.231588,"42":0.102928,"10.0-10.1":0,"12.1":0.038598},"7":{"8":0,"3.2":0,"4.0-4.1":0,"4.2-4.3":0,"5.0-5.1":0,"6.0-6.1":0,"7.0-7.1":0.326306256585,"8.1-8.4":0.4953564859,"9.0-9.2":0.332203357608,"9.3":2.10526506508,"10.0-10.2":15.7708138348},"8":{"0":0.14582379661},"9":{"3":0,"4":0.0103334543919,"2.1":0,"2.2":0,"2.3":0,"4.1":0.0339527787162,"4.2-4.3":0.0972188260135,"4.4":0.224172694257,"4.4.3-4.4.4":0.133702246622},"10":{"7":0.00267525},"11":{"0":0.0111242033898,"10":0,"11":0,"12":0,"11.1":0,"11.5":0,"12.1":0},"12":{"0":11.444524},"13":{"0":0.046371},"14":{"10":0.2254344,"11":0.9017376},"15":{"0":0.010701},"16":{"0":3.149661}}