{"1":{"8":0.086215251462,"9":0.0659293099415,"10":0.0710007953216,"11":1.51130264327},"2":{"12":0.030252,"13":0.105882,"14":0.635292},"3":{"2":0.055462,"3":0.005042,"12":0.005042,"14":0.010084,"15":0.015126,"26":0.005042,"28":0.005042,"30":0.005042,"31":0.005042,"34":0.005042,"35":0.015126,"36":0.010084,"37":0.020168,"38":0.020168,"39":0.040336,"40":0.010084,"41":0.030252,"42":0.02521,"43":0.080672,"44":0.015126,"45":0.191596,"46":0.02521,"47":0.156302,"48":0.095798,"49":0.080672,"50":0.337814,"51":7.300816,"52":0.156302,"3.6":0.010084},"4":{"11":0.015126,"12":0.005042,"22":0.030252,"23":0.005042,"25":0.015126,"26":0.030252,"30":0.010084,"31":0.010084,"32":0.015126,"33":0.020168,"34":0.035294,"35":0.015126,"36":0.065546,"37":0.015126,"38":0.045378,"39":0.030252,"40":0.020168,"41":0.010084,"42":0.010084,"43":0.065546,"44":0.040336,"45":0.020168,"46":0.020168,"47":0.05042,"48":0.035294,"49":3.438644,"50":0.045378,"51":0.10084,"52":0.055462,"53":0.15126,"54":0.095798,"55":7.457118,"56":23.616728,"57":0.110924,"58":0.045378},"5":{"4":0,"5":0.040336,"7":0.010084,"8":0.015126,"9":0.040336,"10":0.342856,"5.1":0.010084,"6.1":0.005042,"9.1":0.10084},"6":{"28":0.005042,"30":0.010084,"35":0.010084,"36":0.156302,"37":0.065546,"38":0.010084,"40":0.005042,"41":0.005042,"42":0.383192,"43":0.70588,"44":0.005042,"10.0-10.1":0,"12.1":0.02521},"7":{"8":0,"3.2":0,"4.0-4.1":0,"4.2-4.3":0,"5.0-5.1":0,"6.0-6.1":0.0269883535279,"7.0-7.1":0.119156126897,"8.1-8.4":0.162439335385,"9.0-9.2":0.0320804957029,"9.3":0.440470298143,"10.0-10.2":4.01820939034},"8":{"0":0.267147432314},"9":{"3":0,"4":0.0986540816327,"2.1":0,"2.2":0,"2.3":0,"4.1":0.295962244898,"4.2-4.3":0.952998428571,"4.4":2.10527810204,"4.4.3-4.4.4":1.18779514286},"10":{"7":0.004958},"11":{"0":0.00058456768559,"10":0,"11":0,"12":0,"11.1":0,"11.5":0,"12.1":0},"12":{"0":37.338356},"13":{"0":0.014874},"14":{"10":0.159426174757,"11":0.752845825243},"15":{"0":0.04958},"16":{"0":1.978242},"17":{}}