{"1":{"7":0.00624572993631,"8":0.268566387261,"9":0.212354817834,"10":0.243583467516,"11":4.17214759745},"2":{"12":0.079079,"13":0.407561,"14":4.921147},"3":{"9":0.012166,"11":0.018249,"21":0.048664,"28":0.006083,"37":0.012166,"38":0.018249,"39":0.036498,"40":0.024332,"42":0.012166,"43":0.030415,"44":0.012166,"45":0.072996,"46":0.036498,"47":0.139909,"48":0.085162,"49":0.048664,"50":0.742126,"51":6.247241,"52":0.139909,"54":0.012166,"3.6":0.006083},"4":{"11":0.036498,"18":0.006083,"22":0.206822,"27":0.006083,"29":0.024332,"31":0.012166,"32":0.036498,"33":0.006083,"34":0.018249,"35":0.334565,"36":0.504889,"37":0.018249,"38":0.06083,"39":0.024332,"40":0.018249,"41":0.012166,"42":0.024332,"43":0.036498,"44":0.018249,"46":0.012166,"47":0.024332,"48":0.012166,"49":1.684991,"50":0.072996,"51":0.212905,"52":0.066913,"53":0.279818,"54":0.170324,"55":8.400623,"56":23.942688,"57":0.079079,"58":0.042581},"5":{"4":0.018249,"7":0.012166,"8":0.127743,"9":0.103411,"10":2.214212,"5.1":0.079079,"6.1":0.018249,"7.1":0.018249,"9.1":0.48664},"6":{"29":0.018249,"33":0.018249,"36":0.012166,"37":0.012166,"38":0.018249,"42":0.145992,"43":0.352814,"10.0-10.1":0,"12.1":0.054747},"7":{"8":0,"3.2":0,"4.0-4.1":0,"4.2-4.3":0,"5.0-5.1":0,"6.0-6.1":0.0397800961273,"7.0-7.1":0.175632877241,"8.1-8.4":0.239431144615,"9.0-9.2":0.0472857746419,"9.3":0.649241191512,"10.0-10.2":5.92273091586},"8":{"0":0.719154358079},"9":{"3":0,"4":0.0829364795918,"2.1":0,"2.2":0,"2.3":0,"4.1":0.248809438776,"4.2-4.3":0.801166392857,"4.4":1.76986447449,"4.4.3-4.4.4":0.998555214286},"10":{"7":0.11653075},"11":{"0":0.0015736419214,"10":0,"11":0,"12":0,"11.1":0,"11.5":0,"12.1":0},"12":{"0":22.031123},"13":{"0":0.027419},"14":{"10":0.0917262524272,"11":0.433151747573},"15":{"0":0.31336},"16":{"0":5.017677},"17":{}}