{"1":{"7":0.00645182180851,"8":0.303235625,"9":0.212910119681,"10":0.212910119681,"11":4.11626231383},"2":{"12":0.138622,"13":0.516682,"14":4.744653},"3":{"3":0.006301,"11":0.025204,"19":0.012602,"28":0.006301,"36":0.006301,"38":0.018903,"39":0.037806,"40":0.056709,"42":0.018903,"43":0.044107,"44":0.006301,"45":0.050408,"46":0.044107,"47":0.214234,"48":0.195331,"49":0.081913,"50":5.935542,"51":0.831732,"52":0.031505,"53":0.012602,"3.6":0.012602},"4":{"11":0.018903,"12":0.012602,"22":0.31505,"27":0.012602,"29":0.025204,"30":0.012602,"31":0.012602,"32":0.094515,"33":0.006301,"34":0.025204,"35":0.195331,"36":0.396963,"37":0.037806,"38":0.113418,"39":0.037806,"40":0.012602,"41":0.012602,"42":0.018903,"43":0.075612,"44":0.018903,"45":0.025204,"46":0.037806,"47":0.044107,"48":0.018903,"49":1.650862,"50":0.100816,"51":0.283545,"52":0.113418,"53":0.283545,"54":0.459973,"55":33.426805,"56":0.674207,"57":0.18903},"5":{"4":0.037806,"7":0.018903,"8":0.081913,"9":0.088214,"10":1.846193,"5.1":0.06301,"6.1":0.031505,"7.1":0.006301,"9.1":0.535585,"10.1":0.006301},"6":{"27":0.006301,"29":0.025204,"33":0.012602,"36":0.012602,"37":0.018903,"38":0.044107,"42":0.390662,"10.0-10.1":0,"12.1":0.044107},"7":{"8":0,"3.2":0,"4.0-4.1":0,"4.2-4.3":0,"5.0-5.1":0,"6.0-6.1":0.0264107099391,"7.0-7.1":0.124130336714,"8.1-8.4":0.149220511156,"9.0-9.2":0.0673473103448,"9.3":0.579715083164,"10.0-10.2":5.23790404868},"8":{"0":0.712348251092},"9":{"3":0,"4":0.0752757767624,"2.1":0,"2.2":0,"2.3":0,"4.1":0.243445065274,"4.2-4.3":0.741546481723,"4.4":1.68009127285,"4.4.3-4.4.4":0.940146403394},"10":{"7":0.114669},"11":{"0":0.0015587489083,"10":0,"11":0,"12":0,"11.1":0,"11.5":0,"12.1":0},"12":{"0":21.064338},"13":{"0":0.022194},"14":{"10":0.0885605242718,"11":0.418202475728},"15":{"0":0.314415},"16":{"0":5.100921}}