{"1":{"7":0.0135469330055,"8":0.250618260602,"9":0.365767191149,"10":0.270938660111,"11":10.1195589551},"2":{"12":0.081132,"13":0.446226,"14":4.509587},"3":{"12":0.006761,"16":0.013522,"20":0.006761,"21":0.013522,"24":0.006761,"28":0.013522,"29":0.006761,"31":0.027044,"32":0.006761,"33":0.013522,"34":0.013522,"35":0.047327,"36":0.040566,"37":0.027044,"38":0.074371,"39":0.027044,"40":0.020283,"41":0.020283,"42":0.020283,"43":0.060849,"44":0.040566,"45":0.27044,"46":0.040566,"47":0.216352,"48":0.351572,"49":0.263679,"50":8.207854,"51":0.040566,"3.6":0.013522},"4":{"11":0.006761,"22":0.013522,"26":0.006761,"30":0.006761,"31":0.027044,"32":0.033805,"33":0.013522,"34":0.027044,"35":0.047327,"36":0.169025,"37":0.027044,"38":0.040566,"39":0.074371,"40":0.020283,"41":0.128459,"42":0.114937,"43":0.060849,"44":0.047327,"45":0.047327,"46":0.040566,"47":0.054088,"48":0.06761,"49":1.453615,"50":0.06761,"51":0.256918,"52":0.155503,"53":0.256918,"54":14.962093,"55":14.989137,"56":0.060849,"57":0.027044},"5":{"4":0.013522,"5":0.087893,"6":0.013522,"7":0.074371,"8":0.263679,"9":0.324528,"10":3.975468,"5.1":0.162264,"6.1":0.108176,"7.1":0.020283,"9.1":1.41981},"6":{"28":0.020283,"36":0.027044,"37":0.006761,"38":0.020283,"41":0.283962,"42":0.155503,"10.0-10.1":0,"12.1":0.027044},"7":{"8":0,"3.2":0,"4.0-4.1":0,"4.2-4.3":0,"5.0-5.1":0,"6.0-6.1":0,"7.0-7.1":0.203987645078,"8.1-8.4":0.309667991323,"9.0-9.2":0.207674168784,"9.3":1.31608896312,"10.0-10.2":9.85899323169},"8":{"0":0.201569241911},"9":{"3":0,"4":0.0197657474662,"2.1":0,"2.2":0,"2.3":0,"4.1":0.0649445988176,"4.2-4.3":0.185959379223,"4.4":0.428795705236,"4.4.3-4.4.4":0.255744569257},"10":{"7":0.0105235},"11":{"0":0.0153767580894,"10":0,"11":0,"12":0,"11.1":0,"11.5":0,"12.1":0},"12":{"0":14.101181},"13":{"0":0.03238},"14":{"10":0.1243392,"11":0.4973568},"15":{"0":0.084188},"16":{"0":4.413394}}