{"1":{"7":0.0132703343539,"8":0.179149513778,"9":0.28531218861,"10":0.232230851194,"11":10.1186299449},"2":{"12":0.06623,"13":0.351019,"14":5.073218},"3":{"2":0.006623,"16":0.013246,"20":0.006623,"23":0.006623,"24":0.006623,"28":0.006623,"29":0.013246,"30":0.013246,"31":0.019869,"32":0.006623,"33":0.006623,"34":0.006623,"35":0.019869,"36":0.019869,"37":0.019869,"38":0.039738,"39":0.026492,"40":0.019869,"41":0.019869,"42":0.019869,"43":0.06623,"44":0.026492,"45":0.39738,"46":0.033115,"47":0.152329,"48":0.317904,"49":0.092722,"50":0.410626,"51":8.060191,"52":0.046361,"53":0.006623,"3.6":0.013246},"4":{"22":0.013246,"30":0.006623,"31":0.019869,"32":0.033115,"33":0.013246,"34":0.026492,"35":0.026492,"36":0.139083,"37":0.019869,"38":0.039738,"39":0.059607,"40":0.026492,"41":0.046361,"42":0.052984,"43":0.059607,"44":0.039738,"45":0.039738,"46":0.039738,"47":0.046361,"48":0.059607,"49":1.251747,"50":0.052984,"51":0.185444,"52":0.086099,"53":0.145706,"54":0.211936,"55":7.205824,"56":22.372494,"57":0.072853,"58":0.033115},"5":{"4":0.013246,"5":0.046361,"6":0.013246,"7":0.046361,"8":0.205313,"9":0.258297,"10":4.126129,"5.1":0.119214,"6.1":0.099345,"7.1":0.013246,"9.1":1.033188,"10.1":0.026492},"6":{"36":0.019869,"38":0.013246,"42":0.152329,"43":0.26492,"10.0-10.1":0,"12.1":0.019869},"7":{"8":0,"3.2":0,"4.0-4.1":0,"4.2-4.3":0,"5.0-5.1":0,"6.0-6.1":0.0691426865782,"7.0-7.1":0.305271484138,"8.1-8.4":0.416160698462,"9.0-9.2":0.0821884764987,"9.3":1.12846082812,"10.0-10.2":10.2944328262},"8":{"0":0.117936932314},"9":{"3":0,"4":0.0166552721088,"2.1":0,"2.2":0,"2.3":0,"4.1":0.0499658163265,"4.2-4.3":0.160889928571,"4.4":0.355423506803,"4.4.3-4.4.4":0.20052947619},"10":{"7":0.006754},"11":{"0":0.00025806768559,"10":0,"11":0,"12":0,"11.1":0,"11.5":0,"12.1":0},"12":{"0":15.399222},"13":{"0":0.030393},"14":{"10":0.0920642330097,"11":0.43474776699},"15":{"0":0.128326},"16":{"0":4.406985},"17":{}}