{"1":{"6":0.00492558782849,"7":0.0123139695712,"8":0.238891009682,"9":0.0615698478562,"10":0.177321161826,"11":1.28065283541},"2":{"12":0.201392,"13":0.154728,"14":0.19648},"3":{"2":0.004912,"3":0.390504,"4":0.014736,"5":0.004912,"6":0.014736,"7":0.004912,"8":0.002456,"9":0.002456,"10":0.007368,"11":0.01228,"12":0.029472,"13":0.022104,"14":0.009824,"15":0.009824,"16":0.027016,"17":0.01228,"18":0.01228,"19":0.014736,"20":0.04912,"21":0.031928,"22":0.017192,"23":0.004912,"24":0.02456,"25":0.029472,"26":0.01228,"27":0.01228,"28":0.014736,"29":0.022104,"30":0.044208,"31":0.056488,"32":0.034384,"33":0.027016,"34":0.058944,"35":0.1228,"36":0.046664,"37":0.051576,"38":0.088416,"39":0.044208,"40":0.063856,"41":0.068768,"42":0.04912,"43":0.432256,"44":0.142448,"45":0.088416,"46":0.044208,"47":0.832584,"48":0.385592,"49":0.216128,"50":6.812944,"51":0.65084,"52":0.039296,"3.5":0.081048,"3.6":0.027016},"4":{"11":0.058944,"12":0.004912,"13":0.002456,"14":0.004912,"15":0.007368,"16":0.039296,"17":0.017192,"19":0.002456,"22":0.002456,"24":0.01228,"25":0.009824,"26":0.007368,"27":0.034384,"28":0.014736,"29":0.034384,"30":0.007368,"31":0.031928,"32":0.284896,"33":0.02456,"35":0.019648,"36":0.407696,"37":0.002456,"38":0.004912,"39":0.017192,"40":0.004912,"41":0.004912,"42":0.01228,"43":0.04912,"44":0.002456,"45":0.017192,"46":0.004912,"47":0.01228,"48":0.004912,"49":0.434712,"50":0.046664,"51":0.095784,"52":0.068768,"53":0.228408,"54":0.15964,"55":6.10316,"56":0.120344,"57":0.004912},"5":{"4":0.031928,"5":0.041752,"6":0.046664,"7":0.051576,"8":0.017192,"9":0.093328,"10":0.162096,"5.1":0.009824,"7.1":0.002456,"9.1":0.081048},"6":{"12":0.009824,"17":0.017192,"23":0.002456,"26":0.002456,"28":0.002456,"29":0.007368,"30":0.004912,"33":0.004912,"34":0.019648,"35":0.007368,"36":0.039296,"37":0.007368,"38":0.007368,"39":0.01228,"40":0.014736,"41":0.014736,"42":0.938192,"10.0-10.1":0.002456,"11.5":0.009824,"12.1":0.029472},"7":{"8":0,"3.2":0,"4.0-4.1":0,"4.2-4.3":0,"5.0-5.1":0,"6.0-6.1":0.00444570086474,"7.0-7.1":0.0208947940643,"8.1-8.4":0.0251182098858,"9.0-9.2":0.0113365372051,"9.3":0.097583133981,"10.0-10.2":0.881693623999},"8":{"0":30.6069304105},"9":{"3":0,"4":0.123589629243,"2.1":0,"2.2":0,"2.3":0,"4.1":0.399694120104,"4.2-4.3":1.21748932637,"4.4":2.75841534204,"4.4.3-4.4.4":1.54355558225},"10":{"7":0.086756},"11":{"0":0.0669735895197,"10":0,"11":0,"12":0,"11.1":0,"11.5":0,"12.1":0},"12":{"0":19.192952},"13":{"0":0.105616},"14":{"10":0.108106252427,"11":0.510501747573},"15":{"0":14.831504},"16":{"0":1.96144}}