{"1":{"7":0.0133446343381,"8":0.346960492792,"9":0.326943541284,"10":0.226858783748,"11":4.17687054784},"2":{"12":0.03293,"13":0.144892,"14":0.981314},"3":{"3":0.013172,"10":0.013172,"11":0.026344,"12":0.019758,"14":0.006586,"16":0.006586,"17":0.006586,"18":0.013172,"20":0.013172,"21":0.006586,"23":0.006586,"24":0.013172,"25":0.006586,"26":0.013172,"28":0.013172,"30":0.013172,"31":0.03293,"32":0.019758,"33":0.019758,"34":0.03293,"35":0.019758,"36":0.138306,"37":0.03293,"38":0.092204,"39":0.046102,"40":0.026344,"41":0.046102,"42":0.06586,"43":0.204166,"44":0.052688,"45":0.184408,"46":0.105376,"47":0.46102,"48":0.29637,"49":0.283198,"50":11.729666,"51":1.521366,"52":0.019758,"3.5":0.013172,"3.6":0.03293},"4":{"11":0.026344,"16":0.039516,"18":0.013172,"22":0.03293,"23":0.006586,"25":0.013172,"26":0.072446,"27":0.006586,"29":0.013172,"30":0.013172,"31":0.019758,"32":0.013172,"33":0.013172,"34":0.059274,"35":0.046102,"36":0.059274,"37":0.019758,"38":0.046102,"39":0.059274,"40":0.03293,"41":0.019758,"42":0.019758,"43":0.125134,"44":0.046102,"45":0.026344,"46":0.026344,"47":0.059274,"48":0.06586,"49":3.615714,"50":0.151478,"51":0.62567,"52":0.144892,"53":0.23051,"54":0.36223,"55":32.6007,"56":0.454434,"57":0.059274},"5":{"4":0.006586,"5":0.006586,"8":0.026344,"9":0.03293,"10":0.487364,"5.1":0.019758,"6.1":0.013172,"9.1":0.09879},"6":{"12":0.013172,"28":0.006586,"31":0.006586,"35":0.006586,"36":0.190994,"37":0.006586,"38":0.092204,"39":0.019758,"40":0.006586,"41":0.019758,"42":1.336958,"43":0.019758,"44":0.019758,"9.5-9.6":0.03293,"10.0-10.1":0,"11.6":0.013172,"12.1":0.184408},"7":{"8":0,"3.2":0,"4.0-4.1":0,"4.2-4.3":0,"5.0-5.1":0,"6.0-6.1":0.0162408284403,"7.0-7.1":0.0763318936693,"8.1-8.4":0.0917606806875,"9.0-9.2":0.0414141125227,"9.3":0.356486184264,"10.0-10.2":3.22096230042},"8":{"0":0.344061131004},"9":{"3":0,"4":0.0497154464752,"2.1":0,"2.2":0,"2.3":0,"4.1":0.160781869452,"4.2-4.3":0.489750036554,"4.4":1.10960645431,"4.4.3-4.4.4":0.620914193211},"10":{"7":0.006828},"11":{"0":0.000752868995633,"10":0,"11":0,"12":0,"11.1":0,"11.5":0,"12.1":0},"12":{"0":24.699746},"13":{"0":0.020484},"14":{"10":0.112164815534,"11":0.529667184466},"15":{"0":0.218496},"16":{"0":2.427354}}