{"1":{"6":0.00367570272259,"7":0.00735140544518,"8":0.42638151582,"9":0.246272082414,"10":0.19848794702,"11":4.11311134658},"2":{"12":0.33057,"13":0.249764,"14":0.995383},"3":{"3":0.003673,"11":0.003673,"14":0.011019,"15":0.003673,"16":0.003673,"21":0.003673,"25":0.011019,"31":0.007346,"32":0.003673,"37":0.011019,"38":0.022038,"39":0.040403,"41":0.003673,"42":0.011019,"43":0.014692,"44":0.011019,"45":0.033057,"46":0.011019,"47":0.066114,"48":0.161612,"49":0.051422,"50":0.194669,"51":2.53437,"52":0.088152,"3.5":0.003673,"3.6":0.007346},"4":{"11":0.014692,"18":0.011019,"19":0.003673,"21":0.058768,"22":0.011019,"23":0.007346,"24":0.018365,"25":0.003673,"26":0.022038,"27":0.003673,"28":0.011019,"29":0.022038,"30":0.022038,"31":0.051422,"32":0.044076,"33":0.029384,"34":0.025711,"35":0.007346,"36":0.091825,"37":0.003673,"38":0.029384,"39":0.022038,"40":0.007346,"41":0.011019,"42":0.011019,"43":0.132228,"44":0.040403,"45":0.014692,"46":0.029384,"47":0.029384,"48":0.018365,"49":0.962326,"50":0.025711,"51":0.091825,"52":0.080806,"53":0.18365,"54":0.205688,"55":4.745516,"56":15.287026,"57":0.091825,"58":0.113863},"5":{"4":0,"5":0.018365,"6":0.040403,"7":0.088152,"8":0.187323,"9":0.216707,"10":1.729983,"3.2":0.007346,"5.1":0.047749,"6.1":0.022038,"7.1":0.007346,"9.1":0.664813},"6":{"34":0.007346,"36":0.003673,"38":0.011019,"41":0.044076,"42":0.084479,"43":0.03673,"10.0-10.1":0,"12.1":0.014692},"7":{"8":0,"3.2":0,"4.0-4.1":0,"4.2-4.3":0,"5.0-5.1":0,"6.0-6.1":0.0571752697082,"7.0-7.1":0.252434209655,"8.1-8.4":0.344130396923,"9.0-9.2":0.0679630564456,"9.3":0.933143552785,"10.0-10.2":8.51264251448},"8":{"0":2.10229080131},"9":{"3":0,"4":0.0535320153061,"2.1":0,"2.2":0,"2.3":0,"4.1":0.160596045918,"4.2-4.3":0.517119267857,"4.4":1.14237320663,"4.4.3-4.4.4":0.644525464286},"10":{"7":0.02056275},"11":{"0":0.00460019868996,"10":0,"11":0,"12":0,"11.1":0,"11.5":0,"12.1":0},"12":{"0":26.421909},"13":{"0":0.012654},"14":{"10":0.034276368932,"11":0.161860631068},"15":{"0":14.950701},"16":{"0":6.13719},"17":{}}