{"1":{"6":0.00347399855908,"7":0.00694799711816,"8":0.336977860231,"9":0.177173926513,"10":0.166751930836,"11":4.13058428674},"2":{"12":0.152636,"13":0.222016,"14":0.957444},"3":{"3":0.003469,"10":0.003469,"12":0.003469,"15":0.003469,"20":0.003469,"21":0.003469,"24":0.003469,"25":0.006938,"27":0.006938,"31":0.003469,"34":0.003469,"36":0.003469,"37":0.006938,"38":0.017345,"39":0.024283,"40":0.010407,"41":0.013876,"42":0.006938,"43":0.024283,"44":0.020814,"45":0.03469,"46":0.010407,"47":0.097132,"48":0.152636,"49":0.076318,"50":2.282602,"51":0.339962,"52":0.013876,"3.6":0.006938},"4":{"11":0.013876,"13":0.045097,"16":0.006938,"18":0.006938,"21":0.031221,"22":0.010407,"24":0.003469,"25":0.010407,"26":0.020814,"27":0.003469,"28":0.010407,"29":0.024283,"30":0.027752,"31":0.048566,"32":0.048566,"33":0.03469,"34":0.031221,"35":0.003469,"36":0.107539,"37":0.006938,"38":0.027752,"39":0.017345,"40":0.006938,"41":0.017345,"42":0.006938,"43":0.149167,"44":0.020814,"45":0.010407,"46":0.031221,"47":0.027752,"48":0.027752,"49":0.881126,"50":0.038159,"51":0.083256,"52":0.159574,"53":0.239361,"54":0.329555,"55":18.434266,"56":0.270582,"57":0.114477},"5":{"4":0,"5":0.024283,"6":0.031221,"7":0.06938,"8":0.194264,"9":0.284458,"10":1.66512,"5.1":0.048566,"6.1":0.027752,"7.1":0.006938,"9.1":0.530757},"6":{"28":0.006938,"34":0.003469,"36":0.006938,"37":0.003469,"38":0.017345,"40":0.024283,"41":0.076318,"42":0.079787,"43":0.006938,"10.0-10.1":0,"12.1":0.006938},"7":{"8":0,"3.2":0,"4.0-4.1":0,"4.2-4.3":0,"5.0-5.1":0,"6.0-6.1":0.0418898772286,"7.0-7.1":0.196882422974,"8.1-8.4":0.236677806341,"9.0-9.2":0.106819186933,"9.3":0.919482805167,"10.0-10.2":8.30780990136},"8":{"0":2.43074408515},"9":{"3":0,"4":0.0553003472585,"2.1":0,"2.2":0,"2.3":0,"4.1":0.17884367624,"4.2-4.3":0.544767250653,"4.4":1.23425668668,"4.4.3-4.4.4":0.690666039164},"10":{"7":0.02122575},"11":{"0":0.00531891484716,"10":0,"11":0,"12":0,"11.1":0,"11.5":0,"12.1":0},"12":{"0":27.038089},"13":{"0":0.013062},"14":{"10":0.0388055533981,"11":0.183248446602},"15":{"0":16.014012},"16":{"0":6.028113}}