{"1":{"6":0.00336273959068,"7":0.00672547918137,"8":0.433793407198,"9":0.299283823571,"10":0.205127115032,"11":3.81670943543},"2":{"12":0.06716,"13":0.208196,"14":0.826068},"3":{"3":0.006716,"10":0.003358,"11":0.006716,"12":0.003358,"14":0.003358,"15":0.003358,"20":0.003358,"21":0.043654,"22":0.010074,"23":0.006716,"24":0.040296,"25":0.01679,"27":0.006716,"29":0.010074,"31":0.006716,"33":0.006716,"36":0.006716,"37":0.043654,"38":0.010074,"39":0.010074,"40":0.006716,"41":0.010074,"42":0.006716,"43":0.030222,"44":0.020148,"45":0.026864,"46":0.01679,"47":0.13432,"48":0.1679,"49":0.1679,"50":2.45134,"51":0.124246,"52":0.006716,"3.6":0.010074},"4":{"11":0.006716,"12":0.003358,"13":0.040296,"18":0.006716,"19":0.003358,"20":0.010074,"21":0.053728,"22":0.013432,"24":0.006716,"25":0.010074,"26":0.010074,"27":0.020148,"28":0.01679,"29":0.026864,"30":0.023506,"31":0.060444,"32":0.03358,"33":0.030222,"34":0.03358,"35":0.010074,"36":0.077234,"37":0.01679,"38":0.03358,"39":0.020148,"40":0.010074,"41":0.087308,"42":0.006716,"43":0.141036,"44":0.026864,"45":0.01679,"46":0.01679,"47":0.026864,"48":0.036938,"49":1.0074,"50":0.043654,"51":0.18469,"52":0.228344,"53":0.157826,"54":8.63006,"55":8.989366,"56":0.080592,"57":0.05037},"5":{"4":0,"5":0.01679,"6":0.020148,"7":0.073876,"8":0.204838,"9":0.238418,"10":1.457372,"5.1":0.063802,"6.1":0.057086,"7.1":0.010074,"9.1":0.527206},"6":{"12":0.006716,"20":0.003358,"28":0.063802,"34":0.003358,"36":0.010074,"37":0.006716,"38":0.023506,"40":0.020148,"41":0.1679,"42":0.013432,"10.0-10.1":0,"11.6":0.003358,"12.1":0.01679},"7":{"8":0,"3.2":0,"4.0-4.1":0,"4.2-4.3":0,"5.0-5.1":0,"6.0-6.1":0,"7.0-7.1":0.167190961264,"8.1-8.4":0.253807965293,"9.0-9.2":0.170212484661,"9.3":1.07868385249,"10.0-10.2":8.08056073629},"8":{"0":3.69039344838},"9":{"3":0,"4":0.0611608150338,"2.1":0,"2.2":0,"2.3":0,"4.1":0.200956963682,"4.2-4.3":0.575410933277,"4.4":1.32681523226,"4.4.3-4.4.4":0.791346055743},"10":{"7":0.026568},"11":{"0":0.281522551618,"10":0,"11":0,"12":0,"11.1":0,"11.5":0,"12.1":0},"12":{"0":28.066298},"13":{"0":0.013284},"14":{"10":0.0571212,"11":0.2284848},"15":{"0":14.74524},"16":{"0":5.725404}}