{"1":{"7":0.003552,"8":0.148296,"9":0.02664,"10":0.030192,"11":0.498168},"2":{"12":0.034632,"13":0.047952,"14":0.043512},"3":{"2":0.00444,"3":0.078144,"4":0.015984,"5":0.005328,"7":0.014208,"8":0.002664,"9":0.014208,"10":0.015096,"11":0.02664,"12":0.018648,"13":0.005328,"14":0.007992,"15":0.02664,"16":0.015096,"17":0.019536,"18":0.001776,"19":0.01332,"20":0.02664,"21":0.007104,"22":0.000888,"23":0.002664,"24":0.00888,"25":0.002664,"26":0.005328,"27":0.00444,"28":0.006216,"29":0.00444,"30":0.074592,"31":0.034632,"32":0.021312,"33":0.011544,"34":0.009768,"35":0.006216,"36":0.020424,"37":0.063048,"38":0.020424,"39":0.009768,"40":0.005328,"41":0.0222,"42":0.007104,"43":0.077256,"44":0.065712,"45":0.024864,"46":0.018648,"47":0.216672,"48":0.077256,"49":0.153624,"50":1.754688,"51":0.126984,"3.5":0.000888,"3.6":0.045288},"4":{"8":0.051504,"10":0.000888,"11":0.005328,"12":0.000888,"15":0.00444,"16":0.005328,"17":0.003552,"18":0.003552,"25":0.00444,"26":0.00444,"27":0.001776,"28":0.002664,"30":0.003552,"31":0.007104,"32":0.000888,"33":0.00444,"34":0.001776,"36":0.147408,"37":0.001776,"41":0.002664,"42":0.002664,"43":0.076368,"44":0.002664,"45":0.015984,"47":0.014208,"48":0.00444,"49":0.072816,"50":0.00888,"51":0.031968,"52":0.028416,"53":0.024864,"54":1.689864,"55":1.4874,"56":0.00888,"57":0.002664},"5":{"4":0,"5":0.000888,"8":0.005328,"9":0.00888,"10":0.099456,"5.1":0.001776,"6.1":0.001776,"9.1":0.021312},"6":{"11":0.005328,"17":0.001776,"18":0.003552,"21":0.005328,"29":0.029304,"30":0.000888,"33":0.007104,"34":0.00888,"35":0.011544,"36":0.00888,"37":0.063936,"38":0.005328,"39":0.001776,"40":0.005328,"41":0.126984,"42":0.055944,"10.0-10.1":0,"11.6":0.001776,"12.1":0.007104},"7":{"8":0,"3.2":0,"4.0-4.1":0,"4.2-4.3":0,"5.0-5.1":0,"6.0-6.1":0,"7.0-7.1":0.007030951348,"8.1-8.4":0.0106734924078,"9.0-9.2":0.00715801673381,"9.3":0.0453623427332,"10.0-10.2":0.339815196777},"8":{"0":73.5116426626},"9":{"3":0,"4":0.0360131790541,"2.1":0,"2.2":0,"2.3":0,"4.1":0.118329016892,"4.2-4.3":0.338817868243,"4.4":0.781265496622,"4.4.3-4.4.4":0.465966439189},"10":{"7":0.006834},"11":{"0":5.60785333744,"10":0,"11":0,"12":0,"11.1":0,"11.5":0,"12.1":0},"12":{"0":6.111976},"13":{},"14":{"10":0.0783632,"11":0.3134528},"15":{"0":2.578696},"16":{"0":0.36448}}