{"1":{"7":0.007575,"8":0.295425,"9":1.37865,"10":0.901425,"11":21.0282},"2":{"12":0.1515,"13":0.598425,"14":4.86315},"3":{"6":0.007575,"17":0.007575,"26":0.01515,"38":0.01515,"41":0.053025,"42":0.0303,"43":0.01515,"45":0.037875,"46":0.022725,"47":0.037875,"48":0.31815,"49":0.0303,"50":4.098075,"51":0.53025,"52":0.007575},"4":{"11":0.007575,"21":0.007575,"22":0.01515,"23":0.007575,"27":0.022725,"28":0.022725,"32":0.037875,"34":0.0303,"36":0.416625,"37":0.007575,"38":0.0303,"39":0.083325,"41":0.01515,"42":0.0606,"43":0.037875,"44":0.0303,"45":0.01515,"46":0.0303,"47":0.04545,"48":0.083325,"49":1.598325,"50":0.174225,"51":0.2121,"52":0.04545,"53":0.13635,"54":0.49995,"55":29.186475,"56":0.340875,"57":0.037875},"5":{"4":0.01515,"5":0.1212,"6":0.10605,"7":0.037875,"8":0.265125,"9":0.249975,"10":4.25715,"5.1":0.40905,"6.1":0.174225,"7.1":0.01515,"9.1":1.5756},"6":{"36":0.01515,"37":0.007575,"42":0.083325,"10.0-10.1":0},"7":{"8":0,"3.2":0,"4.0-4.1":0,"4.2-4.3":0,"5.0-5.1":0,"6.0-6.1":0.0482677997224,"7.0-7.1":0.226858658695,"8.1-8.4":0.272713068432,"9.0-9.2":0.123082889292,"9.3":1.05947820391,"10.0-10.2":9.57271137995},"8":{"0":0.142703737991},"9":{"3":0,"4":0.0148235300261,"2.1":0,"2.2":0,"2.3":0,"4.1":0.047939926893,"4.2-4.3":0.14602754047,"4.4":0.330848574413,"4.4.3-4.4.4":0.185136428198},"10":{"7":0.206646},"11":{"0":0.000312262008734,"10":0,"11":0,"12":0,"11.1":0,"11.5":0,"12.1":0},"12":{"0":6.90537},"13":{"0":0.007272},"14":{"10":0.0165208543689,"11":0.0780151456311},"15":{"0":0.02424},"16":{"0":4.305024}}