{"1":{"7":0.00743,"8":0.36407,"9":1.46371,"10":0.92875,"11":20.49937},"2":{"12":0.13374,"13":0.63898,"14":4.9781},"3":{"6":0.01486,"16":0.00743,"17":0.00743,"26":0.02229,"38":0.01486,"41":0.02229,"42":0.0743,"43":0.02229,"45":0.03715,"46":0.02229,"47":0.0743,"48":0.31206,"49":0.11145,"50":4.37627,"51":0.05201,"3.5":0.01486,"3.6":0.00743},"4":{"11":0.00743,"12":0.01486,"22":0.01486,"23":0.00743,"27":0.02972,"28":0.02972,"29":0.01486,"32":0.01486,"34":0.03715,"35":0.01486,"36":0.09659,"37":0.00743,"38":0.05201,"39":0.08173,"41":0.02972,"42":0.04458,"43":0.02972,"44":0.02972,"45":0.02229,"46":0.02972,"47":0.04458,"48":0.0743,"49":1.74605,"50":0.15603,"51":0.24519,"52":0.10402,"53":0.17832,"54":16.72493,"55":12.16291,"56":0.05201,"57":0.02229},"5":{"4":0.02229,"5":0.13374,"6":0.11888,"7":0.05944,"8":0.34178,"9":0.23776,"10":3.77444,"5.1":0.39379,"6.1":0.20804,"7.1":0.01486,"9.1":1.70147},"6":{"36":0.00743,"37":0.02229,"41":0.05944,"42":0.02229,"10.0-10.1":0},"7":{"8":0,"3.2":0,"4.0-4.1":0,"4.2-4.3":0,"5.0-5.1":0,"6.0-6.1":0,"7.0-7.1":0.19902067679,"8.1-8.4":0.302127774403,"9.0-9.2":0.202617436009,"9.3":1.28404304121,"10.0-10.2":9.61893307158},"8":{"0":0.152762477658},"9":{"3":0,"4":0.0161603986486,"2.1":0,"2.2":0,"2.3":0,"4.1":0.0530984527027,"4.2-4.3":0.152039668919,"4.4":0.350581709459,"4.4.3-4.4.4":0.20909577027},"10":{"7":0.2658915},"11":{"0":0.0116535223421,"10":0,"11":0,"12":0,"11.1":0,"11.5":0,"12.1":0},"12":{"0":7.257175},"13":{"0":0.015414},"14":{"10":0.0174692,"11":0.0698768},"15":{"0":0.028259},"16":{"0":4.886238}}