{"1":{"8":0.317898,"9":1.392696,"10":0.862866,"11":21.109941},"2":{"12":0.105966,"13":0.582813,"14":4.972833},"3":{"6":0.015138,"17":0.007569,"26":0.022707,"38":0.015138,"41":0.052983,"43":0.030276,"45":0.022707,"47":0.022707,"48":0.287622,"49":0.022707,"50":0.287622,"51":4.140243,"52":0.052983,"3.5":0.030276},"4":{"11":0.022707,"32":0.052983,"34":0.015138,"36":0.15138,"38":0.030276,"39":0.083259,"42":0.060552,"43":0.045414,"44":0.022707,"45":0.022707,"46":0.052983,"47":0.060552,"48":0.045414,"49":1.718163,"50":0.204363,"51":0.105966,"52":0.030276,"53":0.068121,"54":0.07569,"55":7.818777,"56":22.85838,"57":0.037845,"58":0.022707},"5":{"4":0.007569,"5":0.143811,"6":0.07569,"7":0.037845,"8":0.22707,"9":0.204363,"10":4.140243,"5.1":0.423864,"6.1":0.22707,"7.1":0.007569,"9.1":1.453248,"10.1":0.007569},"6":{"42":0.030276,"43":0.07569,"10.0-10.1":0},"7":{"8":0,"3.2":0,"4.0-4.1":0,"4.2-4.3":0,"5.0-5.1":0,"6.0-6.1":0.061926662069,"7.0-7.1":0.273412055172,"8.1-8.4":0.3727284,"9.0-9.2":0.073610937931,"9.3":1.01068986207,"10.0-10.2":9.22006208276},"8":{"0":0.242569213974},"9":{"3":0,"4":0.0113694727891,"2.1":0,"2.2":0,"2.3":0,"4.1":0.0341084183673,"4.2-4.3":0.109829107143,"4.4":0.24262454932,"4.4.3-4.4.4":0.136888452381},"10":{"7":0.1713855},"11":{"0":0.000530786026201,"10":0,"11":0,"12":0,"11.1":0,"11.5":0,"12.1":0},"12":{"0":7.319571},"13":{"0":0.004862},"14":{"10":0.0157188932039,"11":0.0742281067961},"15":{"0":0.017017},"16":{"0":4.480333},"17":{}}