{"1":{"6":0.00268,"7":0.00268,"8":0.09112,"9":0.20904,"10":0.05896,"11":0.87368},"2":{"12":0.01608,"13":0.12596,"14":0.38324},"3":{"3":0.01072,"4":0.00268,"6":0.00536,"7":0.00268,"9":0.0134,"10":0.00268,"11":0.00536,"12":0.00804,"16":0.00536,"19":0.00536,"20":0.00268,"25":0.00268,"27":0.00804,"28":0.00536,"29":0.01876,"30":0.00804,"31":0.0134,"32":0.06968,"33":0.00804,"34":0.00536,"35":0.00804,"36":0.0134,"37":0.01072,"38":0.01608,"39":0.02144,"40":0.0134,"41":0.01608,"42":0.00804,"43":0.05092,"44":0.04556,"45":0.04824,"46":0.1474,"47":0.19028,"48":0.1876,"49":0.14204,"50":2.5594,"51":0.3484,"53":0.00804,"3.6":0.02144},"4":{"11":0.01608,"14":0.00804,"18":0.00536,"22":0.01608,"26":0.00268,"27":0.01072,"28":0.00536,"29":0.00536,"31":0.07772,"32":0.03216,"33":0.067,"34":0.00804,"35":0.00268,"36":0.47972,"37":0.00536,"38":0.02948,"39":0.01608,"40":0.00804,"41":0.00804,"42":0.00804,"43":0.0402,"44":0.04556,"45":0.02948,"46":0.05092,"47":0.04288,"48":0.0402,"49":0.77988,"50":0.03484,"51":0.0536,"52":0.16616,"53":0.21708,"54":7.83632,"55":7.63264,"56":0.06968,"57":0.03484},"5":{"4":0.00268,"5":0.03752,"6":0.00536,"7":0.0134,"8":0.11256,"9":0.10184,"10":1.10684,"5.1":0.10452,"6.1":0.0268,"7.1":0.00268,"9.1":0.32964},"6":{"12":0.00268,"19":0.00268,"35":0.00536,"36":0.0134,"37":0.06432,"41":0.1474,"42":0.04824,"43":0.01072,"10.0-10.1":0,"12.1":0.00804},"7":{"8":0,"3.2":0,"4.0-4.1":0,"4.2-4.3":0,"5.0-5.1":0,"6.0-6.1":0,"7.0-7.1":0.140056674311,"8.1-8.4":0.212616156182,"9.0-9.2":0.142587819027,"9.3":0.903618663774,"10.0-10.2":6.76912468671},"8":{"0":32.0019384314},"9":{"3":0,"4":0.095261359375,"2.1":0,"2.2":0,"2.3":0,"4.1":0.313001609375,"4.2-4.3":0.896234421875,"4.4":2.06658826562,"4.4.3-4.4.4":1.23256534375},"10":{"7":0.0036595},"11":{"0":2.44127556857,"10":0,"11":0,"12":0,"11.1":0,"11.5":0,"12.1":0},"12":{"0":15.512946},"13":{"0":0.043914},"14":{"10":0.0087828,"11":0.0351312},"15":{"0":5.899114},"16":{"0":4.362124}}