{"1":{"6":0.0043334180791,"8":0.307672683616,"9":0.112668870056,"10":0.138669378531,"11":0.970685649718},"2":{"12":0.05142,"13":0.089985,"14":0.287095},"3":{"2":0.004285,"3":0.03428,"4":0.00857,"5":0.00857,"8":0.012855,"11":0.004285,"12":0.029995,"14":0.00857,"15":0.004285,"16":0.012855,"17":0.021425,"18":0.00857,"19":0.00857,"20":0.012855,"21":0.00857,"22":0.00857,"23":0.00857,"24":0.00857,"25":0.012855,"26":0.00857,"27":0.012855,"28":0.01714,"29":0.02571,"30":0.02571,"31":0.021425,"32":0.02571,"33":0.03428,"34":0.04285,"35":0.064275,"36":0.038565,"37":0.047135,"38":0.09427,"39":0.064275,"40":0.05999,"41":0.038565,"42":0.05999,"43":0.30852,"44":0.081415,"45":0.13712,"46":0.089985,"47":0.53134,"48":0.43707,"49":0.364225,"50":5.669055,"51":0.05142,"52":0.02571,"3.5":0.00857,"3.6":0.021425},"4":{"8":0.00857,"11":0.04285,"13":0.00857,"18":0.03428,"19":0.004285,"21":0.004285,"22":0.01714,"23":0.03428,"24":0.00857,"25":0.047135,"26":0.02571,"27":0.00857,"28":0.00857,"29":0.01714,"30":0.00857,"31":0.07713,"32":0.021425,"33":0.07713,"34":0.021425,"35":0.03428,"36":0.10284,"37":0.021425,"38":0.11141,"39":0.05142,"40":0.047135,"41":0.029995,"42":0.02571,"43":0.141405,"44":0.089985,"45":0.064275,"46":0.064275,"47":0.09427,"48":0.0857,"49":1.85112,"50":0.11998,"51":0.295665,"52":0.3428,"53":0.518485,"54":12.696455,"55":11.47523,"56":0.047135,"57":0.012855},"5":{"4":0,"5":0.00857,"6":0.00857,"7":0.00857,"8":0.167115,"9":0.11998,"10":0.53991,"5.1":0.03428,"6.1":0.00857,"7.1":0.004285,"9.1":0.312805},"6":{"29":0.00857,"35":0.004285,"36":0.021425,"37":0.02571,"38":0.02571,"39":0.01714,"40":0.00857,"41":0.295665,"42":0.124265,"10.0-10.1":0,"12.1":0.00857},"7":{"8":0,"3.2":0,"4.0-4.1":0,"4.2-4.3":0,"5.0-5.1":0,"6.0-6.1":0,"7.0-7.1":0.0382180663155,"8.1-8.4":0.0580177874187,"9.0-9.2":0.0389087542609,"9.3":0.246575596529,"10.0-10.2":1.84712979548},"8":{"0":4.29042397535},"9":{"3":0,"4":0.137888855574,"2.1":0,"2.2":0,"2.3":0,"4.1":0.453063382601,"4.2-4.3":1.29728086571,"4.4":2.99134394848,"4.4.3-4.4.4":1.78411294764},"10":{"7":0.0085725},"11":{"0":0.327296024653,"10":0,"11":0,"12":0,"11.1":0,"11.5":0,"12.1":0},"12":{"0":35.154045},"13":{"0":0.03429},"14":{"10":0.086868,"11":0.347472},"15":{"0":2.486025},"16":{"0":6.42366}}