{"1":{"6":0.00407378787879,"8":0.289238939394,"9":0.105918484848,"10":0.114066060606,"11":0.822905151515},"2":{"12":0.052325,"13":0.08855,"14":0.322},"3":{"3":0.028175,"4":0.012075,"5":0.00805,"8":0.020125,"10":0.004025,"11":0.00805,"12":0.0322,"14":0.004025,"15":0.004025,"16":0.02415,"17":0.020125,"18":0.00805,"20":0.012075,"21":0.0161,"22":0.012075,"23":0.00805,"24":0.00805,"25":0.012075,"26":0.00805,"27":0.00805,"28":0.012075,"29":0.020125,"30":0.0322,"31":0.028175,"32":0.020125,"33":0.028175,"34":0.0322,"35":0.052325,"36":0.028175,"37":0.052325,"38":0.0805,"39":0.0644,"40":0.0483,"41":0.036225,"42":0.044275,"43":0.2415,"44":0.052325,"45":0.1288,"46":0.084525,"47":0.4508,"48":0.342125,"49":0.21735,"50":4.77365,"51":0.61985,"52":0.028175,"3.5":0.012075,"3.6":0.02415},"4":{"8":0.00805,"11":0.044275,"13":0.004025,"17":0.004025,"18":0.02415,"20":0.004025,"21":0.00805,"22":0.02415,"23":0.02415,"24":0.00805,"25":0.0322,"26":0.02415,"27":0.00805,"28":0.00805,"29":0.020125,"30":0.012075,"31":0.07245,"32":0.0161,"33":0.05635,"34":0.02415,"35":0.020125,"36":0.148925,"37":0.020125,"38":0.116725,"39":0.04025,"40":0.036225,"41":0.02415,"42":0.012075,"43":0.12075,"44":0.076475,"45":0.0644,"46":0.05635,"47":0.092575,"48":0.076475,"49":1.694525,"50":0.092575,"51":0.261625,"52":0.237475,"53":0.4025,"54":0.5474,"55":22.8137,"56":0.4025,"57":0.012075},"5":{"4":0,"5":0.00805,"7":0.00805,"8":0.132825,"9":0.108675,"10":0.5313,"5.1":0.02415,"6.1":0.00805,"7.1":0.004025,"9.1":0.2254},"6":{"28":0.00805,"29":0.00805,"35":0.004025,"36":0.02415,"37":0.02415,"38":0.020125,"39":0.004025,"41":0.00805,"42":0.317975,"43":0.004025,"10.0-10.1":0,"12.1":0.00805},"7":{"8":0,"3.2":0,"4.0-4.1":0,"4.2-4.3":0,"5.0-5.1":0,"6.0-6.1":0.00951713462154,"7.0-7.1":0.0447305327213,"8.1-8.4":0.0537718106117,"9.0-9.2":0.0242686932849,"9.3":0.208901104943,"10.0-10.2":1.88748572382},"8":{"0":4.10182445415},"9":{"3":0,"4":0.130513968668,"2.1":0,"2.2":0,"2.3":0,"4.1":0.42208772846,"4.2-4.3":1.28570143603,"4.4":2.91296070496,"4.4.3-4.4.4":1.63003616188},"10":{"7":0.0089625},"11":{"0":0.00897554585153,"10":0,"11":0,"12":0,"11.1":0,"11.5":0,"12.1":0},"12":{"0":37.6776},"13":{"0":0.029875},"14":{"10":0.0730922330097,"11":0.34515776699},"15":{"0":2.634975},"16":{"0":6.87125}}