{"1":{"8":0.268090554745,"9":0.176375364964,"10":0.126990262774,"11":1.36161781752},"2":{"12":0.047313,"13":0.121662,"14":0.919224},"3":{"3":0.006759,"21":0.006759,"23":0.006759,"24":0.006759,"30":0.006759,"31":0.040554,"33":0.013518,"35":0.013518,"36":0.006759,"37":0.013518,"38":0.047313,"39":0.013518,"40":0.013518,"41":0.027036,"42":0.013518,"43":0.06759,"44":0.013518,"45":0.108144,"46":0.040554,"47":0.223047,"48":0.13518,"49":0.074349,"50":0.304155,"51":4.765095,"52":0.040554,"53":0.013518,"3.6":0.006759},"4":{"11":0.006759,"18":0.020277,"22":0.033795,"25":0.006759,"26":0.013518,"28":0.006759,"29":0.013518,"31":0.013518,"32":0.493407,"33":0.013518,"34":0.027036,"35":0.378504,"36":2.331855,"37":0.027036,"38":0.027036,"39":0.033795,"40":0.027036,"41":0.033795,"42":0.027036,"43":0.263601,"44":0.054072,"45":0.033795,"46":0.060831,"47":2.29806,"48":0.06759,"49":1.196343,"50":0.101385,"51":0.621828,"52":0.189252,"53":0.256842,"54":0.344709,"55":10.537281,"56":35.336052,"57":0.20277,"58":0.121662},"5":{"4":0.006759,"5":0.006759,"7":0.013518,"8":0.047313,"9":0.047313,"10":0.831357,"5.1":0.013518,"6.1":0.013518,"9.1":0.182493,"10.1":0.013518},"6":{"28":0.006759,"36":0.013518,"38":0.040554,"42":0.175734,"43":0.33795,"10.0-10.1":0,"12.1":0.013518},"7":{"8":0,"3.2":0,"4.0-4.1":0,"4.2-4.3":0,"5.0-5.1":0,"6.0-6.1":0.0166396550663,"7.0-7.1":0.0734656468966,"8.1-8.4":0.100151886154,"9.0-9.2":0.019779212626,"9.3":0.271571728912,"10.0-10.2":2.47742487034},"8":{"0":1.04455731659},"9":{"3":0,"4":0.0511229166667,"2.1":0,"2.2":0,"2.3":0,"4.1":0.15336875,"4.2-4.3":0.493847375,"4.4":1.09096304167,"4.4.3-4.4.4":0.615519916667},"10":{"7":0.003241},"11":{"0":0.00228568340611,"10":0,"11":0,"12":0,"11.1":0,"11.5":0,"12.1":0},"12":{"0":22.629908},"13":{"0":0.012964},"14":{"10":0.118375165049,"11":0.558993834951},"15":{"0":0.638477},"16":{"0":1.895985},"17":{}}