{"1":{"6":0.0071393639576,"7":0.0071393639576,"8":0.278435194346,"9":0.185623462898,"10":0.164205371025,"11":1.37789724382},"2":{"12":0.04746,"13":0.15594,"14":0.76614},"3":{"3":0.01356,"30":0.00678,"31":0.05424,"33":0.01356,"34":0.00678,"35":0.01356,"36":0.00678,"37":0.01356,"38":0.06102,"39":0.01356,"40":0.02034,"41":0.02712,"42":0.02034,"43":0.11526,"44":0.02712,"45":0.12882,"46":0.07458,"47":0.36612,"48":0.22374,"49":0.17628,"50":4.99686,"51":0.04068,"52":0.01356,"3.6":0.00678},"4":{"18":0.00678,"22":0.02034,"25":0.00678,"26":0.01356,"29":0.02034,"31":0.01356,"32":0.339,"33":0.01356,"34":0.02034,"35":0.35934,"36":2.02044,"37":0.02712,"38":0.02712,"39":0.04068,"40":0.0339,"41":0.02712,"42":0.02712,"43":0.28476,"44":0.06102,"45":0.04068,"46":0.0678,"47":2.16282,"48":0.1017,"49":1.24752,"50":0.1695,"51":0.92208,"52":0.31866,"53":0.41358,"54":22.74012,"55":22.90962,"56":0.19662,"57":0.0678},"5":{"4":0.01356,"5":0.00678,"7":0.01356,"8":0.06102,"9":0.06102,"10":0.8136,"5.1":0.01356,"6.1":0.02034,"9.1":0.25086},"6":{"36":0.00678,"37":0.00678,"38":0.08814,"40":0.00678,"41":0.31866,"42":0.17628,"10.0-10.1":0,"12.1":0.01356},"7":{"8":0,"3.2":0,"4.0-4.1":0,"4.2-4.3":0,"5.0-5.1":0,"6.0-6.1":0,"7.0-7.1":0.0669185249458,"8.1-8.4":0.101587158351,"9.0-9.2":0.0681278958785,"9.3":0.431745422993,"10.0-10.2":3.23426099783},"8":{"0":0.774868936826},"9":{"3":0,"4":0.0457082263514,"2.1":0,"2.2":0,"2.3":0,"4.1":0.150184172297,"4.2-4.3":0.430030456081,"4.4":0.991588665541,"4.4.3-4.4.4":0.59140847973},"10":{"7":0.00322},"11":{"0":0.0591110631741,"10":0,"11":0,"12":0,"11.1":0,"11.5":0,"12.1":0},"12":{"0":22.71804},"13":{"0":0.00966},"14":{"10":0.134596,"11":0.538384},"15":{"0":0.51198},"16":{"0":1.5134}}