{"1":{"8":0.270721972603,"9":0.180481315068,"10":0.173539726027,"11":1.4022009863},"2":{"12":0.046368,"13":0.13248,"14":0.79488},"3":{"3":0.006624,"21":0.006624,"23":0.006624,"24":0.006624,"31":0.046368,"33":0.013248,"34":0.006624,"35":0.006624,"36":0.013248,"37":0.019872,"38":0.059616,"39":0.013248,"40":0.019872,"41":0.03312,"42":0.013248,"43":0.092736,"44":0.019872,"45":0.112608,"46":0.052992,"47":0.317952,"48":0.218592,"49":0.092736,"50":4.226112,"51":0.510048,"52":0.013248,"3.6":0.006624},"4":{"11":0.006624,"18":0.006624,"22":0.019872,"25":0.006624,"26":0.013248,"29":0.019872,"31":0.013248,"32":0.52992,"33":0.013248,"34":0.019872,"35":0.52992,"36":3.060288,"37":0.019872,"38":0.019872,"39":0.039744,"40":0.026496,"41":0.03312,"42":0.026496,"43":0.238464,"44":0.059616,"45":0.039744,"46":0.059616,"47":3.172896,"48":0.086112,"49":1.238688,"50":0.125856,"51":0.76176,"52":0.225216,"53":0.291456,"54":0.582912,"55":41.843808,"56":0.708768,"57":0.112608,"58":0.006624},"5":{"4":0.013248,"5":0.006624,"7":0.006624,"8":0.046368,"9":0.046368,"10":0.735264,"5.1":0.013248,"6.1":0.013248,"9.1":0.185472},"6":{"28":0.013248,"36":0.006624,"38":0.06624,"41":0.006624,"42":0.437184,"10.0-10.1":0,"12.1":0.013248},"7":{"8":0,"3.2":0,"4.0-4.1":0,"4.2-4.3":0,"5.0-5.1":0,"6.0-6.1":0.0159638689015,"7.0-7.1":0.0750301838369,"8.1-8.4":0.0901958592933,"9.0-9.2":0.0407078656987,"9.3":0.350406922387,"10.0-10.2":3.16603429988},"8":{"0":0.967082844978},"9":{"3":0,"4":0.0512486936466,"2.1":0,"2.2":0,"2.3":0,"4.1":0.165740456049,"4.2-4.3":0.504854152306,"4.4":1.14382722628,"4.4.3-4.4.4":0.640063471715},"10":{"7":0.003377},"11":{"0":0.00211615502183,"10":0,"11":0,"12":0,"11.1":0,"11.5":0,"12.1":0},"12":{"0":23.667044},"13":{"0":0.010131},"14":{"10":0.112129514563,"11":0.529500485437},"15":{"0":0.570713},"16":{"0":1.783056}}