{"1":{"6":0.00518994672755,"7":0.0155698401826,"8":0.176458188737,"9":0.223167709285,"10":0.337346537291,"11":5.93210910959},"2":{"12":0.217812,"13":0.715668,"14":3.858384},"3":{"13":0.005186,"16":0.010372,"23":0.010372,"24":0.020744,"25":0.005186,"31":0.020744,"32":0.015558,"33":0.031116,"38":0.02593,"41":0.005186,"42":0.010372,"43":0.036302,"45":0.072604,"46":0.046674,"47":0.176324,"48":0.280044,"49":0.031116,"50":3.05974,"51":0.280044},"4":{"11":0.015558,"12":0.010372,"18":0.010372,"26":0.010372,"29":0.010372,"30":0.010372,"32":0.067418,"33":0.041488,"34":0.020744,"36":0.513414,"37":0.020744,"38":0.02593,"39":0.020744,"40":0.015558,"42":0.02593,"43":0.062232,"44":0.02593,"45":0.020744,"46":0.015558,"47":0.041488,"48":0.020744,"49":1.467638,"50":0.248928,"51":0.461554,"52":0.15558,"53":0.248928,"54":0.41488,"55":24.980962,"56":0.280044,"57":0.020744},"5":{"4":0,"5":0.036302,"6":0.010372,"7":0.02593,"8":0.12965,"9":0.145208,"10":2.328514,"5.1":0.150394,"6.1":0.05186,"7.1":0.010372,"9.1":0.845318},"6":{"29":0.015558,"33":0.015558,"36":0.005186,"37":0.015558,"38":0.07779,"42":0.145208,"10.0-10.1":0,"12.1":0.005186},"7":{"8":0,"3.2":0,"4.0-4.1":0,"4.2-4.3":0,"5.0-5.1":0,"6.0-6.1":0.047466749226,"7.0-7.1":0.223093721362,"8.1-8.4":0.268187133127,"9.0-9.2":0.121040210526,"9.3":1.04189514551,"10.0-10.2":9.41384304025},"8":{"0":0.513973331878},"9":{"3":0,"4":0.0423372236728,"2.1":0,"2.2":0,"2.3":0,"4.1":0.136920382942,"4.2-4.3":0.417066692776,"4.4":0.944930800696,"4.4.3-4.4.4":0.528764899913},"10":{"7":0.0276805},"11":{"0":0.00112466812227,"10":0,"11":0,"12":0,"11.1":0,"11.5":0,"12.1":0},"12":{"0":26.421336},"13":{"0":0.038512},"14":{"10":0.078239184466,"11":0.369462815534},"15":{"0":0.235886},"16":{"0":8.987738}}