{"1":{"7":0.010012,"8":0.180216,"9":0.22527,"10":0.380456,"11":6.037236},"2":{"12":0.180216,"13":0.570684,"14":4.445328},"3":{"11":0.010012,"13":0.005006,"16":0.015018,"23":0.010012,"24":0.010012,"31":0.020024,"32":0.010012,"33":0.020024,"38":0.020024,"42":0.005006,"43":0.045054,"45":0.070084,"46":0.035042,"47":0.180216,"48":0.280336,"49":0.020024,"50":0.220264,"51":3.208846,"52":0.030036},"4":{"11":0.015018,"18":0.020024,"22":0.005006,"25":0.005006,"29":0.005006,"30":0.010012,"31":0.005006,"32":0.05006,"33":0.035042,"34":0.010012,"35":0.005006,"36":0.45054,"37":0.02503,"38":0.020024,"39":0.020024,"40":0.010012,"42":0.030036,"43":0.07509,"44":0.030036,"45":0.010012,"46":0.010012,"47":0.020024,"48":0.030036,"49":1.27653,"50":0.085102,"51":0.415498,"52":0.070084,"53":0.210252,"54":0.10012,"55":7.218652,"56":17.480952,"57":0.055066,"58":0.040048},"5":{"4":0,"5":0.030036,"6":0.010012,"7":0.020024,"8":0.095114,"9":0.140168,"10":2.112532,"5.1":0.145174,"6.1":0.055066,"9.1":0.730876,"10.1":0.010012},"6":{"29":0.015018,"33":0.005006,"37":0.005006,"38":0.120144,"42":0.045054,"43":0.07509,"10.0-10.1":0},"7":{"8":0,"3.2":0,"4.0-4.1":0,"4.2-4.3":0,"5.0-5.1":0,"6.0-6.1":0.0649559115119,"7.0-7.1":0.286786477241,"8.1-8.4":0.390961052308,"9.0-9.2":0.0772117438727,"9.3":1.0601294992,"10.0-10.2":9.67107731586},"8":{"0":0.498309606987},"9":{"3":0,"4":0.0398118622449,"2.1":0,"2.2":0,"2.3":0,"4.1":0.119435586735,"4.2-4.3":0.384582589286,"4.4":0.849585140306,"4.4.3-4.4.4":0.479334821429},"10":{"7":0.017479},"11":{"0":0.0010903930131,"10":0,"11":0,"12":0,"11.1":0,"11.5":0,"12.1":0},"12":{"0":27.949436},"13":{"0":0.054934},"14":{"10":0.0846555728155,"11":0.399762427184},"15":{"0":0.279664},"16":{"0":8.329992},"17":{}}