{"1":{"7":0.010504,"8":0.2626,"9":0.23634,"10":0.372892,"11":6.213116},"2":{"12":0.220584,"13":0.798304,"14":3.760432},"3":{"2":0.005252,"12":0.010504,"13":0.010504,"16":0.02626,"23":0.015756,"24":0.021008,"31":0.010504,"32":0.010504,"36":0.021008,"38":0.021008,"39":0.005252,"41":0.010504,"42":0.015756,"43":0.07878,"44":0.021008,"45":0.068276,"46":0.042016,"47":0.267852,"48":0.351884,"49":0.136552,"50":3.240484,"51":0.042016,"3.6":0.010504},"4":{"11":0.015756,"12":0.005252,"29":0.010504,"30":0.010504,"31":0.010504,"32":0.042016,"33":0.015756,"34":0.010504,"35":0.010504,"36":0.252096,"37":0.021008,"38":0.02626,"39":0.021008,"40":0.010504,"41":0.005252,"42":0.015756,"43":0.126048,"44":0.02626,"45":0.021008,"46":0.021008,"47":0.021008,"48":0.02626,"49":1.49682,"50":0.241592,"51":0.719524,"52":0.336128,"53":0.225836,"54":13.035464,"55":11.827504,"56":0.07878,"57":0.031512},"5":{"4":0.021008,"5":0.036764,"6":0.010504,"7":0.047268,"8":0.126048,"9":0.199576,"10":2.027272,"5.1":0.152308,"6.1":0.05252,"7.1":0.005252,"9.1":0.955864},"6":{"29":0.021008,"33":0.015756,"36":0.005252,"37":0.063024,"38":0.094536,"41":0.120796,"42":0.036764,"10.0-10.1":0,"12.1":0.010504},"7":{"8":0,"3.2":0,"4.0-4.1":0,"4.2-4.3":0,"5.0-5.1":0,"6.0-6.1":0,"7.0-7.1":0.196126093585,"8.1-8.4":0.297733587852,"9.0-9.2":0.19967054106,"9.3":1.26536774837,"10.0-10.2":9.47903402913},"8":{"0":0.551433744222},"9":{"3":0,"4":0.0566892753378,"2.1":0,"2.2":0,"2.3":0,"4.1":0.186264761824,"4.2-4.3":0.53334195777,"4.4":1.22981019764,"4.4.3-4.4.4":0.733489807432},"10":{"7":0.032049},"11":{"0":0.0420662557781,"10":0,"11":0,"12":0,"11.1":0,"11.5":0,"12.1":0},"12":{"0":26.05982},"13":{"0":0.028488},"14":{"10":0.1025568,"11":0.4102272},"15":{"0":0.3561},"16":{"0":8.038364}}