{"1":{"8":0.102102,"9":0.041888,"10":0.03927,"11":0.69377},"2":{"12":0.049742,"13":0.083776,"14":0.178024},"3":{"3":0.023562,"6":0.007854,"7":0.005236,"8":0.007854,"10":0.141372,"11":0.023562,"12":0.007854,"14":0.010472,"15":0.002618,"16":0.023562,"18":0.02618,"20":0.018326,"22":0.005236,"23":0.007854,"25":0.005236,"28":0.005236,"29":0.020944,"31":0.01309,"32":0.005236,"35":0.023562,"36":0.01309,"37":0.03927,"38":0.015708,"39":0.028798,"40":0.018326,"41":0.010472,"42":0.007854,"43":0.07854,"44":0.102102,"45":0.031416,"46":0.02618,"47":0.22253,"48":0.096866,"49":0.14399,"50":2.204356,"51":0.479094,"3.6":0.010472},"4":{"4":0.005236,"5":0.007854,"7":0.015708,"10":0.002618,"11":0.023562,"12":0.002618,"14":0.005236,"16":0.002618,"17":0.007854,"18":0.070686,"19":0.002618,"20":0.007854,"21":0.03927,"22":0.007854,"23":0.034034,"24":0.02618,"25":0.01309,"26":0.005236,"27":0.020944,"28":0.02618,"29":0.020944,"30":0.133518,"31":0.089012,"32":0.172788,"33":0.041888,"34":0.007854,"35":0.01309,"36":0.007854,"37":0.007854,"38":0.034034,"39":0.005236,"40":0.01309,"41":0.01309,"42":0.007854,"43":0.15708,"44":0.036652,"45":0.007854,"46":0.044506,"47":0.07854,"48":0.023562,"49":0.937244,"50":0.047124,"51":0.123046,"52":0.463386,"53":0.256564,"54":7.770224,"55":7.586964,"56":0.240856,"57":0.185878},"5":{"4":0,"7":0.068068,"8":0.044506,"9":0.023562,"10":0.272272,"5.1":0.010472,"6.1":0.010472,"9.1":0.109956},"6":{"16":0.007854,"36":0.005236,"37":0.007854,"39":0.010472,"41":0.099484,"42":0.049742,"10.0-10.1":0,"12.1":0.005236},"7":{"8":0,"3.2":0,"4.0-4.1":0,"4.2-4.3":0,"5.0-5.1":0,"6.0-6.1":0,"7.0-7.1":0.0713809259374,"8.1-8.4":0.10836140564,"9.0-9.2":0.0726709426712,"9.3":0.46053597397,"10.0-10.2":3.44993475178},"8":{"0":14.5729258475},"9":{"3":0,"4":0.0491796528716,"2.1":0,"2.2":0,"2.3":0,"4.1":0.161590288007,"4.2-4.3":0.462690203547,"4.4":1.0668973674,"4.4.3-4.4.4":0.636324488176},"10":{"7":0.007381},"11":{"0":1.11169915254,"10":0,"11":0,"12":0,"11.1":0,"11.5":0,"12.1":0},"12":{"0":33.425722},"13":{"0":0.014762},"14":{"10":0.1963346,"11":0.7853384},"15":{"0":10.569592},"16":{"0":7.034093}}