{"1":{"8":0.098642,"9":0.085312,"10":0.018662,"11":0.661168},"2":{"12":0.063984,"13":0.082646,"14":0.250604},"3":{"3":0.037324,"4":0.005332,"9":0.002666,"10":0.01333,"11":0.021328,"12":0.007998,"13":0.010664,"14":0.005332,"15":0.01333,"16":0.010664,"18":0.031992,"23":0.002666,"24":0.007998,"25":0.007998,"29":0.018662,"30":0.002666,"31":0.010664,"32":0.007998,"35":0.023994,"36":0.007998,"37":0.005332,"38":0.021328,"39":0.021328,"40":0.031992,"41":0.002666,"42":0.007998,"43":0.055986,"44":0.157294,"45":0.021328,"46":0.02666,"47":0.151962,"48":0.047988,"49":0.194618,"50":2.655336,"51":0.754478,"52":0.058652,"3.6":0.034658},"4":{"4":0.005332,"5":0.005332,"6":0.005332,"7":0.018662,"11":0.005332,"12":0.007998,"14":0.002666,"16":0.002666,"17":0.005332,"18":0.063984,"20":0.005332,"21":0.03999,"22":0.01333,"23":0.042656,"24":0.034658,"25":0.071982,"26":0.010664,"27":0.015996,"28":0.010664,"29":0.015996,"30":0.49321,"31":0.114638,"32":0.1333,"33":0.050654,"34":0.010664,"35":0.029326,"36":0.114638,"37":0.005332,"38":0.045322,"39":0.029326,"40":0.021328,"41":0.005332,"42":0.010664,"43":0.135966,"44":0.042656,"45":0.023994,"46":0.074648,"47":0.074648,"48":0.01333,"49":1.098392,"50":0.03999,"51":0.07998,"52":0.143964,"53":0.402566,"54":0.271932,"55":14.40973,"56":0.27993,"57":0.421228},"5":{"4":0,"5":0.007998,"7":0.018662,"8":0.138632,"9":0.042656,"10":0.290594,"5.1":0.005332,"6.1":0.007998,"9.1":0.154628},"6":{"36":0.002666,"37":0.002666,"38":0.01333,"39":0.007998,"42":0.207948,"10.0-10.1":0},"7":{"8":0,"3.2":0,"4.0-4.1":0,"4.2-4.3":0,"5.0-5.1":0,"6.0-6.1":0.0181622291022,"7.0-7.1":0.0853624767802,"8.1-8.4":0.102616594427,"9.0-9.2":0.0463136842105,"9.3":0.398660928793,"10.0-10.2":3.60202408669},"8":{"0":12.702293048},"9":{"3":0,"4":0.0467933472585,"2.1":0,"2.2":0,"2.3":0,"4.1":0.15133167624,"4.2-4.3":0.460964250653,"4.4":1.04438768668,"4.4.3-4.4.4":0.584419039164},"10":{"7":0},"11":{"0":0.0277949519651,"10":0,"11":0,"12":0,"11.1":0,"11.5":0,"12.1":0},"12":{"0":34.05033},"13":{"0":0.021999},"14":{"10":0.153779417476,"11":0.726180582524},"15":{"0":11.285487},"16":{"0":7.69965}}