{"1":{"6":0.00944182066869,"7":0.0188836413374,"8":0.566509240122,"9":0.43432375076,"10":0.698694729483,"11":4.48486481763},"2":{"12":0.892818,"13":0.615258,"14":0.328446},"3":{"3":0.009252,"10":0.013878,"11":0.013878,"12":0.009252,"13":0.009252,"14":0.004626,"15":0.027756,"16":0.013878,"17":0.004626,"18":0.680022,"19":0.009252,"20":0.02313,"21":0.004626,"22":0.018504,"23":0.083268,"24":0.004626,"25":0.009252,"26":0.009252,"27":0.305316,"28":0.009252,"29":0.111024,"30":0.009252,"31":0.018504,"32":0.004626,"33":0.013878,"34":0.30069,"35":0.083268,"36":0.037008,"37":0.027756,"38":0.217422,"39":0.050886,"40":0.124902,"41":0.032382,"42":0.013878,"43":0.245178,"44":0.259056,"45":0.124902,"46":0.152658,"47":0.596754,"48":0.27756,"49":0.573624,"50":5.514192,"51":0.55512,"3.6":0.009252},"4":{"11":0.078642,"18":0.018504,"22":0.009252,"25":0.004626,"26":0.04626,"28":0.009252,"29":0.180414,"30":0.060138,"31":0.060138,"32":0.189666,"33":0.04626,"34":0.013878,"35":0.018504,"36":0.235926,"37":0.018504,"38":0.02313,"39":0.101772,"40":0.037008,"41":0.018504,"42":0.027756,"43":0.397836,"44":0.02313,"45":0.09252,"46":0.02313,"47":0.04626,"48":0.06939,"49":0.55512,"50":0.11565,"51":0.217422,"52":0.430218,"53":0.388584,"54":12.226518,"55":8.035362,"56":0.097146,"57":0.02313},"5":{"4":0,"5":0.009252,"7":0.009252,"8":0.064764,"9":0.06939,"10":0.490356,"3.1":0.009252,"5.1":0.078642,"6.1":0.009252,"7.1":0.04626,"9.1":0.268308},"6":{"18":0.009252,"33":0.013878,"35":0.018504,"36":0.013878,"37":0.041634,"38":0.009252,"39":0.009252,"40":0.013878,"41":0.328446,"42":0.074016,"10.0-10.1":0,"12.1":0.009252},"7":{"8":0,"3.2":0,"4.0-4.1":0,"4.2-4.3":0,"5.0-5.1":0,"6.0-6.1":0,"7.0-7.1":0.0442310009297,"8.1-8.4":0.067145856833,"9.0-9.2":0.0450303563681,"9.3":0.28536989154,"10.0-10.2":2.13774289433},"8":{"0":13.706059923},"9":{"3":0,"4":0.107977004223,"2.1":0,"2.2":0,"2.3":0,"4.1":0.354781585304,"4.2-4.3":1.01586528463,"4.4":2.34243990794,"4.4.3-4.4.4":1.39709021791},"10":{"7":0.2969135},"11":{"0":1.04557007704,"10":0,"11":0,"12":0,"11.1":0,"11.5":0,"12.1":0},"12":{"0":17.645014},"13":{"0":1.332752},"14":{"10":0.42992,"11":1.71968},"15":{"0":4.793608},"16":{"0":3.7618}}