{"1":{"6":0.0386882949309,"7":0.0435243317972,"8":0.256309953917,"9":0.140245069124,"10":0.343358617512,"11":2.32613373272},"2":{"12":0.16086,"13":0.312528,"14":1.40178},"3":{"3":0.018384,"5":0.004596,"11":0.004596,"14":0.009192,"17":0.004596,"20":0.004596,"22":0.013788,"25":0.009192,"26":0.018384,"27":0.009192,"28":0.055152,"30":0.004596,"31":0.009192,"33":0.013788,"34":0.009192,"35":0.004596,"36":0.009192,"37":0.013788,"38":0.050556,"39":0.050556,"40":0.02298,"41":0.04596,"42":0.036768,"43":0.165456,"44":0.087324,"45":0.340104,"46":0.087324,"47":0.25278,"48":0.142476,"49":0.211416,"50":5.152116,"51":0.78132,"52":0.078132},"4":{"11":0.027576,"18":0.009192,"19":0.004596,"22":0.018384,"25":0.004596,"26":0.009192,"29":0.004596,"30":0.013788,"31":0.027576,"32":0.399852,"33":0.059748,"34":0.009192,"35":0.427428,"36":0.661824,"37":0.013788,"38":0.032172,"39":0.009192,"40":0.027576,"41":0.009192,"42":0.013788,"43":0.087324,"44":0.02298,"45":0.02298,"46":0.027576,"47":0.018384,"48":0.110304,"49":0.588288,"50":0.142476,"51":0.317124,"52":0.082728,"53":0.211416,"54":0.386064,"55":23.292528,"56":0.303336,"57":0.059748},"5":{"4":0.013788,"5":0.02298,"7":0.009192,"8":0.257376,"9":0.06894,"10":1.79244,"5.1":0.09192,"6.1":0.009192,"9.1":1.254708},"6":{"38":0.027576,"42":0.418236,"10.0-10.1":0,"12.1":0.059748},"7":{"8":0,"3.2":0,"4.0-4.1":0,"4.2-4.3":0,"5.0-5.1":0,"6.0-6.1":0.0304669584712,"7.0-7.1":0.143194704815,"8.1-8.4":0.172138315362,"9.0-9.2":0.0776907441016,"9.3":0.668749738443,"10.0-10.2":6.04235953881},"8":{"0":0.377523908297},"9":{"3":0,"4":0.0872208942559,"2.1":0,"2.2":0,"2.3":0,"4.1":0.282076083551,"4.2-4.3":0.859218596606,"4.4":1.94669612924,"4.4.3-4.4.4":1.08933329634},"10":{"7":0.01216125},"11":{"0":0.000826091703057,"10":0,"11":0,"12":0,"11.1":0,"11.5":0,"12.1":0},"12":{"0":37.354703},"13":{"0":0.016215},"14":{"10":0.200247378641,"11":0.945612621359},"15":{"0":1.14586},"16":{"0":3.5673}}