{"1":{"6":0.02694234375,"7":0.04490390625,"8":0.202067578125,"9":0.085317421875,"10":0.166144453125,"11":2.06108929688},"2":{"12":0.226044,"13":0.343413,"14":1.256283},"3":{"3":0.017388,"12":0.004347,"14":0.008694,"20":0.008694,"25":0.004347,"27":0.004347,"28":0.047817,"30":0.021735,"33":0.008694,"34":0.008694,"36":0.008694,"37":0.004347,"38":0.052164,"39":0.056511,"40":0.013041,"41":0.021735,"42":0.052164,"43":0.078246,"44":0.060858,"45":0.452088,"46":0.078246,"47":0.299943,"48":0.360801,"49":0.273861,"50":4.712148,"51":0.26082,"3.6":0.013041},"4":{"11":0.017388,"18":0.017388,"21":0.004347,"22":0.013041,"24":0.004347,"25":0.004347,"29":0.008694,"31":0.004347,"32":0.247779,"33":0.017388,"34":0.017388,"35":0.178227,"36":0.56511,"38":0.017388,"39":0.008694,"40":0.078246,"41":0.004347,"42":0.017388,"43":0.278208,"44":0.013041,"45":0.021735,"46":0.030429,"47":0.017388,"48":0.095634,"49":0.978075,"50":0.108675,"51":0.317331,"52":0.4347,"53":0.204309,"54":12.754098,"55":10.363248,"56":0.056511,"57":0.026082},"5":{"4":0.013041,"5":0.017388,"7":0.004347,"8":0.095634,"9":0.065205,"10":1.817046,"5.1":0.095634,"6.1":0.013041,"7.1":0.004347,"9.1":0.873747},"6":{"29":0.004347,"36":0.013041,"37":0.008694,"38":0.017388,"41":0.213003,"42":0.065205,"10.0-10.1":0,"12.1":0.017388},"7":{"8":0,"3.2":0,"4.0-4.1":0,"4.2-4.3":0,"5.0-5.1":0,"6.0-6.1":0,"7.0-7.1":0.115542858796,"8.1-8.4":0.175402412148,"9.0-9.2":0.11763098275,"9.3":0.745460251627,"10.0-10.2":5.58433949468},"8":{"0":0.472709260401},"9":{"3":0,"4":0.107851027872,"2.1":0,"2.2":0,"2.3":0,"4.1":0.354367663007,"4.2-4.3":1.01468007855,"4.4":2.3397069924,"4.4.3-4.4.4":1.39546023818},"10":{"7":0.02685175},"11":{"0":0.0360607395994,"10":0,"11":0,"12":0,"11.1":0,"11.5":0,"12.1":0},"12":{"0":39.264386},"13":{"0":0.028265},"14":{"10":0.2215976,"11":0.8863904},"15":{"0":1.07407},"16":{"0":3.685756}}