{"1":{"7":0.009178,"8":0.220272,"9":0.105547,"10":0.110136,"11":1.954914},"2":{"12":0.160615,"13":0.316641,"14":1.500603},"3":{"3":0.009178,"11":0.004589,"14":0.009178,"17":0.004589,"20":0.009178,"22":0.013767,"24":0.009178,"26":0.004589,"28":0.027534,"30":0.004589,"31":0.009178,"33":0.018356,"35":0.009178,"36":0.009178,"38":0.013767,"39":0.055068,"40":0.018356,"41":0.032123,"42":0.009178,"43":0.133081,"44":0.018356,"45":0.619515,"46":0.082602,"47":0.279929,"48":0.128492,"49":0.128492,"50":0.513968,"51":5.78214,"52":0.449722,"3.6":0.009178},"4":{"11":0.018356,"18":0.022945,"19":0.009178,"20":0.009178,"22":0.013767,"24":0.009178,"26":0.013767,"31":0.009178,"32":0.417599,"33":0.022945,"34":0.004589,"35":0.463489,"36":0.380887,"38":0.022945,"39":0.004589,"40":0.041301,"41":0.009178,"42":0.013767,"43":0.078013,"44":0.018356,"45":0.036712,"46":0.041301,"47":0.018356,"48":0.009178,"49":0.619515,"50":0.050479,"51":0.160615,"52":0.100958,"53":0.22945,"54":0.197327,"55":6.631105,"56":18.342233,"57":0.050479,"58":0.073424},"5":{"4":0,"5":0.004589,"7":0.013767,"8":0.302874,"9":0.036712,"10":1.757587,"5.1":0.114725,"6.1":0.013767,"9.1":0.541502,"10.1":0.018356},"6":{"38":0.009178,"42":0.087191,"43":0.206505,"10.0-10.1":0,"12.1":0.022945},"7":{"8":0,"3.2":0,"4.0-4.1":0,"4.2-4.3":0,"5.0-5.1":0,"6.0-6.1":0.0403778292838,"7.0-7.1":0.178271925517,"8.1-8.4":0.243028821538,"9.0-9.2":0.0479962876393,"9.3":0.658996647745,"10.0-10.2":6.01172548828},"8":{"0":0.34014869214},"9":{"3":0,"4":0.103756845238,"2.1":0,"2.2":0,"2.3":0,"4.1":0.311270535714,"4.2-4.3":1.002291125,"4.4":2.21417107738,"4.4.3-4.4.4":1.24923241667},"10":{"7":0.01217475},"11":{"0":0.000744307860262,"10":0,"11":0,"12":0,"11.1":0,"11.5":0,"12.1":0},"12":{"0":36.686355},"13":{"0":0.059521},"14":{"10":0.169264485437,"11":0.799304514563},"15":{"0":1.179598},"16":{"0":3.647014},"17":{}}