{"1":{"6":0.0119448501362,"7":0.0179172752044,"8":0.860029209809,"9":0.280703978202,"10":0.250841852861,"11":7.34608283379},"2":{"12":0.047392,"13":0.32582,"14":3.13972},"3":{"3":0.017772,"4":0.005924,"12":0.005924,"16":0.011848,"21":0.011848,"24":0.005924,"28":0.011848,"29":0.05924,"30":0.005924,"31":0.017772,"33":0.011848,"34":0.017772,"35":0.017772,"36":0.02962,"37":0.017772,"38":0.065164,"39":0.023696,"40":0.023696,"41":0.02962,"42":0.02962,"43":0.11848,"44":0.035544,"45":0.189568,"46":0.106632,"47":0.432452,"48":0.361364,"49":0.219188,"50":6.202428,"51":0.071088,"3.6":0.011848},"4":{"11":0.011848,"21":0.005924,"22":0.017772,"26":0.005924,"31":0.017772,"32":0.017772,"33":0.017772,"34":0.02962,"35":0.023696,"36":0.053316,"37":0.023696,"38":0.041468,"39":0.047392,"40":0.023696,"41":0.065164,"42":0.053316,"43":0.1481,"44":0.041468,"45":0.136252,"46":0.05924,"47":0.053316,"48":0.106632,"49":1.522468,"50":0.213264,"51":1.001156,"52":0.302124,"53":0.35544,"54":14.324232,"55":12.712904,"56":0.071088,"57":0.02962},"5":{"4":0.023696,"5":0.065164,"6":0.011848,"7":0.047392,"8":0.225112,"9":0.260656,"10":3.222656,"5.1":0.165872,"6.1":0.130328,"7.1":0.023696,"9.1":1.309204},"6":{"28":0.011848,"36":0.011848,"37":0.005924,"38":0.159948,"41":0.142176,"42":0.071088,"10.0-10.1":0,"12.1":0.023696},"7":{"8":0,"3.2":0,"4.0-4.1":0,"4.2-4.3":0,"5.0-5.1":0,"6.0-6.1":0,"7.0-7.1":0.351342695176,"8.1-8.4":0.533363609544,"9.0-9.2":0.357692261956,"9.3":2.26679534056,"10.0-10.2":16.9808580928},"8":{"0":0.450664918336},"9":{"3":0,"4":0.0152660658784,"2.1":0,"2.2":0,"2.3":0,"4.1":0.0501599307432,"4.2-4.3":0.143625640203,"4.4":0.331180163851,"4.4.3-4.4.4":0.197524199324},"10":{"7":0.31589},"11":{"0":0.0343790816641,"10":0,"11":0,"12":0,"11.1":0,"11.5":0,"12.1":0},"12":{"0":14.04156},"13":{"0":0.06114},"14":{"10":0.0228256,"11":0.0913024},"15":{"0":0.26494},"16":{"0":3.456448}}