{"1":{"6":0.018190208605,"7":0.018190208605,"8":0.897383624511,"9":0.278916531943,"10":0.309233546284,"11":7.77328247718},"2":{"12":0.04179,"13":0.28059,"14":3.36708},"3":{"3":0.01194,"4":0.00597,"12":0.00597,"16":0.01194,"21":0.00597,"28":0.00597,"29":0.00597,"31":0.01791,"33":0.00597,"34":0.01791,"35":0.01791,"36":0.02985,"37":0.01194,"38":0.05373,"39":0.01791,"40":0.01791,"41":0.04179,"42":0.02388,"43":0.08358,"44":0.02985,"45":0.31641,"46":0.05373,"47":0.24477,"48":0.36417,"49":0.11343,"50":5.65359,"51":0.72237,"52":0.01194,"3.6":0.01791},"4":{"11":0.01194,"21":0.00597,"22":0.02388,"26":0.00597,"29":0.01194,"31":0.02388,"32":0.02388,"33":0.01791,"34":0.02388,"35":0.01791,"36":0.07164,"37":0.02388,"38":0.04179,"39":0.04776,"40":0.02388,"41":0.05373,"42":0.04179,"43":0.1194,"44":0.04179,"45":0.13134,"46":0.04776,"47":0.04776,"48":0.10149,"49":1.42683,"50":0.13731,"51":0.54327,"52":0.23283,"53":0.2388,"54":0.86565,"55":26.33367,"56":0.34029,"57":0.04179},"5":{"4":0.02388,"5":0.0597,"6":0.01194,"7":0.04776,"8":0.21492,"9":0.26865,"10":3.59394,"5.1":0.15522,"6.1":0.13134,"7.1":0.03582,"9.1":1.58205},"6":{"28":0.00597,"36":0.01791,"38":0.06567,"42":0.19701,"10.0-10.1":0,"12.1":0.01791},"7":{"8":0,"3.2":0,"4.0-4.1":0,"4.2-4.3":0,"5.0-5.1":0,"6.0-6.1":0.0864640247678,"7.0-7.1":0.406380916409,"8.1-8.4":0.488521739938,"9.0-9.2":0.220483263158,"9.3":1.89788534365,"10.0-10.2":17.1479777121},"8":{"0":0.510819233624},"9":{"3":0,"4":0.0137681979983,"2.1":0,"2.2":0,"2.3":0,"4.1":0.0445269382071,"4.2-4.3":0.135631397302,"4.4":0.307294461706,"4.4.3-4.4.4":0.171956004787},"10":{"7":0.278139},"11":{"0":0.00111776637555,"10":0,"11":0,"12":0,"11.1":0,"11.5":0,"12.1":0},"12":{"0":13.891644},"13":{"0":0.052403},"14":{"10":0.0169067184466,"11":0.0798372815534},"15":{"0":0.270077},"16":{"0":3.539218}}