{"1":{"6":0.00143087092883,"7":0.00429261278649,"8":0.120193158022,"9":0.0200321930036,"10":0.102307271411,"11":0.336254668275},"2":{"12":0.111072,"13":0.04272,"14":0.087576},"3":{"3":0.072624,"4":0.005696,"5":0.002848,"6":0.007832,"7":0.004984,"8":0.002136,"9":0.004272,"10":0.004984,"11":0.006408,"12":0.009256,"13":0.002136,"14":0.002848,"15":0.00356,"16":0.006408,"17":0.00356,"18":0.002848,"19":0.007832,"20":0.007832,"21":0.006408,"22":0.00356,"23":0.009256,"24":0.004272,"25":0.002848,"26":0.004984,"27":0.006408,"28":0.009256,"29":0.020648,"30":0.018512,"31":0.009256,"32":0.043432,"33":0.00712,"34":0.004984,"35":0.006408,"36":0.004984,"37":0.009256,"38":0.013528,"39":0.0178,"40":0.016376,"41":0.01068,"42":0.005696,"43":0.084016,"44":0.031328,"45":0.022784,"46":0.024208,"47":0.141688,"48":0.069064,"49":0.074048,"50":1.12852,"51":0.123888,"52":0.011392,"53":0.001424,"3.5":0.004272,"3.6":0.013528},"4":{"7":0.002848,"10":0.001424,"11":0.055536,"12":0.004272,"13":0.000712,"14":0.001424,"16":0.002136,"18":0.002136,"19":0.000712,"21":0.002848,"23":0.00712,"24":0.001424,"25":0.00356,"26":0.014952,"27":0.009968,"28":0.002848,"29":0.0178,"30":0.00356,"31":0.014952,"32":0.02492,"33":0.015664,"35":0.001424,"36":0.089,"38":0.004272,"39":0.004984,"40":0.00356,"41":0.000712,"42":0.001424,"43":0.066928,"44":0.001424,"45":0.033464,"46":0.005696,"47":0.008544,"48":0.004984,"49":0.098256,"50":0.017088,"51":0.038448,"52":0.022072,"53":0.061232,"54":0.122464,"55":2.086872,"56":0.039872,"57":0.016376},"5":{"4":0.001424,"6":0.002136,"7":0.002848,"8":0.008544,"9":0.019224,"10":0.109648,"5.1":0.00356,"6.1":0.002136,"7.1":0.001424,"9.1":0.045568},"6":{"11":0.004272,"12":0.002848,"15":0.011392,"16":0.002136,"17":0.002136,"18":0.006408,"19":0.000712,"20":0.008544,"21":0.00356,"22":0.017088,"27":0.002136,"28":0.002136,"29":0.005696,"30":0.006408,"31":0.001424,"32":0.005696,"33":0.00356,"34":0.015664,"35":0.008544,"36":0.013528,"37":0.038448,"38":0.007832,"39":0.005696,"40":0.004272,"41":0.043432,"42":0.36668,"43":0.000712,"10.0-10.1":0,"10.6":0.007832,"11.1":0.001424,"11.5":0.00712,"11.6":0.01424,"12.1":0.014952},"7":{"8":0,"3.2":0,"4.0-4.1":0,"4.2-4.3":0,"5.0-5.1":0,"6.0-6.1":0.00380761396392,"7.0-7.1":0.0178957856304,"8.1-8.4":0.0215130188961,"9.0-9.2":0.00970941560799,"9.3":0.083577126508,"10.0-10.2":0.755145039394},"8":{"0":65.5135163843},"9":{"3":0,"4":0.11264832376,"2.1":0,"2.2":0,"2.3":0,"4.1":0.364309472585,"4.2-4.3":1.10970582768,"4.4":2.5142147154,"4.4.3-4.4.4":1.40690566057},"10":{"7":0.083592},"11":{"0":0.143355615721,"10":0,"11":0,"12":0,"11.1":0,"11.5":0,"12.1":0},"12":{"0":7.285232},"13":{"0":0.055728},"14":{"10":0.241848699029,"11":1.14206330097},"15":{"0":9.743112},"16":{"0":1.513944}}