{"1":{"7":0.015048,"8":0.462726,"9":0.097812,"10":0.267102,"11":2.693592},"2":{"12":0.135432,"13":0.124146,"14":0.458964},"3":{"3":0.026334,"4":0.158004,"5":0.003762,"6":0.015048,"7":0.180576,"9":0.022572,"10":0.045144,"11":0.048906,"12":0.067716,"13":0.16929,"14":0.048906,"15":0.022572,"16":0.26334,"17":0.048906,"18":0.082764,"19":0.199386,"20":0.060192,"21":0.16929,"22":0.045144,"23":0.015048,"24":0.015048,"25":0.030096,"27":0.03762,"28":0.015048,"29":0.15048,"30":0.086526,"31":0.003762,"32":0.267102,"34":0.09405,"35":0.346104,"36":0.146718,"37":0.01881,"38":0.195624,"39":0.030096,"40":0.158004,"41":0.127908,"43":0.605682,"44":0.199386,"45":0.3762,"46":0.124146,"47":1.060884,"48":0.124146,"49":0.650826,"50":6.41421,"51":0.071478,"3.5":0.003762,"3.6":0.082764},"4":{"4":0.007524,"8":0.124146,"10":0.015048,"11":0.135432,"12":0.101574,"16":0.011286,"18":0.011286,"23":0.003762,"25":0.082764,"26":0.003762,"28":0.233244,"29":0.11286,"35":0.067716,"36":0.011286,"37":0.015048,"38":0.007524,"40":0.015048,"41":0.015048,"42":0.01881,"43":0.142956,"44":0.030096,"45":0.158004,"47":0.015048,"48":0.361152,"49":0.379962,"50":0.026334,"51":0.504108,"52":0.101574,"53":0.203148,"54":4.593402,"55":8.291448,"57":0.007524},"5":{"4":0,"6":0.082764,"7":0.048906,"8":0.24453,"9":0.011286,"10":1.102266,"5.1":0.05643,"7.1":0.052668,"9.1":0.060192},"6":{"21":0.007524,"32":0.052668,"35":0.003762,"36":0.067716,"37":0.030096,"41":0.184338,"42":0.165528,"43":0.015048,"10.0-10.1":0,"12.1":0.01881},"7":{"8":0,"3.2":0,"4.0-4.1":0,"4.2-4.3":0,"5.0-5.1":0,"6.0-6.1":0,"7.0-7.1":0.0398971680612,"8.1-8.4":0.0605667852495,"9.0-9.2":0.0406182012189,"9.3":0.25740883731,"10.0-10.2":1.92828300816},"8":{"0":23.8499693529},"9":{"3":0,"4":0.0849347956081,"2.1":0,"2.2":0,"2.3":0,"4.1":0.279071471284,"4.2-4.3":0.799080423986,"4.4":1.84256505574,"4.4.3-4.4.4":1.09895225338},"10":{"7":0.0046785},"11":{"0":1.81940064715,"10":0,"11":0,"12":0,"11.1":0,"11.5":0,"12.1":0},"12":{"0":23.058434},"13":{"0":0.349328},"14":{"10":0.5264872,"11":2.1059488},"15":{"0":3.156428},"16":{"0":2.395392}}