{"1":{"7":0.028574,"8":0.522496,"9":0.057148,"10":0.289822,"11":2.232854},"2":{"12":0.302068,"13":0.171444,"14":0.18369},"3":{"3":0.028574,"4":0.02041,"6":0.016328,"8":0.016328,"11":0.016328,"12":0.048984,"13":0.130624,"14":0.012246,"15":0.016328,"16":0.012246,"17":0.04082,"18":0.069394,"19":0.016328,"20":0.048984,"21":0.342888,"22":0.065312,"24":0.008164,"25":0.048984,"27":0.008164,"28":0.048984,"29":0.077558,"30":0.118378,"31":0.138788,"32":0.08164,"33":0.10205,"34":0.32656,"35":0.126542,"36":0.024492,"37":0.012246,"38":0.126542,"39":0.032656,"40":0.048984,"41":0.257166,"42":0.016328,"43":0.526578,"44":0.2041,"45":0.963352,"46":0.106132,"47":1.085812,"48":0.355134,"49":0.514332,"50":9.192664,"51":0.893958,"52":0.012246,"3.5":0.06123,"3.6":0.032656},"4":{"8":0.008164,"9":0.04082,"11":0.06123,"12":0.048984,"16":0.012246,"23":0.012246,"25":0.004082,"28":0.51025,"29":0.151034,"40":0.004082,"43":0.881712,"45":0.134706,"47":0.004082,"49":0.273494,"50":0.004082,"51":0.395954,"52":0.032656,"53":0.065312,"54":0.126542,"55":14.0829,"56":0.044902,"57":0.012246},"5":{"4":0,"7":0.028574,"8":0.016328,"10":1.118468,"9.1":0.097968},"6":{"11":0.008164,"12":0.012246,"15":0.024492,"19":0.004082,"25":0.008164,"29":0.016328,"32":0.04082,"35":0.114296,"36":0.106132,"38":0.028574,"40":0.004082,"41":0.012246,"42":0.473512,"43":0.012246,"10.0-10.1":0,"12.1":0.024492},"7":{"8":0,"3.2":0,"4.0-4.1":0,"4.2-4.3":0,"5.0-5.1":0,"6.0-6.1":0.0117260681115,"7.0-7.1":0.0551125201238,"8.1-8.4":0.0662522848297,"9.0-9.2":0.0299014736842,"9.3":0.257387195046,"10.0-10.2":2.3255724582},"8":{"0":7.13924003057},"9":{"3":0,"4":0.0948940226284,"2.1":0,"2.2":0,"2.3":0,"4.1":0.306891307224,"4.2-4.3":0.934807073977,"4.4":2.11795382419,"4.4.3-4.4.4":1.18516577198},"10":{"7":0.023672},"11":{"0":0.0156219694323,"10":0,"11":0,"12":0,"11.1":0,"11.5":0,"12.1":0},"12":{"0":31.22173},"13":{"0":0.171622},"14":{"10":0.757044349515,"11":3.57493165049},"15":{"0":8.302954},"16":{"0":1.591942}}