{"1":{"7":0.0114368775236,"8":0.279059811575,"9":0.139529905787,"10":0.15554153432,"11":1.11166449529},"2":{"12":0.17402,"13":0.06554,"14":0.23052},"3":{"3":0.70512,"4":0.02486,"5":0.00678,"6":0.00226,"9":0.00452,"10":0.00678,"11":0.09718,"12":0.02034,"13":0.00904,"14":0.02712,"15":0.00678,"16":0.00904,"17":0.00226,"18":0.06554,"19":0.00678,"20":0.00678,"21":0.00904,"22":0.01582,"23":0.00452,"24":0.00904,"25":0.0113,"26":0.01356,"27":0.00678,"28":0.0113,"29":0.00452,"30":0.01356,"31":0.04294,"32":0.02486,"33":0.0113,"34":0.00904,"35":0.00678,"36":0.01582,"37":0.03842,"38":0.12204,"39":0.03616,"40":0.05198,"41":0.02712,"42":0.04068,"43":0.16498,"44":0.04068,"45":0.10396,"46":0.0226,"47":0.40002,"48":0.07458,"49":0.09718,"50":0.46556,"51":4.91776,"52":0.1243,"53":0.02486,"3.5":0.00452,"3.6":0.05198},"4":{"4":0.00226,"10":0.0226,"11":0.06328,"13":0.00226,"15":0.00904,"16":0.00226,"17":0.00452,"18":0.00452,"19":0.00904,"21":0.00678,"22":0.00678,"23":0.00452,"26":0.05198,"27":0.01582,"28":0.00452,"29":0.00452,"30":0.01356,"31":0.04746,"32":0.03842,"33":0.0113,"34":0.00226,"35":0.0113,"36":0.00904,"37":0.01356,"38":0.00452,"39":0.02712,"40":0.00678,"41":0.00678,"43":0.11074,"44":0.03164,"45":0.08814,"46":0.01356,"47":0.03616,"48":0.02486,"49":0.37516,"50":0.02938,"51":0.08136,"52":0.02034,"53":0.16046,"54":0.03842,"55":2.04304,"56":5.72458,"57":0.0113,"58":0.00678},"5":{"4":0,"5":0.00226,"6":0.00678,"7":0.00226,"8":0.08588,"9":0.10622,"10":0.18984,"5.1":0.0113,"6.1":0.01356,"7.1":0.01808,"9.1":0.20114},"6":{"11":0.00452,"12":0.00452,"15":0.00904,"16":0.00226,"20":0.0113,"21":0.00452,"25":0.00904,"28":0.0113,"29":0.0452,"30":0.00452,"32":0.00452,"34":0.02034,"35":0.00452,"36":0.01356,"37":0.0904,"40":0.02486,"41":0.10848,"42":0.15142,"43":0.30962,"10.0-10.1":0,"10.6":0.00226,"11.6":0.01808,"12.1":0.0452},"7":{"8":0,"3.2":0,"4.0-4.1":0,"4.2-4.3":0,"5.0-5.1":0,"6.0-6.1":0.0122288516711,"7.0-7.1":0.0539915337931,"8.1-8.4":0.0736038430769,"9.0-9.2":0.0145361821751,"9.3":0.199584088594,"10.0-10.2":1.82071450069},"8":{"0":15.2434305721},"9":{"3":0,"4":0.191500765306,"2.1":0,"2.2":0,"2.3":0,"4.1":0.574502295918,"4.2-4.3":1.84989739286,"4.4":4.08662633163,"4.4.3-4.4.4":2.30566921429},"10":{"7":0.23023525},"11":{"0":0.0333554279476,"10":0,"11":0,"12":0,"11.1":0,"11.5":0,"12.1":0},"12":{"0":21.273383},"13":{"0":0.030956},"14":{"10":0.109548174757,"11":0.517310825243},"15":{"0":24.269504},"16":{"0":2.94082},"17":{}}