{"1":{"6":0.00584972099853,"7":0.00584972099853,"8":0.175491629956,"9":0.251538002937,"10":0.263237444934,"11":11.2490134802},"2":{"12":0.064284,"13":0.403236,"14":3.5064},"3":{"8":0.005844,"12":0.011688,"16":0.023376,"24":0.005844,"26":0.005844,"27":0.017532,"28":0.011688,"29":0.017532,"30":0.011688,"31":0.05844,"33":0.023376,"34":0.017532,"35":0.02922,"36":0.035064,"37":0.023376,"38":0.105192,"39":0.040908,"40":0.040908,"41":0.075972,"42":0.075972,"43":0.105192,"44":0.046752,"45":0.420768,"46":0.099348,"47":0.32142,"48":0.607776,"49":0.49674,"50":9.899736,"51":0.064284,"52":0.005844,"3.6":0.017532},"4":{"11":0.011688,"22":0.02922,"26":0.005844,"29":0.005844,"31":0.011688,"32":0.02922,"33":0.017532,"34":0.02922,"35":0.05844,"36":0.081816,"37":0.017532,"38":0.040908,"39":0.040908,"40":0.017532,"41":0.052596,"42":0.05844,"43":0.070128,"44":0.046752,"45":0.046752,"46":0.035064,"47":0.05844,"48":0.05844,"49":0.783096,"50":0.075972,"51":0.362328,"52":0.151944,"53":0.227916,"54":8.690028,"55":7.871868,"56":0.046752,"57":0.017532},"5":{"4":0.023376,"5":0.105192,"6":0.035064,"7":0.064284,"8":0.338952,"9":0.420768,"10":5.440764,"5.1":0.303888,"6.1":0.227916,"7.1":0.023376,"9.1":1.87008},"6":{"36":0.017532,"37":0.005844,"38":0.035064,"41":0.32142,"42":0.1461,"10.0-10.1":0,"12.1":0.070128},"7":{"8":0,"3.2":0,"4.0-4.1":0,"4.2-4.3":0,"5.0-5.1":0,"6.0-6.1":0,"7.0-7.1":0.38289548683,"8.1-8.4":0.5812630282,"9.0-9.2":0.389815284785,"9.3":2.47036786985,"10.0-10.2":18.5058463303},"8":{"0":0.135150046225},"9":{"3":0,"4":0.0132437398649,"2.1":0,"2.2":0,"2.3":0,"4.1":0.0435151452703,"4.2-4.3":0.124599266892,"4.4":0.287308070946,"4.4.3-4.4.4":0.171357777027},"10":{"7":0.014546},"11":{"0":0.010309953775,"10":0,"11":0,"12":0,"11.1":0,"11.5":0,"12.1":0},"12":{"0":11.194308},"13":{"0":0.070652},"14":{"10":0.0731456,"11":0.2925824},"15":{"0":0.116368},"16":{"0":5.078632}}