{"1":{"6":0.0112995023832,"7":0.0169492535748,"8":0.124294526215,"9":0.192091540515,"10":0.225990047664,"11":11.2825531296},"2":{"12":0.062029,"13":0.293228,"14":3.716101},"3":{"12":0.005639,"16":0.016917,"24":0.005639,"28":0.005639,"29":0.005639,"30":0.005639,"31":0.045112,"33":0.011278,"34":0.011278,"35":0.022556,"36":0.016917,"37":0.016917,"38":0.078946,"39":0.039473,"40":0.022556,"41":0.067668,"42":0.062029,"43":0.05639,"44":0.028195,"45":0.479315,"46":0.039473,"47":0.174809,"48":0.473676,"49":0.180448,"50":0.614651,"51":9.118263,"52":0.062029,"53":0.005639,"3.6":0.011278},"4":{"11":0.005639,"22":0.028195,"26":0.011278,"31":0.011278,"32":0.033834,"33":0.011278,"34":0.022556,"35":0.039473,"36":0.073307,"37":0.011278,"38":0.039473,"39":0.039473,"40":0.011278,"41":0.028195,"42":0.028195,"43":0.05639,"44":0.028195,"45":0.05639,"46":0.033834,"47":0.067668,"48":0.050751,"49":0.671041,"50":0.045112,"51":0.197365,"52":0.084585,"53":0.135336,"54":0.152253,"55":4.313835,"56":12.450912,"57":0.039473,"58":0.028195},"5":{"4":0.016917,"5":0.084585,"6":0.022556,"7":0.050751,"8":0.270672,"9":0.315784,"10":5.684112,"5.1":0.236838,"6.1":0.174809,"7.1":0.016917,"9.1":1.488696,"10.1":0.028195},"6":{"36":0.016917,"38":0.016917,"42":0.135336,"43":0.236838,"10.0-10.1":0,"12.1":0.05639},"7":{"8":0,"3.2":0,"4.0-4.1":0,"4.2-4.3":0,"5.0-5.1":0,"6.0-6.1":0.134339159045,"7.0-7.1":0.59312006069,"8.1-8.4":0.808569655385,"9.0-9.2":0.159686170186,"9.3":2.19251646366,"10.0-10.2":20.001326491},"8":{"0":0.108786954148},"9":{"3":0,"4":0.0122375,"2.1":0,"2.2":0,"2.3":0,"4.1":0.0367125,"4.2-4.3":0.11821425,"4.4":0.26114825,"4.4.3-4.4.4":0.1473395},"10":{"7":0.013083},"11":{"0":0.000238045851528,"10":0,"11":0,"12":0,"11.1":0,"11.5":0,"12.1":0},"12":{"0":11.512961},"13":{"0":0.069776},"14":{"10":0.0541102718447,"11":0.255520728155},"15":{"0":0.109025},"16":{"0":5.272449},"17":{}}