{"1":{"6":0.00570559042306,"7":0.0114111808461,"8":0.142639760576,"9":0.199695664807,"10":0.245340388192,"11":11.6679324152},"2":{"12":0.062645,"13":0.347395,"14":3.62202},"3":{"12":0.005695,"16":0.02278,"24":0.005695,"27":0.005695,"28":0.005695,"29":0.01139,"30":0.005695,"31":0.051255,"33":0.017085,"34":0.01139,"35":0.02278,"36":0.017085,"37":0.017085,"38":0.09112,"39":0.039865,"40":0.028475,"41":0.062645,"42":0.06834,"43":0.07973,"44":0.03417,"45":0.461295,"46":0.062645,"47":0.233495,"48":0.506855,"49":0.25058,"50":8.81586,"51":1.05927,"52":0.017085,"3.6":0.01139},"4":{"11":0.005695,"22":0.028475,"26":0.01139,"29":0.005695,"31":0.01139,"32":0.039865,"33":0.01139,"34":0.02278,"35":0.05695,"36":0.108205,"37":0.01139,"38":0.039865,"39":0.05695,"40":0.01139,"41":0.04556,"42":0.03417,"43":0.062645,"44":0.03417,"45":0.05695,"46":0.04556,"47":0.07973,"48":0.051255,"49":0.700485,"50":0.05695,"51":0.301835,"52":0.09112,"53":0.17085,"54":0.33031,"55":15.67264,"56":0.25058,"57":0.028475},"5":{"4":0.017085,"5":0.09112,"6":0.028475,"7":0.05695,"8":0.290445,"9":0.358785,"10":5.60388,"5.1":0.244885,"6.1":0.199325,"7.1":0.017085,"9.1":1.623075},"6":{"36":0.017085,"38":0.028475,"40":0.005695,"41":0.005695,"42":0.358785,"10.0-10.1":0,"12.1":0.06834},"7":{"8":0,"3.2":0,"4.0-4.1":0,"4.2-4.3":0,"5.0-5.1":0,"6.0-6.1":0.100044026903,"7.0-7.1":0.470206926444,"8.1-8.4":0.565248752002,"9.0-9.2":0.255112268603,"9.3":2.19596639052,"10.0-10.2":19.8412316355},"8":{"0":0.111685611354},"9":{"3":0,"4":0.0111821344648,"2.1":0,"2.2":0,"2.3":0,"4.1":0.0361634986945,"4.2-4.3":0.110155920366,"4.4":0.249575724543,"4.4.3-4.4.4":0.139657721932},"10":{"7":0.01399125},"11":{"0":0.000244388646288,"10":0,"11":0,"12":0,"11.1":0,"11.5":0,"12.1":0},"12":{"0":11.19358},"13":{"0":0.06888},"14":{"10":0.0556724271845,"11":0.262897572816},"15":{"0":0.107625},"16":{"0":5.144475}}