{"1":{"6":0.0072207148289,"7":0.0072207148289,"8":0.12997286692,"9":0.0216621444867,"10":0.072207148289,"11":0.711240410646},"2":{"12":0.102747,"13":0.109833,"14":0.31887},"3":{"2":0.003543,"3":0.021258,"4":0.007086,"10":0.007086,"11":0.007086,"12":0.028344,"14":0.003543,"15":0.010629,"16":0.014172,"18":0.007086,"19":0.017715,"20":0.010629,"21":0.007086,"22":0.014172,"23":0.007086,"24":0.014172,"25":0.007086,"26":0.031887,"27":0.010629,"28":0.003543,"29":0.017715,"30":0.042516,"31":0.053145,"32":0.017715,"33":0.049602,"34":0.024801,"35":0.028344,"36":0.021258,"37":0.024801,"38":0.03543,"39":0.031887,"40":0.060231,"41":0.056688,"42":0.046059,"43":0.294069,"44":0.07086,"45":0.085032,"46":0.053145,"47":0.517278,"48":0.272811,"49":0.272811,"50":4.651959,"51":0.620025,"52":0.049602,"3.5":0.003543,"3.6":0.024801},"4":{"4":0.007086,"5":0.007086,"8":0.007086,"9":0.021258,"10":0.010629,"11":0.077946,"12":0.046059,"13":0.028344,"14":0.010629,"15":0.010629,"16":0.085032,"17":0.014172,"18":0.021258,"19":0.007086,"20":0.007086,"21":0.010629,"22":0.003543,"23":0.017715,"24":0.007086,"25":0.017715,"26":0.099204,"27":0.07086,"28":0.067317,"29":0.081489,"30":0.060231,"31":0.145263,"32":0.138177,"33":0.088575,"34":0.014172,"35":0.03543,"36":0.31887,"37":0.014172,"38":0.038973,"39":0.028344,"40":0.038973,"41":0.024801,"42":0.03543,"43":0.46059,"44":0.056688,"45":0.063774,"46":0.116919,"47":0.046059,"48":0.063774,"49":3.766209,"50":0.134634,"51":0.127548,"52":0.127548,"53":0.403902,"54":0.336585,"55":14.873514,"56":0.251553,"57":0.03543,"58":0.007086},"5":{"4":0,"5":0.014172,"6":0.007086,"7":0.046059,"8":0.056688,"9":0.085032,"10":0.382644,"5.1":0.028344,"6.1":0.03543,"7.1":0.007086,"9.1":0.170064},"6":{"16":0.010629,"30":0.003543,"34":0.014172,"35":0.003543,"36":0.053145,"37":0.031887,"38":0.007086,"39":0.010629,"40":0.014172,"41":0.017715,"42":0.598767,"10.0-10.1":0,"12.1":0.007086},"7":{"8":0,"3.2":0,"4.0-4.1":0,"4.2-4.3":0,"5.0-5.1":0,"6.0-6.1":0.00548710579695,"7.0-7.1":0.0257893972456,"8.1-8.4":0.0310021477527,"9.0-9.2":0.0139921197822,"9.3":0.120441972243,"10.0-10.2":1.08823025718},"8":{"0":23.072031155},"9":{"3":0,"4":0.142231019582,"2.1":0,"2.2":0,"2.3":0,"4.1":0.459981169713,"4.2-4.3":1.40112685248,"4.4":3.1744753094,"4.4.3-4.4.4":1.77637464883},"10":{"7":0.05972725},"11":{"0":0.0504858449782,"10":0,"11":0,"12":0,"11.1":0,"11.5":0,"12.1":0},"12":{"0":23.690872},"13":{"0":0.6457},"14":{"10":0.170389572816,"11":0.804617427184},"15":{"0":5.255998},"16":{"0":1.736933}}