{"1":{"8":10.419275,"9":0.086615,"10":0.06114,"11":7.42851},"2":{"12":0.086615,"13":0.43817,"14":0.881435},"3":{"2":0.015285,"14":0.01019,"28":0.127375,"29":0.076425,"30":0.01019,"31":0.005095,"37":0.03057,"38":0.045855,"40":0.005095,"43":0.03057,"44":0.32608,"45":0.035665,"47":0.13247,"48":0.14266,"49":0.1019,"50":3.4646,"51":0.49931,"52":0.035665},"4":{"9":0.01019,"11":0.025475,"26":0.045855,"28":0.01019,"34":0.066235,"39":0.015285,"41":0.02038,"43":0.02038,"44":0.066235,"47":0.01019,"48":0.36684,"49":1.49793,"51":0.06114,"52":0.18342,"53":0.41779,"54":0.4076,"55":16.074725,"56":0.05095,"57":0.015285},"5":{"4":0,"6":0.01019,"8":0.07133,"9":0.056045,"10":1.24318,"5.1":0.01019,"6.1":0.03057,"9.1":0.36684},"6":{"12":0.015285,"28":0.02038,"36":0.03057,"42":0.01019,"10.0-10.1":0},"7":{"8":0,"3.2":0,"4.0-4.1":0,"4.2-4.3":0,"5.0-5.1":0,"6.0-6.1":0.0532653571047,"7.0-7.1":0.250347178392,"8.1-8.4":0.300949267642,"9.0-9.2":0.135826660617,"9.3":1.16917458845,"10.0-10.2":10.5638519478},"8":{"0":0.195771615721},"9":{"3":0,"4":0.0223713250653,"2.1":0,"2.2":0,"2.3":0,"4.1":0.0723498172324,"4.2-4.3":0.220381351175,"4.4":0.499308936031,"4.4.3-4.4.4":0.279403570496},"10":{"7":0},"11":{"0":0.000428384279476,"10":0,"11":0,"12":0,"11.1":0,"11.5":0,"12.1":0},"12":{"0":25.489905},"13":{},"14":{"10":0.0822897087379,"11":0.388590291262},"15":{"0":0.701415},"16":{"0":8.99577}}