{"1":{"6":0.009718,"8":8.036786,"9":0.053449,"10":0.238091,"11":5.942557},"2":{"12":0.04859,"13":0.466464,"14":0.748286},"3":{"5":0.072885,"6":0.004859,"10":0.004859,"12":0.029154,"20":0.004859,"22":0.014577,"26":0.009718,"28":0.024295,"29":0.121475,"30":0.043731,"38":0.04859,"40":0.014577,"43":0.131193,"44":0.09718,"45":0.14577,"47":0.155488,"48":0.092321,"49":0.267245,"50":4.212753,"51":0.29154},"4":{"16":0.004859,"18":0.009718,"26":0.009718,"28":0.04859,"34":0.14577,"37":0.009718,"38":0.009718,"41":0.009718,"43":0.014577,"44":0.004859,"46":0.068026,"48":0.675401,"49":2.133101,"50":0.029154,"51":0.092321,"52":0.208937,"53":0.082603,"54":7.808413,"55":8.955137},"5":{"4":0,"7":0.004859,"8":0.121475,"9":0.034013,"10":0.966941,"5.1":0.019436,"6.1":0.014577,"9.1":0.296399},"6":{"36":0.04859,"37":0.019436,"41":0.019436,"10.0-10.1":0},"7":{"8":0,"3.2":0,"4.0-4.1":0,"4.2-4.3":0,"5.0-5.1":0,"6.0-6.1":0,"7.0-7.1":0.2727092445,"8.1-8.4":0.413992347072,"9.0-9.2":0.277637724822,"9.3":1.75946747505,"10.0-10.2":13.1803992086},"8":{"0":0.434756496148},"9":{"3":0,"4":0.0562862255068,"2.1":0,"2.2":0,"2.3":0,"4.1":0.184940455236,"4.2-4.3":0.529549999155,"4.4":1.22106648395,"4.4.3-4.4.4":0.728274836149},"10":{"7":0},"11":{"0":0.0331655038521,"10":0,"11":0,"12":0,"11.1":0,"11.5":0,"12.1":0},"12":{"0":23.398748},"13":{"0":0.041136},"14":{"10":0.164544,"11":0.658176},"15":{"0":0.46278},"16":{"0":8.134644}}