{"1":{"8":6.853015,"9":0.072137,"10":0.255254,"11":7.480052},"2":{"12":0.088784,"13":0.482763,"14":1.032114},"3":{"5":0.044392,"20":0.038843,"21":0.005549,"25":0.011098,"29":0.027745,"32":0.005549,"33":0.038843,"36":0.005549,"37":0.027745,"38":0.122078,"40":0.011098,"41":0.016647,"43":0.094333,"44":0.005549,"45":0.066588,"47":0.149823,"48":0.183117,"49":0.116529,"50":0.571547,"51":3.778869,"52":0.27745},"4":{"28":0.016647,"32":0.005549,"34":0.016647,"40":0.011098,"41":0.022196,"47":0.005549,"48":0.11098,"49":1.292917,"50":0.011098,"51":0.105431,"52":0.077686,"53":0.421724,"54":0.299646,"55":6.314762,"56":16.441687,"58":0.011098},"5":{"4":0,"8":0.033294,"9":0.11098,"10":1.27627,"9.1":0.488312},"6":{"28":0.005549,"34":0.011098,"36":0.016647,"42":0.011098,"43":0.027745,"10.0-10.1":0},"7":{"8":0,"3.2":0,"4.0-4.1":0,"4.2-4.3":0,"5.0-5.1":0,"6.0-6.1":0.0660176097613,"7.0-7.1":0.291473975172,"8.1-8.4":0.397351273846,"9.0-9.2":0.0784737625464,"9.3":1.07745721592,"10.0-10.2":9.82915016276},"8":{"0":0.324286401747},"9":{"3":0,"4":0.0269732142857,"2.1":0,"2.2":0,"2.3":0,"4.1":0.0809196428571,"4.2-4.3":0.26056125,"4.4":0.575608392857,"4.4.3-4.4.4":0.3247575},"10":{"7":0.030051},"11":{"0":0.000709598253275,"10":0,"11":0,"12":0,"11.1":0,"11.5":0,"12.1":0},"12":{"0":25.401539},"13":{"0":0.013356},"14":{"10":0.0918062912621,"11":0.433529708738},"15":{"0":0.204792},"16":{"0":6.464304},"17":{}}