{"1":{"6":0.0543368421053,"7":0.0108673684211,"8":0.201046315789,"9":0.255383157895,"10":0.119541052632,"11":1.52686526316},"2":{"12":0.05874,"13":0.15486,"14":0.79566},"3":{"33":0.02136,"34":0.02136,"36":0.00534,"37":0.01068,"38":0.01602,"39":0.02136,"40":0.01602,"41":0.01068,"42":0.01602,"43":0.0267,"44":0.01068,"45":0.1068,"46":0.02136,"47":0.09078,"48":0.14952,"49":0.05874,"50":0.25632,"51":3.54576,"52":0.01602,"53":0.01068,"3.6":0.00534},"4":{"11":0.01068,"18":0.01602,"22":0.05874,"26":0.03204,"27":0.00534,"31":0.02136,"32":0.05874,"33":0.00534,"34":0.03738,"35":0.0534,"36":0.20826,"37":0.02136,"38":0.0534,"39":0.03738,"40":0.01602,"41":0.02136,"42":0.01068,"43":0.07476,"44":0.04272,"45":0.03204,"46":0.05874,"47":0.0801,"48":0.04272,"49":1.69812,"50":0.05874,"51":0.2937,"52":0.12282,"53":0.1869,"54":0.24564,"55":8.93382,"56":28.14714,"57":0.09078,"58":0.03204},"5":{"4":0,"5":0.01602,"6":0.00534,"7":0.01602,"8":0.12282,"9":0.12816,"10":1.4418,"5.1":0.0267,"6.1":0.02136,"7.1":0.00534,"9.1":0.45924,"10.1":0.00534},"6":{"36":0.02136,"38":0.01068,"42":0.1602,"43":0.30972,"10.0-10.1":0,"12.1":0.01068},"7":{"8":0,"3.2":0,"4.0-4.1":0,"4.2-4.3":0,"5.0-5.1":0,"6.0-6.1":0.0407222196286,"7.0-7.1":0.179792441379,"8.1-8.4":0.245101661538,"9.0-9.2":0.0484056572944,"9.3":0.66461735809,"10.0-10.2":6.06300066207},"8":{"0":0.316188122271},"9":{"3":0,"4":0.0423996598639,"2.1":0,"2.2":0,"2.3":0,"4.1":0.127198979592,"4.2-4.3":0.409580714286,"4.4":0.904808741497,"4.4.3-4.4.4":0.510491904762},"10":{"7":0.00466},"11":{"0":0.000691877729258,"10":0,"11":0,"12":0,"11.1":0,"11.5":0,"12.1":0},"12":{"0":35.98402},"13":{"0":0.0233},"14":{"10":0.0504908737864,"11":0.238429126214},"15":{"0":0.09786},"16":{"0":1.57042},"17":{}}