{"1":{"6":0.0227238134715,"7":0.0113619067358,"8":0.238600041451,"9":0.204514321244,"10":0.130661927461,"11":1.58498598964},"2":{"12":0.050346,"13":0.16782,"14":0.665686},"3":{"16":0.005594,"33":0.011188,"34":0.011188,"37":0.011188,"38":0.022376,"39":0.022376,"40":0.016782,"41":0.022376,"42":0.016782,"43":0.050346,"44":0.016782,"45":0.072722,"46":0.02797,"47":0.156632,"48":0.229354,"49":0.13985,"50":4.010898,"51":0.016782,"52":0.005594,"3.6":0.005594},"4":{"11":0.011188,"18":0.005594,"21":0.005594,"22":0.050346,"26":0.022376,"27":0.005594,"29":0.005594,"31":0.02797,"32":0.039158,"33":0.011188,"34":0.039158,"35":0.044752,"36":0.218166,"37":0.02797,"38":0.050346,"39":0.039158,"40":0.016782,"41":0.022376,"42":0.016782,"43":0.08391,"44":0.050346,"45":0.039158,"46":0.072722,"47":0.078316,"48":0.072722,"49":1.896366,"50":0.089504,"51":0.425144,"52":0.30767,"53":0.352422,"54":18.387478,"55":19.360834,"56":0.078316,"57":0.022376},"5":{"4":0,"5":0.016782,"6":0.011188,"7":0.02797,"8":0.173414,"9":0.184602,"10":1.432064,"5.1":0.039158,"6.1":0.02797,"7.1":0.005594,"9.1":0.660092},"6":{"36":0.011188,"37":0.011188,"38":0.016782,"41":0.330046,"42":0.173414,"10.0-10.1":0,"12.1":0.033564},"7":{"8":0,"3.2":0,"4.0-4.1":0,"4.2-4.3":0,"5.0-5.1":0,"6.0-6.1":0,"7.0-7.1":0.120755714905,"8.1-8.4":0.183315904555,"9.0-9.2":0.122938047103,"9.3":0.77909259436,"10.0-10.2":5.83628373908},"8":{"0":0.262056924499},"9":{"3":0,"4":0.0449577276182,"2.1":0,"2.2":0,"2.3":0,"4.1":0.147718247889,"4.2-4.3":0.42296964147,"4.4":0.975307437922,"4.4.3-4.4.4":0.581697945101},"10":{"7":0.0066105},"11":{"0":0.0199910755008,"10":0,"11":0,"12":0,"11.1":0,"11.5":0,"12.1":0},"12":{"0":34.140464},"13":{"0":0.017628},"14":{"10":0.0546468,"11":0.2185872},"15":{"0":0.079326},"16":{"0":1.194297}}