{"1":{"6":0.0159436,"7":0.00531453333333,"8":0.1913232,"9":0.233839466667,"10":0.116919733333,"11":1.34989146667},"2":{"12":0.05199,"13":0.166368,"14":0.712263},"3":{"16":0.005199,"33":0.015597,"34":0.010398,"37":0.010398,"38":0.020796,"39":0.020796,"40":0.020796,"41":0.020796,"42":0.015597,"43":0.036393,"44":0.010398,"45":0.088383,"46":0.015597,"47":0.124776,"48":0.181965,"49":0.072786,"50":3.457335,"51":0.379527,"52":0.010398,"3.6":0.005199},"4":{"11":0.010398,"18":0.015597,"21":0.005199,"22":0.046791,"26":0.025995,"29":0.005199,"31":0.025995,"32":0.057189,"33":0.005199,"34":0.036393,"35":0.062388,"36":0.348333,"37":0.020796,"38":0.05199,"39":0.031194,"40":0.015597,"41":0.020796,"42":0.010398,"43":0.083184,"44":0.041592,"45":0.031194,"46":0.057189,"47":0.083184,"48":0.057189,"49":1.757262,"50":0.072786,"51":0.348333,"52":0.166368,"53":0.249552,"54":0.452313,"55":34.848897,"56":0.452313,"57":0.031194},"5":{"4":0,"5":0.015597,"6":0.010398,"7":0.015597,"8":0.129975,"9":0.140373,"10":1.330944,"5.1":0.031194,"6.1":0.031194,"7.1":0.005199,"9.1":0.499104},"6":{"36":0.015597,"38":0.015597,"41":0.010398,"42":0.452313,"43":0.005199,"10.0-10.1":0,"12.1":0.015597},"7":{"8":0,"3.2":0,"4.0-4.1":0,"4.2-4.3":0,"5.0-5.1":0,"6.0-6.1":0.0322902743675,"7.0-7.1":0.151764289527,"8.1-8.4":0.182440050176,"9.0-9.2":0.082340199637,"9.3":0.708771522366,"10.0-10.2":6.40396866393},"8":{"0":0.306593117904},"9":{"3":0,"4":0.042321086597,"2.1":0,"2.2":0,"2.3":0,"4.1":0.136868194952,"4.2-4.3":0.416907725413,"4.4":0.9445706349,"4.4.3-4.4.4":0.528563358138},"10":{"7":0.00600125},"11":{"0":0.00067088209607,"10":0,"11":0,"12":0,"11.1":0,"11.5":0,"12.1":0},"12":{"0":37.126106},"13":{"0":0.019204},"14":{"10":0.0553746407767,"11":0.261491359223},"15":{"0":0.086418},"16":{"0":1.445101}}