{"1":{"6":0.00730530523256,"7":0.0219159156977,"8":0.211853851744,"9":0.026786119186,"10":0.0633126453488,"11":0.506501162791},"2":{"12":0.15147,"13":0.06426,"14":0.14688},"3":{"2":0.011475,"3":0.181305,"4":0.01377,"5":0.006885,"7":0.00918,"8":0.00459,"9":0.006885,"10":0.02295,"11":0.02295,"12":0.02754,"13":0.020655,"14":0.02754,"15":0.025245,"16":0.0459,"17":0.02754,"18":0.01377,"19":0.020655,"20":0.043605,"21":0.029835,"22":0.020655,"23":0.011475,"24":0.02754,"25":0.05967,"26":0.025245,"27":0.016065,"28":0.03672,"29":0.07344,"30":0.06885,"31":0.066555,"32":0.029835,"33":0.05049,"34":0.039015,"35":0.061965,"36":0.04131,"37":0.084915,"38":0.126225,"39":0.07344,"40":0.0918,"41":0.10098,"42":0.080325,"43":0.69768,"44":0.20655,"45":0.158355,"46":0.172125,"47":0.732105,"48":0.39015,"49":0.686205,"50":5.271615,"51":0.35802,"52":0.025245,"53":0.016065,"3.5":0.006885,"3.6":0.025245},"4":{"4":0.002295,"5":0.00459,"7":0.00459,"8":0.00459,"10":0.006885,"11":0.048195,"12":0.02754,"13":0.01377,"14":0.002295,"15":0.002295,"16":0.011475,"17":0.002295,"18":0.002295,"19":0.006885,"21":0.002295,"22":0.00459,"23":0.006885,"25":0.011475,"26":0.006885,"27":0.02295,"28":0.029835,"29":0.020655,"30":0.011475,"31":0.01836,"32":0.03213,"33":0.02754,"34":0.01836,"35":0.02754,"36":0.06885,"37":0.002295,"38":0.00459,"39":0.02295,"40":0.01377,"42":0.01377,"43":0.149175,"44":0.006885,"45":0.04131,"46":0.02754,"47":0.016065,"48":0.01836,"49":0.5508,"50":0.039015,"51":0.12852,"52":0.190485,"53":0.130815,"54":2.848095,"55":2.72187,"56":0.02754,"57":0.01836},"5":{"4":0.002295,"5":0.002295,"6":0.00918,"7":0.011475,"8":0.02754,"9":0.01836,"10":0.071145,"5.1":0.016065,"6.1":0.002295,"7.1":0.00459,"9.1":0.03213},"6":{"15":0.00459,"19":0.006885,"20":0.00459,"22":0.002295,"28":0.002295,"29":0.02754,"30":0.011475,"31":0.002295,"32":0.00459,"33":0.00459,"34":0.01377,"35":0.006885,"36":0.05049,"37":0.10098,"38":0.006885,"39":0.00459,"40":0.01836,"41":0.254745,"42":0.11934,"43":0.00459,"10.0-10.1":0,"11.5":0.011475,"11.6":0.00918,"12.1":0.006885},"7":{"8":0,"3.2":0,"4.0-4.1":0,"4.2-4.3":0,"5.0-5.1":0,"6.0-6.1":0,"7.0-7.1":0.0175693535792,"8.1-8.4":0.0266715488069,"9.0-9.2":0.0178868720174,"9.3":0.11335408243,"10.0-10.2":0.849150143167},"8":{"0":28.3383389954},"9":{"3":0,"4":0.159256125,"2.1":0,"2.2":0,"2.3":0,"4.1":0.523270125,"4.2-4.3":1.498307625,"4.4":3.454882875,"4.4.3-4.4.4":2.06057925},"10":{"7":0.059706},"11":{"0":2.16179700462,"10":0,"11":0,"12":0,"11.1":0,"11.5":0,"12.1":0},"12":{"0":21.615984},"13":{"0":0.11556},"14":{"10":0.2095488,"11":0.8381952},"15":{"0":15.13836},"16":{"0":0.909072}}