{"1":{"6":0.341019747885,"7":0.0598280259447,"8":4.07428856684,"9":1.65125351607,"10":0.68203949577,"11":3.76916563452},"2":{"12":0.029477,"13":0.12633,"14":0.593751},"3":{"3":0.012633,"4":0.016844,"8":0.320036,"35":0.004211,"37":0.004211,"38":0.012633,"39":0.004211,"40":0.016844,"41":0.004211,"42":0.004211,"43":0.202128,"44":0.008422,"45":0.033688,"46":0.012633,"47":0.054743,"48":0.067376,"49":0.092642,"50":1.149603,"51":0.008422,"3.6":0.008422},"4":{"11":0.105275,"12":0.012633,"17":0.037899,"20":0.029477,"21":0.075798,"22":0.004211,"24":0.008422,"25":0.012633,"26":0.025266,"27":0.012633,"28":0.012633,"29":0.046321,"30":0.037899,"31":0.315825,"32":0.016844,"33":0.046321,"34":0.021055,"35":0.021055,"36":0.037899,"37":0.016844,"38":0.067376,"39":0.105275,"40":0.012633,"41":0.037899,"42":0.635861,"43":0.050532,"44":0.071587,"45":11.946607,"46":0.105275,"47":1.747565,"48":0.248449,"49":1.128548,"50":2.324472,"51":0.244238,"52":0.235816,"53":0.328458,"54":1.43174,"55":0.943264,"56":0.092642,"57":0.021055},"5":{"4":0.012633,"5":0.004211,"7":0.008422,"8":0.033688,"9":0.037899,"10":0.37899,"5.1":0.008422,"6.1":0.004211,"9.1":0.109486},"6":{"28":0.004211,"36":0.004211,"38":0.008422,"41":0.04211,"42":0.025266,"10.0-10.1":0,"12.1":0.004211},"7":{"8":0,"3.2":0,"4.0-4.1":0,"4.2-4.3":0,"5.0-5.1":0,"6.0-6.1":0,"7.0-7.1":0.174307441793,"8.1-8.4":0.26461129718,"9.0-9.2":0.177457576283,"9.3":1.12459801302,"10.0-10.2":8.42450967173},"8":{"0":0.0268934283513},"9":{"3":0,"4":0.0953522618243,"2.1":0,"2.2":0,"2.3":0,"4.1":0.313300288851,"4.2-4.3":0.897089646959,"4.4":2.06856029223,"4.4.3-4.4.4":1.23374151014},"10":{"7":0.00144725},"11":{"0":0.00205157164869,"10":0,"11":0,"12":0,"11.1":0,"11.5":0,"12.1":0},"12":{"0":33.216623},"13":{"0":0.011578},"14":{"10":0.0127358,"11":0.0509432},"15":{"0":9.627107},"16":{"0":0.740992}}