{"1":{"6":0.283895483759,"7":0.0579378538283,"8":3.93977406032,"9":1.53535312645,"10":0.677872889791,"11":3.46468365893},"2":{"12":0.028679,"13":0.114716,"14":0.610453},"3":{"3":0.012291,"4":0.020485,"5":0.004097,"8":0.294984,"35":0.004097,"37":0.004097,"38":0.012291,"39":0.004097,"40":0.012291,"41":0.004097,"42":0.004097,"43":0.057358,"44":0.004097,"45":0.028679,"46":0.012291,"47":0.049164,"48":0.106522,"49":0.032776,"50":0.979183,"51":0.090134,"3.6":0.004097},"4":{"11":0.127007,"12":0.008194,"14":0.008194,"17":0.045067,"18":0.020485,"20":0.024582,"21":0.118813,"22":0.008194,"24":0.008194,"25":0.008194,"26":0.020485,"27":0.008194,"28":0.012291,"29":0.049164,"30":0.032776,"31":0.471155,"32":0.016388,"33":0.045067,"34":0.024582,"35":0.016388,"36":0.032776,"37":0.016388,"38":0.065552,"39":0.106522,"40":0.016388,"41":0.032776,"42":0.376924,"43":0.045067,"44":0.061455,"45":12.041083,"46":0.086037,"47":1.724837,"48":0.266305,"49":1.192227,"50":2.327096,"51":0.217141,"52":0.176171,"53":0.225335,"54":0.544901,"55":1.806777,"56":0.077843,"57":0.065552},"5":{"4":0.012291,"5":0.004097,"6":0.004097,"7":0.004097,"8":0.024582,"9":0.032776,"10":0.364633,"5.1":0.008194,"6.1":0.004097,"9.1":0.090134},"6":{"28":0.008194,"36":0.004097,"38":0.008194,"42":0.057358,"10.0-10.1":0,"12.1":0.008194},"7":{"8":0,"3.2":0,"4.0-4.1":0,"4.2-4.3":0,"5.0-5.1":0,"6.0-6.1":0.0396264161418,"7.0-7.1":0.186244155866,"8.1-8.4":0.223889251201,"9.0-9.2":0.101047361162,"9.3":0.869799834312,"10.0-10.2":7.85890898132},"8":{"0":0.0294505567686},"9":{"3":0,"4":0.0948949634465,"2.1":0,"2.2":0,"2.3":0,"4.1":0.306894349869,"4.2-4.3":0.934816342037,"4.4":2.11797482245,"4.4.3-4.4.4":1.18517752219},"10":{"7":0.00147575},"11":{"0":0.000064443231441,"10":0,"11":0,"12":0,"11.1":0,"11.5":0,"12.1":0},"12":{"0":36.16299},"13":{"0":0.011806},"14":{"10":0.0103159223301,"11":0.0487140776699},"15":{"0":8.335036},"16":{"0":0.749681}}