{"1":{"7":0.0124898357771,"8":0.549552774194,"9":0.156122947214,"10":0.149878029326,"11":1.26147341349},"2":{"12":0.042469,"13":0.12134,"14":0.448958},"3":{"3":0.030335,"16":0.006067,"31":0.006067,"34":0.006067,"38":0.024268,"39":0.012134,"40":0.012134,"41":0.006067,"42":0.012134,"43":0.054603,"44":0.012134,"45":0.084938,"46":0.036402,"47":0.200211,"48":0.157742,"49":0.109206,"50":2.742284,"51":0.024268,"52":0.006067,"3.6":0.012134},"4":{"11":0.012134,"18":0.012134,"21":0.006067,"22":0.084938,"26":0.042469,"29":0.012134,"30":0.012134,"31":0.042469,"32":0.036402,"33":0.012134,"34":0.036402,"35":0.054603,"36":0.139541,"37":0.018201,"38":0.042469,"39":0.042469,"40":0.024268,"41":0.024268,"42":0.024268,"43":0.103139,"44":0.072804,"45":0.048536,"46":0.091005,"47":0.091005,"48":0.097072,"49":1.522817,"50":0.151675,"51":0.697705,"52":0.36402,"53":0.582432,"54":22.945394,"55":21.90187,"56":0.091005,"57":0.030335},"5":{"4":0,"5":0.006067,"6":0.006067,"7":0.024268,"8":0.145608,"9":0.194144,"10":1.292271,"5.1":0.018201,"6.1":0.024268,"9.1":0.564231},"6":{"36":0.012134,"37":0.006067,"38":0.042469,"39":0.006067,"40":0.006067,"41":0.194144,"42":0.103139,"10.0-10.1":0,"12.1":0.006067},"7":{"8":0,"3.2":0,"4.0-4.1":0,"4.2-4.3":0,"5.0-5.1":0,"6.0-6.1":0,"7.0-7.1":0.0676586232827,"8.1-8.4":0.102710681128,"9.0-9.2":0.0688813694866,"9.3":0.436520394794,"10.0-10.2":3.27003093131},"8":{"0":0.277792530046},"9":{"3":0,"4":0.0703335405405,"2.1":0,"2.2":0,"2.3":0,"4.1":0.231095918919,"4.2-4.3":0.661709432432,"4.4":1.52580721622,"4.4.3-4.4.4":0.910029891892},"10":{"7":0.0422905},"11":{"0":0.0211914699538,"10":0,"11":0,"12":0,"11.1":0,"11.5":0,"12.1":0},"12":{"0":30.113419},"13":{"0":0.01967},"14":{"10":0.121954,"11":0.487816},"15":{"0":0.841876},"16":{"0":1.125124}}