{"1":{"7":0.0124825180328,"8":0.424405613115,"9":0.143548957377,"10":0.137307698361,"11":1.18583921311},"2":{"12":0.048192,"13":0.126504,"14":0.506016},"3":{"3":0.03012,"16":0.006024,"28":0.006024,"31":0.006024,"33":0.006024,"34":0.006024,"37":0.012048,"38":0.024096,"39":0.012048,"40":0.024096,"41":0.012048,"42":0.012048,"43":0.048192,"44":0.012048,"45":0.078312,"46":0.03012,"47":0.18072,"48":0.144576,"49":0.072288,"50":2.445744,"51":0.33132,"52":0.006024,"3.6":0.012048},"4":{"11":0.018072,"18":0.012048,"21":0.006024,"22":0.09036,"26":0.036144,"27":0.006024,"29":0.012048,"30":0.012048,"31":0.036144,"32":0.066264,"33":0.006024,"34":0.036144,"35":0.078312,"36":0.253008,"37":0.018072,"38":0.048192,"39":0.042168,"40":0.024096,"41":0.024096,"42":0.024096,"43":0.096384,"44":0.084336,"45":0.06024,"46":0.09036,"47":0.084336,"48":0.084336,"49":1.47588,"50":0.132528,"51":0.656616,"52":0.313248,"53":0.439752,"54":0.765048,"55":43.541472,"56":0.72288,"57":0.03012},"5":{"4":0.006024,"5":0.012048,"7":0.018072,"8":0.138552,"9":0.1506,"10":1.331304,"5.1":0.024096,"6.1":0.018072,"9.1":0.506016},"6":{"38":0.036144,"41":0.006024,"42":0.295176,"10.0-10.1":0,"12.1":0.012048},"7":{"8":0,"3.2":0,"4.0-4.1":0,"4.2-4.3":0,"5.0-5.1":0,"6.0-6.1":0.0154167097256,"7.0-7.1":0.0724585357105,"8.1-8.4":0.0871044099498,"9.0-9.2":0.0393126098004,"9.3":0.338396778478,"10.0-10.2":3.05751895634},"8":{"0":0.297548908297},"9":{"3":0,"4":0.0663566370757,"2.1":0,"2.2":0,"2.3":0,"4.1":0.21460018799,"4.2-4.3":0.653683467363,"4.4":1.4810236658,"4.4.3-4.4.4":0.828752041775},"10":{"7":0.035784},"11":{"0":0.000651091703057,"10":0,"11":0,"12":0,"11.1":0,"11.5":0,"12.1":0},"12":{"0":30.788768},"13":{"0":0.015904},"14":{"10":0.105614912621,"11":0.498737087379},"15":{"0":0.918456},"16":{"0":1.244488}}