{"1":{"8":0.123338081633,"9":0.107920821429,"10":0.107920821429,"11":1.67534227551},"2":{"12":0.10226,"13":0.224972,"14":0.889662},"3":{"16":0.010226,"28":0.005113,"33":0.010226,"34":0.015339,"35":0.015339,"36":0.020452,"37":0.010226,"38":0.066469,"39":0.030678,"40":0.010226,"41":0.020452,"42":0.010226,"43":0.056243,"44":0.035791,"45":0.132938,"46":0.035791,"47":0.235198,"48":0.25565,"49":0.168729,"50":5.455571,"51":0.071582,"52":0.010226,"3.6":0.005113},"4":{"11":0.020452,"22":0.010226,"27":0.005113,"29":0.005113,"31":0.015339,"32":0.092034,"33":0.005113,"34":0.015339,"35":0.081808,"36":0.20452,"37":0.020452,"38":0.020452,"39":0.046017,"40":0.035791,"41":0.035791,"42":0.005113,"43":0.066469,"44":0.086921,"45":0.035791,"46":0.046017,"47":0.132938,"48":0.097147,"49":1.037939,"50":0.092034,"51":0.240311,"52":0.189181,"53":0.311893,"54":17.256375,"55":13.687501,"56":0.056243,"57":0.010226},"5":{"4":0.005113,"5":0.030678,"6":0.005113,"7":0.040904,"8":0.311893,"9":0.393701,"10":2.883732,"5.1":0.05113,"6.1":0.066469,"7.1":0.005113,"9.1":1.201555},"6":{"27":0.056243,"29":0.046017,"33":0.030678,"36":0.015339,"37":0.092034,"38":0.030678,"39":0.005113,"41":0.25565,"42":0.081808,"10.0-10.1":0,"12.1":0.010226},"7":{"8":0,"3.2":0,"4.0-4.1":0,"4.2-4.3":0,"5.0-5.1":0,"6.0-6.1":0,"7.0-7.1":0.122117700238,"8.1-8.4":0.185383496746,"9.0-9.2":0.124324646627,"9.3":0.787879861171,"10.0-10.2":5.90211029522},"8":{"0":3.22903991371},"9":{"3":0,"4":0.124509827703,"2.1":0,"2.2":0,"2.3":0,"4.1":0.409103719595,"4.2-4.3":1.17140878716,"4.4":2.70110095608,"4.4.3-4.4.4":1.61100470946},"10":{"7":0.00611},"11":{"0":0.246328086287,"10":0,"11":0,"12":0,"11.1":0,"11.5":0,"12.1":0},"12":{"0":26.191525},"13":{"0":0.034216},"14":{"10":0.1036256,"11":0.4145024},"15":{"0":0.381264},"16":{"0":5.728736}}