{"1":{"8":0.164618666667,"9":0.0987712,"10":0.142669511111,"11":1.81629262222},"2":{"12":0.08052,"13":0.220088,"14":1.014552},"3":{"3":0.005368,"16":0.010736,"28":0.005368,"29":0.010736,"33":0.010736,"34":0.010736,"35":0.016104,"36":0.021472,"37":0.010736,"38":0.05368,"39":0.016104,"40":0.010736,"41":0.016104,"42":0.010736,"43":0.042944,"44":0.021472,"45":0.155672,"46":0.02684,"47":0.166408,"48":0.2684,"49":0.096624,"50":0.273768,"51":5.351896,"52":0.042944,"53":0.016104,"3.6":0.005368},"4":{"11":0.010736,"22":0.010736,"27":0.010736,"29":0.010736,"31":0.010736,"32":0.096624,"33":0.010736,"34":0.010736,"35":0.123464,"36":0.209352,"37":0.02684,"38":0.032208,"39":0.032208,"40":0.010736,"41":0.021472,"42":0.005368,"43":0.08052,"44":0.091256,"45":0.02684,"46":0.037576,"47":0.123464,"48":0.064416,"49":1.068232,"50":0.069784,"51":0.139568,"52":0.1342,"53":0.166408,"54":0.305976,"55":7.86412,"56":25.261808,"57":0.042944,"58":0.02684},"5":{"4":0.005368,"5":0.032208,"7":0.021472,"8":0.311344,"9":0.359656,"10":3.660976,"5.1":0.048312,"6.1":0.048312,"7.1":0.016104,"9.1":1.068232,"10.1":0.010736},"6":{"12":0.005368,"27":0.042944,"29":0.037576,"33":0.021472,"34":0.005368,"36":0.005368,"37":0.02684,"38":0.010736,"39":0.010736,"42":0.096624,"43":0.177144,"10.0-10.1":0,"12.1":0.010736},"7":{"8":0,"3.2":0,"4.0-4.1":0,"4.2-4.3":0,"5.0-5.1":0,"6.0-6.1":0.0374560475332,"7.0-7.1":0.165371983448,"8.1-8.4":0.225443003077,"9.0-9.2":0.044523226313,"9.3":0.611310964456,"10.0-10.2":5.57671077517},"8":{"0":1.92270476856},"9":{"3":0,"4":0.10920255102,"2.1":0,"2.2":0,"2.3":0,"4.1":0.327607653061,"4.2-4.3":1.05489664286,"4.4":2.33038243878,"4.4.3-4.4.4":1.31479871429},"10":{"7":0.003474},"11":{"0":0.00420723144105,"10":0,"11":0,"12":0,"11.1":0,"11.5":0,"12.1":0},"12":{"0":26.636736},"13":{"0":0.02316},"14":{"10":0.0712338640777,"11":0.336382135922},"15":{"0":0.352032},"16":{"0":5.563032},"17":{}}