{"1":{"8":0.146328066194,"9":0.109746049645,"10":0.156780070922,"11":1.79774481324},"2":{"12":0.071806,"13":0.220547,"14":1.010413},"3":{"3":0.005129,"16":0.010258,"29":0.005129,"33":0.005129,"34":0.005129,"35":0.010258,"36":0.015387,"37":0.010258,"38":0.041032,"39":0.025645,"40":0.010258,"41":0.015387,"42":0.010258,"43":0.05129,"44":0.015387,"45":0.158999,"46":0.025645,"47":0.158999,"48":0.251321,"49":0.097451,"50":4.877679,"51":0.600093,"52":0.025645,"3.6":0.005129},"4":{"11":0.015387,"22":0.010258,"29":0.010258,"31":0.015387,"32":0.082064,"33":0.005129,"34":0.015387,"35":0.138483,"36":0.30774,"37":0.020516,"38":0.030774,"39":0.035903,"40":0.020516,"41":0.030774,"42":0.005129,"43":0.061548,"44":0.066677,"45":0.030774,"46":0.041032,"47":0.107709,"48":0.066677,"49":1.061703,"50":0.056419,"51":0.164128,"52":0.143612,"53":0.184644,"54":0.507771,"55":30.758613,"56":0.369288,"57":0.025645},"5":{"4":0,"5":0.030774,"6":0.015387,"7":0.015387,"8":0.261579,"9":0.333385,"10":3.108174,"5.1":0.05129,"6.1":0.05129,"7.1":0.010258,"9.1":1.041187},"6":{"27":0.046161,"28":0.005129,"29":0.035903,"33":0.020516,"35":0.005129,"36":0.010258,"37":0.046161,"38":0.020516,"39":0.005129,"41":0.010258,"42":0.297482,"10.0-10.1":0,"12.1":0.010258},"7":{"8":0,"3.2":0,"4.0-4.1":0,"4.2-4.3":0,"5.0-5.1":0,"6.0-6.1":0.0300361866126,"7.0-7.1":0.141170077079,"8.1-8.4":0.169704454361,"9.0-9.2":0.0765922758621,"9.3":0.659294296146,"10.0-10.2":5.95692670994},"8":{"0":2.13856043668},"9":{"3":0,"4":0.115165871192,"2.1":0,"2.2":0,"2.3":0,"4.1":0.372451328111,"4.2-4.3":1.13450634813,"4.4":2.57040423151,"4.4.3-4.4.4":1.43834822106},"10":{"7":0.004871},"11":{"0":0.00467956331878,"10":0,"11":0,"12":0,"11.1":0,"11.5":0,"12.1":0},"12":{"0":27.537559},"13":{"0":0.038968},"14":{"10":0.080016815534,"11":0.377857184466},"15":{"0":0.409164},"16":{"0":5.996201}}