{"1":{"6":0.016944,"7":0.016944,"8":0.67776,"9":0.186384,"10":0.245688,"11":1.194552,"5.5":0.008472},"2":{"12":0.304992,"13":0.160968,"14":0.118608},"3":{"2":0.025416,"3":0.025416,"4":0.059304,"5":0.177912,"6":0.033888,"7":0.04236,"8":0.093192,"9":0.194856,"10":0.237216,"11":0.093192,"12":0.12708,"13":0.059304,"14":0.033888,"15":0.135552,"16":0.271104,"17":0.398184,"18":0.101664,"19":0.203328,"20":0.16944,"21":0.203328,"22":0.118608,"23":0.389712,"24":0.398184,"25":0.923448,"26":0.4236,"27":0.29652,"28":0.152496,"29":0.567624,"30":0.355824,"31":0.46596,"32":3.507408,"33":0.643872,"34":1.702872,"35":0.8472,"36":1.414824,"37":2.702568,"38":1.516488,"39":0.787896,"40":2.37216,"41":1.829952,"42":1.092888,"43":3.456576,"44":1.279272,"45":2.872008,"46":2.118,"47":6.201504,"48":3.914064,"49":5.21028,"50":19.807536,"51":0.406656,"52":0.118608,"53":0.050832,"3.5":0.144024,"3.6":0.25416},"4":{"11":0.04236,"14":0.008472,"18":0.008472,"22":0.008472,"23":0.033888,"24":0.016944,"25":0.04236,"26":0.016944,"27":0.025416,"28":0.016944,"29":0.08472,"30":0.033888,"31":0.04236,"32":0.04236,"33":0.101664,"34":0.076248,"35":0.04236,"36":0.110136,"37":0.067776,"38":0.228744,"39":0.059304,"40":0.050832,"41":0.067776,"42":0.076248,"43":0.050832,"44":0.033888,"45":0.101664,"46":0.152496,"47":0.110136,"48":0.08472,"49":0.347352,"50":0.177912,"51":0.203328,"52":0.16944,"53":0.703176,"54":2.863536,"55":2.236608,"56":0.025416},"5":{"4":0,"5":0.008472,"8":0.025416,"9":0.025416,"10":0.194856,"9.1":0.050832},"6":{"11":0.008472,"12":0.04236,"20":0.033888,"29":0.008472,"30":0.025416,"32":0.118608,"34":0.016944,"35":0.008472,"36":0.016944,"37":0.04236,"38":0.050832,"40":0.016944,"41":0.160968,"42":0.076248,"10.0-10.1":0.016944,"10.6":0.008472,"11.1":0.008472,"11.5":0.04236,"11.6":0.04236,"12.1":0.04236},"7":{"8":0,"3.2":0,"4.0-4.1":0,"4.2-4.3":0,"5.0-5.1":0,"6.0-6.1":0,"7.0-7.1":0.0252311769445,"8.1-8.4":0.0383027505423,"9.0-9.2":0.02568716207,"9.3":0.162786689805,"10.0-10.2":1.21945622064},"8":{"0":0.292457787365},"9":{"3":0,"4":0.0328513547297,"2.1":0,"2.2":0,"2.3":0,"4.1":0.107940165541,"4.2-4.3":0.309070908784,"4.4":0.712673266892,"4.4.3-4.4.4":0.425056304054},"10":{"7":0.010314},"11":{"0":0.0223102126348,"10":0,"11":0,"12":0,"11.1":0,"11.5":0,"12.1":0},"12":{"0":9.131144},"13":{"0":1.586064},"14":{"10":0.0226144,"11":0.0904576},"15":{"0":0.45076},"16":{"0":0.811368}}