{"1":{"6":0.00544976190476,"8":0.12534452381,"9":0.326985714286,"10":0.185291904762,"11":1.98916309524},"2":{"12":0.243225,"13":0.372945,"14":1.17829},"3":{"3":0.016215,"26":0.005405,"32":0.02162,"35":0.01081,"36":0.005405,"38":0.02162,"39":0.01081,"40":0.01081,"41":0.037835,"42":0.005405,"43":0.016215,"44":0.005405,"45":0.06486,"46":0.02162,"47":0.167555,"48":0.24863,"49":0.08648,"50":0.23782,"51":3.79431,"52":0.06486,"53":0.091885},"4":{"11":0.016215,"13":0.01081,"17":0.027025,"18":0.005405,"19":0.016215,"26":0.01081,"28":0.05405,"29":0.01081,"30":0.027025,"31":0.048645,"32":0.135125,"33":0.11891,"34":0.01081,"35":0.232415,"36":1.19991,"38":0.01081,"39":0.027025,"40":0.05405,"42":0.070265,"43":2.34577,"44":0.14053,"45":0.124315,"46":0.03243,"47":0.31349,"48":0.027025,"49":1.47016,"50":0.027025,"51":0.2162,"52":0.156745,"53":0.50807,"54":0.50807,"55":7.64267,"56":22.76586,"57":0.12972,"58":0.102695},"5":{"4":0,"7":0.037835,"8":0.02162,"9":0.145935,"10":1.02695,"5.1":0.016215,"6.1":0.027025,"7.1":0.01081,"9.1":0.383755,"10.1":0.02162},"6":{"36":0.124315,"37":0.037835,"40":0.01081,"42":0.41078,"43":0.405375,"10.0-10.1":0},"7":{"8":0,"3.2":0,"4.0-4.1":0,"4.2-4.3":0,"5.0-5.1":0,"6.0-6.1":0.0264852387268,"7.0-7.1":0.116934827586,"8.1-8.4":0.159411153846,"9.0-9.2":0.0314824535809,"9.3":0.432259084881,"10.0-10.2":3.94330224138},"8":{"0":2.47129734716},"9":{"3":0,"4":0.17090454932,"2.1":0,"2.2":0,"2.3":0,"4.1":0.512713647959,"4.2-4.3":1.65093794643,"4.4":3.64710308248,"4.4.3-4.4.4":2.05769077381},"10":{"7":0},"11":{"0":0.00540765283843,"10":0,"11":0,"12":0,"11.1":0,"11.5":0,"12.1":0},"12":{"0":28.126975},"13":{"0":0.07352},"14":{"10":0.189510291262,"11":0.894909708738},"15":{"0":1.603655},"16":{"0":1.63582},"17":{}}