{"1":{"8":0.201714051724,"9":0.155607982759,"10":0.161371241379,"11":2.15545872414},"2":{"12":0.211418,"13":0.479976,"14":1.159942},"3":{"3":0.017142,"11":0.011428,"12":0.005714,"16":0.005714,"24":0.011428,"26":0.005714,"27":0.017142,"31":0.005714,"32":0.005714,"34":0.017142,"35":0.022856,"37":0.011428,"38":0.017142,"39":0.005714,"40":0.005714,"41":0.039998,"42":0.022856,"43":0.068568,"44":0.02857,"45":0.034284,"46":0.011428,"47":0.297128,"48":0.268558,"49":0.14285,"50":3.479826,"51":0.039998,"52":0.08571,"3.6":0.039998},"4":{"12":0.011428,"19":0.034284,"24":0.005714,"25":0.011428,"31":0.154278,"32":0.097138,"33":0.11428,"34":0.039998,"35":0.022856,"36":0.988522,"37":0.011428,"38":0.005714,"39":0.022856,"40":0.14285,"41":0.011428,"42":0.062854,"43":2.822716,"44":0.165706,"45":0.074282,"46":0.159992,"47":0.262844,"48":0.045712,"49":0.959952,"50":0.062854,"51":0.897098,"52":0.634254,"53":0.411408,"54":17.393416,"55":14.702122,"56":0.14285,"57":0.02857},"5":{"4":0,"8":0.062854,"9":0.02857,"10":1.645632,"5.1":0.051426,"6.1":0.045712,"9.1":0.302842},"6":{"29":0.005714,"30":0.011428,"33":0.005714,"36":0.068568,"37":0.017142,"40":0.017142,"41":0.834244,"42":0.262844,"10.0-10.1":0},"7":{"8":0,"3.2":0,"4.0-4.1":0,"4.2-4.3":0,"5.0-5.1":0,"6.0-6.1":0,"7.0-7.1":0.0783976624316,"8.1-8.4":0.119013318872,"9.0-9.2":0.0798144876562,"9.3":0.505806605206,"10.0-10.2":3.78906292583},"8":{"0":2.46839768875},"9":{"3":0,"4":0.16492183277,"2.1":0,"2.2":0,"2.3":0,"4.1":0.541886021959,"4.2-4.3":1.55161152872,"4.4":3.57779404561,"4.4.3-4.4.4":2.13388657095},"10":{"7":0.00107125},"11":{"0":0.188302311248,"10":0,"11":0,"12":0,"11.1":0,"11.5":0,"12.1":0},"12":{"0":25.103333},"13":{"0":0.03428},"14":{"10":0.194539,"11":0.778156},"15":{"0":2.63956},"16":{"0":1.41405}}