{"1":{"7":0.36716,"8":0.908721,"9":4.378383,"11":6.388584},"2":{"12":8.573186,"14":0.18358},"3":{"4":0.55074,"6":0.18358,"20":0.55074,"42":2.918922,"46":6.572164,"47":0.36716,"48":3.286082,"49":4.929123,"50":10.399807},"4":{"16":0.73432,"18":0.55074,"19":1.092301,"22":0.55074,"41":0.18358,"42":0.36716,"43":0.18358,"50":3.286082,"52":4.561963,"53":2.735342,"54":15.69609,"55":7.113725},"5":{"4":0,"10":1.275881},"6":{"27":0.18358,"28":0.36716,"41":2.010201,"10.0-10.1":0},"7":{"8":0,"3.2":0,"4.0-4.1":0,"4.2-4.3":0,"5.0-5.1":0,"6.0-6.1":0,"7.0-7.1":0.0140776779258,"8.1-8.4":0.0213709327549,"9.0-9.2":0.014332093792,"9.3":0.0908264642082,"10.0-10.2":0.680392831319},"8":{"0":0},"9":{"3":0,"4":0.00424714949324,"2.1":0,"2.2":0,"2.3":0,"4.1":0.0139549197635,"4.2-4.3":0.0399578758446,"4.4":0.0921371410473,"4.4.3-4.4.4":0.0549529138514},"10":{"7":0},"11":{"0":0,"10":0,"11":0,"12":0,"11.1":0,"11.5":0,"12.1":0},"12":{"0":7.14041},"13":{},"14":{"10":0.0821,"11":0.3284},"15":{},"16":{}}