{"1":{"8":1.71121896907,"9":5.27949943299,"10":0.622261443299,"11":5.59063015464},"2":{"12":10.619882,"14":0.303968},"3":{"25":0.455952,"27":0.151984,"33":0.303968,"36":0.455952,"42":2.431744,"45":0.151984,"46":7.741685,"47":0.303968,"48":2.27976,"49":6.677797,"50":7.589701},"4":{"32":0.151984,"37":1.063888,"41":0.151984,"43":0.303968,"48":0.151984,"50":4.246053,"52":1.671824,"53":0.607936,"54":11.379802,"55":19.729423},"5":{"4":0,"10":1.671824,"5.1":0.607936},"6":{"28":0.303968,"42":0.151984,"10.0-10.1":0,"12.1":0.151984},"7":{"8":0,"3.2":0,"4.0-4.1":0,"4.2-4.3":0,"5.0-5.1":0,"6.0-6.1":0,"7.0-7.1":0,"8.1-8.4":0,"9.0-9.2":0,"9.3":0,"10.0-10.2":0},"8":{"0":0},"9":{"3":0,"4":0.00320722845953,"2.1":0,"2.2":0,"2.3":0,"4.1":0.0103723133159,"4.2-4.3":0.0315946122715,"4.4":0.0715826096606,"4.4.3-4.4.4":0.0400562362924},"10":{"7":0},"11":{"0":0,"10":0,"11":0,"12":0,"11.1":0,"11.5":0,"12.1":0},"12":{"0":4.227438},"13":{},"14":{"10":0.0821250873786,"11":0.387812912621},"15":{},"16":{"0":0.156813}}