{"1":{"8":0.59868,"9":3.94131,"10":0.59868,"11":5.97017},"2":{"12":7.28394,"14":0.241135},"3":{"21":0.357545,"23":0.11641,"25":0.473955,"31":0.11641,"37":0.241135,"42":4.182445,"45":0.357545,"46":4.6564,"47":0.357545,"48":0.11641,"49":1.43018,"50":5.13867,"51":11.466385},"4":{"27":0.241135,"31":0.241135,"34":0.11641,"41":0.357545,"50":1.79604,"52":0.71509,"53":0.839815,"54":4.066035,"55":8.123755,"56":15.291285},"5":{"4":0.241135,"10":0.71509},"6":{"28":1.072635,"10.0-10.1":0,"11.6":0.11641,"12.1":0.71509},"7":{"8":0,"3.2":0,"4.0-4.1":0,"4.2-4.3":0,"5.0-5.1":0,"6.0-6.1":0.0113636498674,"7.0-7.1":0.0501715862069,"8.1-8.4":0.0683963076923,"9.0-9.2":0.013507734748,"9.3":0.185463342175,"10.0-10.2":1.69189737931},"8":{"0":0},"9":{"3":0,"4":0.0143197278912,"2.1":0,"2.2":0,"2.3":0,"4.1":0.0429591836735,"4.2-4.3":0.138328571429,"4.4":0.305582993197,"4.4.3-4.4.4":0.17240952381},"10":{"7":0.1684},"11":{"0":0,"10":0,"11":0,"12":0,"11.1":0,"11.5":0,"12.1":0},"12":{"0":8.66357},"13":{},"14":{"10":0.871102135922,"11":4.11353786408},"15":{},"16":{"0":0.53888},"17":{}}