{"1":{"7":0.029385,"8":0.805149,"9":0.111663,"10":0.129294,"11":3.614355},"2":{"12":0.05877,"13":0.252711,"14":2.080458},"3":{"16":0.011754,"26":0.041139,"35":0.017631,"36":0.005877,"38":0.047016,"39":0.017631,"41":0.011754,"42":0.011754,"43":0.05877,"44":0.011754,"45":0.05877,"46":0.041139,"47":0.211572,"48":0.193941,"49":0.094032,"50":5.371578,"51":0.846288,"52":0.011754,"3.6":0.011754},"4":{"11":0.011754,"22":0.035262,"26":0.017631,"30":0.017631,"31":0.017631,"32":0.023508,"33":0.011754,"34":0.017631,"35":0.029385,"36":0.152802,"37":0.011754,"38":0.076401,"39":0.035262,"40":0.035262,"41":0.023508,"42":0.481914,"43":0.135171,"44":0.029385,"45":0.029385,"46":0.017631,"47":0.047016,"48":0.052893,"49":2.815083,"50":0.094032,"51":0.64647,"52":0.47016,"53":0.258588,"54":0.329112,"55":33.657579,"56":0.41139,"57":0.035262},"5":{"4":0,"5":0.029385,"6":0.011754,"7":0.017631,"8":0.082278,"9":0.088155,"10":1.569159,"5.1":0.05877,"6.1":0.047016,"7.1":0.005877,"9.1":0.493668},"6":{"36":0.017631,"38":0.035262,"41":0.011754,"42":0.534807,"10.0-10.1":0,"12.1":0.005877},"7":{"8":0,"3.2":0,"4.0-4.1":0,"4.2-4.3":0,"5.0-5.1":0,"6.0-6.1":0.0354594726166,"7.0-7.1":0.166659521298,"8.1-8.4":0.200346020284,"9.0-9.2":0.0904216551724,"9.3":0.778335423935,"10.0-10.2":7.03249990669},"8":{"0":0.38671579476},"9":{"3":0,"4":0.0409824046997,"2.1":0,"2.2":0,"2.3":0,"4.1":0.132538840731,"4.2-4.3":0.403720284595,"4.4":0.914692394256,"4.4.3-4.4.4":0.511844075718},"10":{"7":0.0144305},"11":{"0":0.000846205240175,"10":0,"11":0,"12":0,"11.1":0,"11.5":0,"12.1":0},"12":{"0":23.70158},"13":{"0":0.045353},"14":{"10":0.0461135533981,"11":0.217758446602},"15":{"0":1.929564},"16":{"0":5.063044}}