{"1":{"7":0.0086404969988,"8":0.276495903962,"9":0.164169442977,"10":0.155528945978,"11":6.59269921008},"2":{"12":0.307368,"13":0.38421,"14":2.706546},"3":{"9":0.008538,"12":0.008538,"19":0.008538,"20":0.008538,"24":0.076842,"25":0.017076,"26":0.221988,"28":0.008538,"29":0.008538,"30":0.008538,"31":0.025614,"33":0.017076,"34":0.008538,"35":0.008538,"36":0.017076,"37":0.017076,"38":0.068304,"39":0.025614,"40":0.017076,"41":0.025614,"42":0.034152,"43":0.08538,"44":0.034152,"45":0.631812,"46":0.068304,"47":0.742806,"48":0.51228,"49":0.367134,"50":2.81754,"51":14.198694,"52":0.503742,"53":0.230526,"3.6":0.017076},"4":{"11":0.025614,"12":0.008538,"18":0.017076,"20":0.008538,"22":0.068304,"26":0.017076,"27":0.008538,"29":0.017076,"31":0.025614,"32":0.017076,"34":0.307368,"36":0.017076,"37":0.04269,"38":0.025614,"39":0.04269,"40":0.017076,"41":0.017076,"42":0.008538,"43":0.879414,"44":0.034152,"45":0.034152,"46":0.017076,"47":0.307368,"48":0.068304,"49":2.322336,"50":0.145146,"51":0.68304,"52":0.08538,"53":0.520818,"54":0.452514,"55":11.278698,"56":25.494468,"57":0.102456,"58":0.051228},"5":{"4":0.008538,"5":0.008538,"8":0.04269,"9":0.332982,"10":1.784442,"5.1":0.025614,"6.1":0.017076,"9.1":0.25614,"10.1":0.017076},"6":{"12":0.008538,"28":0.008538,"36":0.145146,"37":0.008538,"38":0.059766,"41":0.008538,"42":2.117424,"43":1.66491,"10.0-10.1":0,"12.1":0.204912},"7":{"8":0,"3.2":0,"4.0-4.1":0,"4.2-4.3":0,"5.0-5.1":0,"6.0-6.1":0.0162206767109,"7.0-7.1":0.071615817931,"8.1-8.4":0.0976301107692,"9.0-9.2":0.0192811817507,"9.3":0.264733685942,"10.0-10.2":2.4150445269},"8":{"0":0.328231768559},"9":{"3":0,"4":0.0200154761905,"2.1":0,"2.2":0,"2.3":0,"4.1":0.0600464285714,"4.2-4.3":0.1933495,"4.4":0.427130261905,"4.4.3-4.4.4":0.240986333333},"10":{"7":0.012427},"11":{"0":0.000718231441048,"10":0,"11":0,"12":0,"11.1":0,"11.5":0,"12.1":0},"12":{"0":9.032116},"13":{"0":0.01462},"14":{"10":0.0554424466019,"11":0.261811553398},"15":{"0":0.084796},"16":{"0":1.033634},"17":{}}