{"1":{"8":0.305909482759,"9":0.201026231527,"10":0.157324876847,"11":6.43283940887},"2":{"12":0.372165,"13":0.57123,"14":2.49264},"3":{"12":0.008655,"21":0.008655,"24":0.06924,"25":0.008655,"26":0.112515,"28":0.01731,"29":0.01731,"30":0.008655,"31":0.025965,"33":0.01731,"34":0.008655,"35":0.008655,"36":0.008655,"37":0.01731,"38":0.077895,"39":0.03462,"40":0.01731,"41":0.025965,"42":0.03462,"43":0.233685,"44":0.03462,"45":0.93474,"46":0.095205,"47":1.203045,"48":0.60585,"49":0.752985,"50":13.908585,"51":2.207025,"52":0.24234,"3.6":0.01731},"4":{"11":0.01731,"18":0.008655,"22":0.05193,"26":0.01731,"27":0.008655,"29":0.008655,"31":0.025965,"32":0.01731,"34":0.372165,"35":0.008655,"36":0.025965,"37":0.03462,"38":0.025965,"39":0.060585,"40":0.01731,"41":0.025965,"42":0.008655,"43":0.960705,"44":0.043275,"45":0.025965,"46":0.025965,"47":0.354855,"48":0.06924,"49":2.37147,"50":0.199065,"51":1.116495,"52":0.112515,"53":1.0386,"54":3.39276,"55":31.34841,"56":0.718365,"57":0.29427},"5":{"4":0,"5":0.008655,"7":0.008655,"8":0.043275,"9":0.406785,"10":1.66176,"5.1":0.025965,"6.1":0.01731,"9.1":0.250995},"6":{"12":0.01731,"28":0.008655,"36":0.112515,"37":0.01731,"38":0.13848,"41":0.43275,"42":3.18504,"43":0.043275,"10.0-10.1":0,"12.1":0.216375},"7":{"8":0,"3.2":0,"4.0-4.1":0,"4.2-4.3":0,"5.0-5.1":0,"6.0-6.1":0.0112834589516,"7.0-7.1":0.0530322570727,"8.1-8.4":0.0637515430768,"9.0-9.2":0.0287728203267,"9.3":0.247671923988,"10.0-10.2":2.23779199658},"8":{"0":0.308445065502},"9":{"3":0,"4":0.0236398955614,"2.1":0,"2.2":0,"2.3":0,"4.1":0.0764524281984,"4.2-4.3":0.232878120104,"4.4":0.527622349869,"4.4.3-4.4.4":0.295247206266},"10":{"7":0.012432},"11":{"0":0.000674934497817,"10":0,"11":0,"12":0,"11.1":0,"11.5":0,"12.1":0},"12":{"0":8.084523},"13":{"0":0.012096},"14":{"10":0.0512024854369,"11":0.241789514563},"15":{"0":0.08064},"16":{"0":0.915264}}