{"1":{"7":0.011244,"8":0.205203,"9":0.019677,"10":0.106818,"11":2.341563},"2":{"12":0.081519,"13":0.087141,"14":0.292344},"3":{"3":0.025299,"4":0.005622,"5":0.002811,"7":0.002811,"9":0.008433,"10":0.005622,"11":0.014055,"12":0.011244,"15":0.036543,"18":0.005622,"19":0.002811,"20":0.005622,"21":0.005622,"23":0.002811,"24":0.005622,"25":0.008433,"26":0.005622,"28":0.005622,"29":0.042165,"30":0.022488,"31":0.005622,"33":0.016866,"34":0.014055,"35":0.014055,"36":0.02811,"37":0.011244,"38":0.036543,"39":0.022488,"40":0.036543,"41":0.008433,"42":0.019677,"43":0.137739,"44":0.059031,"45":0.059031,"46":0.016866,"47":0.146172,"48":0.073086,"49":0.137739,"50":3.215784,"51":0.275478,"52":0.005622},"4":{"6":0.030921,"7":0.005622,"8":0.011244,"9":0.002811,"10":0.008433,"11":0.019677,"15":0.002811,"16":0.002811,"18":0.005622,"19":0.002811,"20":0.011244,"21":0.025299,"23":0.002811,"25":0.047787,"26":0.005622,"27":0.005622,"28":0.008433,"30":0.014055,"31":0.02811,"32":0.011244,"33":0.016866,"34":0.005622,"35":0.005622,"36":1.09629,"37":0.011244,"38":0.022488,"39":0.005622,"40":0.019677,"41":0.014055,"43":0.303588,"44":0.182715,"45":0.286722,"46":0.019677,"47":0.033732,"48":0.014055,"49":0.708372,"50":0.050598,"51":0.171471,"52":0.2811,"53":0.115251,"54":6.920682,"55":7.685274,"56":0.075897,"57":0.042165},"5":{"4":0,"5":0.002811,"6":0.014055,"7":0.011244,"8":0.019677,"9":0.064653,"10":0.427272,"5.1":0.005622,"6.1":0.025299,"7.1":0.011244,"9.1":0.115251},"6":{"17":0.002811,"28":0.002811,"31":0.008433,"37":0.02811,"41":0.241746,"42":0.106818,"43":0.042165,"10.0-10.1":0},"7":{"8":0,"3.2":0,"4.0-4.1":0,"4.2-4.3":0,"5.0-5.1":0,"6.0-6.1":0,"7.0-7.1":0.0304476167751,"8.1-8.4":0.0462216832972,"9.0-9.2":0.0309978749096,"9.3":0.196442154013,"10.0-10.2":1.47157367101},"8":{"0":14.1738058151},"9":{"3":0,"4":0.166461173564,"2.1":0,"2.2":0,"2.3":0,"4.1":0.546943855997,"4.2-4.3":1.56609389823,"4.4":3.6111883163,"4.4.3-4.4.4":2.15380375591},"10":{"7":0.0035945},"11":{"0":1.0812521849,"10":0,"11":0,"12":0,"11.1":0,"11.5":0,"12.1":0},"12":{"0":24.582683},"13":{},"14":{"10":0.122213,"11":0.488852},"15":{"0":17.720885},"16":{"0":3.788603}}