{"1":{"7":0.0432,"8":0.29808,"9":0.03888,"10":0.11232,"11":3.48192},"2":{"12":0.0648,"13":0.12096,"14":0.50112},"3":{"3":0.01728,"7":0.00864,"8":0.01728,"9":0.00864,"10":0.00864,"11":0.00432,"12":0.01296,"15":0.01728,"18":0.108,"22":0.00432,"23":0.01296,"24":0.00864,"26":0.00432,"29":0.03024,"30":0.01728,"31":0.01728,"33":0.00864,"34":0.0432,"35":0.00432,"36":0.03456,"37":0.00864,"38":0.02592,"39":0.02592,"40":0.03456,"41":0.03024,"42":0.00864,"43":0.09936,"44":0.06912,"45":0.10368,"46":0.01728,"47":0.24192,"48":0.11232,"49":0.1944,"50":4.32864,"51":0.76464,"52":0.04752,"3.5":0.01296,"3.6":0.00864},"4":{"9":0.00432,"11":0.00864,"15":0.00432,"19":0.00432,"20":0.00864,"21":0.02592,"22":0.00864,"25":0.0216,"26":0.00864,"29":0.00864,"30":0.0432,"31":0.04752,"33":0.00864,"35":0.00864,"36":3.09312,"37":0.00864,"38":0.01296,"39":0.0216,"40":0.05184,"41":0.00864,"43":0.47088,"44":0.31104,"45":0.27216,"46":0.02592,"47":0.03024,"48":0.01728,"49":1.07136,"50":0.03456,"51":0.20736,"52":0.16848,"53":0.34992,"54":0.27648,"55":21.7728,"56":0.44064,"57":0.07776,"58":0.00432},"5":{"4":0,"8":0.01728,"9":0.03024,"10":0.64368,"5.1":0.00864,"6.1":0.03024,"7.1":0.00864,"9.1":0.1512},"6":{"28":0.00432,"31":0.03024,"34":0.00864,"37":0.01296,"40":0.00864,"42":0.8424,"10.0-10.1":0,"12.1":0.01728},"7":{"8":0,"3.2":0,"4.0-4.1":0,"4.2-4.3":0,"5.0-5.1":0,"6.0-6.1":0.00972640119569,"7.0-7.1":0.0457140856197,"8.1-8.4":0.0549541667556,"9.0-9.2":0.024802323049,"9.3":0.213494506245,"10.0-10.2":1.92898851713},"8":{"0":8.39938061135},"9":{"3":0,"4":0.153112828547,"2.1":0,"2.2":0,"2.3":0,"4.1":0.495173402959,"4.2-4.3":1.50832424717,"4.4":3.41734802437,"4.4.3-4.4.4":1.91228149695},"10":{"7":0.00994},"11":{"0":0.0183793886463,"10":0,"11":0,"12":0,"11.1":0,"11.5":0,"12.1":0},"12":{"0":25.18464},"13":{"0":0.01136},"14":{"10":0.117129320388,"11":0.553110679612},"15":{"0":9.50264},"16":{"0":3.21488}}