{"1":{"6":0.00600504809763,"7":0.0180151442929,"8":0.174146394831,"9":0.234196875808,"10":0.312262501077,"11":7.62040603589},"2":{"12":0.065538,"13":0.375354,"14":3.568842},"3":{"6":0.011916,"21":0.011916,"33":0.011916,"35":0.035748,"36":0.02979,"37":0.017874,"38":0.023832,"39":0.023832,"40":0.005958,"41":0.011916,"42":0.011916,"43":0.041706,"44":0.011916,"45":0.077454,"46":0.02979,"47":0.17874,"48":0.232362,"49":0.14895,"50":4.909392,"51":0.02979},"4":{"18":0.011916,"21":0.017874,"22":0.017874,"26":0.005958,"27":0.017874,"29":0.011916,"31":0.023832,"32":0.023832,"33":0.011916,"34":0.02979,"35":0.02979,"36":0.047664,"37":0.011916,"38":0.041706,"39":0.035748,"40":0.017874,"41":0.125118,"42":0.095328,"43":0.077454,"44":0.053622,"45":0.035748,"46":0.041706,"47":0.02979,"48":0.071496,"49":0.846036,"50":0.083412,"51":0.470682,"52":0.20853,"53":0.26811,"54":15.514632,"55":14.132376,"56":0.065538,"57":0.011916},"5":{"4":0.005958,"5":0.053622,"7":0.05958,"8":0.291942,"9":0.375354,"10":4.85577,"5.1":0.065538,"6.1":0.077454,"7.1":0.02979,"9.1":1.793358},"6":{"28":0.017874,"33":0.017874,"36":0.005958,"38":0.035748,"39":0.005958,"41":0.20853,"42":0.101286,"10.0-10.1":0,"12.1":0.017874},"7":{"8":0,"3.2":0,"4.0-4.1":0,"4.2-4.3":0,"5.0-5.1":0,"6.0-6.1":0,"7.0-7.1":0.318956011156,"8.1-8.4":0.484198281996,"9.0-9.2":0.324720276418,"9.3":2.05784269848,"10.0-10.2":15.4155667319},"8":{"0":0.473194261941},"9":{"3":0,"4":0.0214953150338,"2.1":0,"2.2":0,"2.3":0,"4.1":0.0706274636824,"4.2-4.3":0.202231433277,"4.4":0.466316732264,"4.4.3-4.4.4":0.278123055743},"10":{"7":0.0050525},"11":{"0":0.0360977380586,"10":0,"11":0,"12":0,"11.1":0,"11.5":0,"12.1":0},"12":{"0":15.030308},"13":{"0":0.036378},"14":{"10":0.0784148,"11":0.3136592},"15":{"0":1.224726},"16":{"0":3.459952}}