{"1":{"6":0.0123771299775,"7":0.0123771299775,"8":0.173279819684,"9":0.210411209617,"10":0.358936769346,"11":7.4695979414},"2":{"12":0.055323,"13":0.331938,"14":3.682053},"3":{"6":0.006147,"33":0.006147,"35":0.018441,"36":0.018441,"37":0.012294,"38":0.030735,"39":0.018441,"40":0.012294,"41":0.012294,"42":0.018441,"43":0.036882,"44":0.018441,"45":0.129087,"46":0.024588,"47":0.159822,"48":0.227439,"49":0.079911,"50":4.198401,"51":0.547083,"52":0.012294},"4":{"21":0.006147,"22":0.012294,"29":0.012294,"31":0.012294,"32":0.030735,"34":0.030735,"35":0.043029,"36":0.110646,"37":0.012294,"38":0.036882,"39":0.036882,"40":0.012294,"41":0.067617,"42":0.055323,"43":0.092205,"44":0.043029,"45":0.030735,"46":0.043029,"47":0.030735,"48":0.055323,"49":0.73764,"50":0.079911,"51":0.436437,"52":0.141381,"53":0.196704,"54":0.67617,"55":30.624354,"56":0.43029,"57":0.024588},"5":{"4":0.006147,"5":0.030735,"7":0.043029,"8":0.282762,"9":0.454878,"10":5.587623,"5.1":0.055323,"6.1":0.073764,"7.1":0.012294,"9.1":1.78263},"6":{"28":0.006147,"33":0.006147,"36":0.006147,"38":0.036882,"41":0.006147,"42":0.264321,"10.0-10.1":0,"12.1":0.018441},"7":{"8":0,"3.2":0,"4.0-4.1":0,"4.2-4.3":0,"5.0-5.1":0,"6.0-6.1":0.0755184456069,"7.0-7.1":0.354936694353,"8.1-8.4":0.426679217679,"9.0-9.2":0.192572036298,"9.3":1.65762988107,"10.0-10.2":14.977195725},"8":{"0":0.245989729258},"9":{"3":0,"4":0.0190655561358,"2.1":0,"2.2":0,"2.3":0,"4.1":0.0616588198433,"4.2-4.3":0.187816010444,"4.4":0.425526986945,"4.4.3-4.4.4":0.238116626632},"10":{"7":0.002889},"11":{"0":0.000538270742358,"10":0,"11":0,"12":0,"11.1":0,"11.5":0,"12.1":0},"12":{"0":14.595804},"13":{"0":0.03852},"14":{"10":0.0578921941748,"11":0.273379805825},"15":{"0":1.178712},"16":{"0":3.366648}}