{"1":{"7":0.012032,"8":0.072192,"9":0.132352,"10":0.066176,"11":2.472576},"2":{"12":0.138368,"13":0.505344,"14":2.899712},"3":{"12":0.012032,"22":0.006016,"28":0.024064,"34":0.012032,"38":0.012032,"39":0.066176,"40":0.018048,"41":0.012032,"43":0.036096,"44":0.006016,"45":0.024064,"46":0.024064,"47":0.336896,"48":0.186496,"49":0.096256,"50":3.982592,"51":0.625664,"52":0.018048},"4":{"11":0.03008,"18":0.012032,"22":0.096256,"26":0.018048,"28":0.042112,"30":0.054144,"31":0.06016,"32":0.715904,"34":0.03008,"36":5.372288,"38":0.006016,"39":0.018048,"40":0.024064,"42":0.006016,"43":0.024064,"45":0.36096,"46":0.024064,"47":0.03008,"48":0.012032,"49":0.752,"50":0.066176,"51":0.565504,"52":0.174464,"53":0.475264,"54":0.415104,"55":31.397504,"56":0.4512,"57":0.204544},"5":{"4":0,"6":0.048128,"7":0.012032,"8":0.06016,"9":0.024064,"10":1.467904,"5.1":0.006016,"6.1":0.018048,"9.1":0.294784},"6":{"29":0.036096,"33":0.024064,"35":0.006016,"36":0.012032,"37":0.018048,"38":0.06016,"42":0.42112,"10.0-10.1":0,"12.1":0.018048},"7":{"8":0,"3.2":0,"4.0-4.1":0,"4.2-4.3":0,"5.0-5.1":0,"6.0-6.1":0.0168938272659,"7.0-7.1":0.0794009881499,"8.1-8.4":0.0954501240525,"9.0-9.2":0.0430792595281,"9.3":0.370819508487,"10.0-10.2":3.35046829252},"8":{"0":0.628097606987},"9":{"3":0,"4":0.120757848564,"2.1":0,"2.2":0,"2.3":0,"4.1":0.390536020888,"4.2-4.3":1.18959327415,"4.4":2.69521240731,"4.4.3-4.4.4":1.50818844909},"10":{"7":0.070716},"11":{"0":0.0013743930131,"10":0,"11":0,"12":0,"11.1":0,"11.5":0,"12.1":0},"12":{"0":26.50688},"13":{"0":0.027888},"14":{"10":0.204692504854,"11":0.966603495146},"15":{"0":0.745008},"16":{"0":3.752928}}