{"1":{"6":0.034668,"7":0.005778,"8":0.034668,"9":0.075114,"10":0.05778,"11":2.709882},"2":{"12":0.190674,"13":0.444906,"14":3.016116},"3":{"16":0.034668,"27":0.023112,"28":0.052002,"29":0.011556,"41":0.046224,"42":0.005778,"43":0.005778,"44":0.005778,"45":0.023112,"46":0.005778,"47":0.046224,"48":0.052002,"49":0.132894,"50":0.294678,"51":4.379724,"52":0.109782,"53":0.011556},"4":{"11":0.011556,"22":0.121338,"26":0.005778,"28":0.02889,"29":0.017334,"30":0.075114,"31":0.017334,"32":0.398682,"34":0.005778,"35":0.023112,"36":3.969486,"38":0.011556,"39":0.017334,"40":0.005778,"41":0.005778,"42":0.005778,"43":0.023112,"44":0.005778,"45":0.473796,"46":0.011556,"47":0.02889,"48":0.02889,"49":0.855144,"50":0.05778,"51":0.104004,"52":0.121338,"53":0.450684,"54":0.14445,"55":8.886564,"56":23.83425,"57":0.208008,"58":0.05778},"5":{"4":0,"5":0.011556,"7":0.011556,"8":0.034668,"9":0.069336,"10":1.363608,"6.1":0.011556,"9.1":0.242676,"10.1":0.011556},"6":{"27":0.017334,"29":0.040446,"36":0.017334,"42":0.161784,"43":0.213786,"10.0-10.1":0,"12.1":0.023112},"7":{"8":0,"3.2":0,"4.0-4.1":0,"4.2-4.3":0,"5.0-5.1":0,"6.0-6.1":0.0253087062069,"7.0-7.1":0.111740325517,"8.1-8.4":0.15232976,"9.0-9.2":0.0300839337931,"9.3":0.413057186207,"10.0-10.2":3.76813208828},"8":{"0":0.762513480349},"9":{"3":0,"4":0.105280739796,"2.1":0,"2.2":0,"2.3":0,"4.1":0.315842219388,"4.2-4.3":1.01701194643,"4.4":2.24669098724,"4.4.3-4.4.4":1.26758010714},"10":{"7":0.099217},"11":{"0":0.00166851965066,"10":0,"11":0,"12":0,"11.1":0,"11.5":0,"12.1":0},"12":{"0":28.61988},"13":{"0":0.130882},"14":{"10":0.18445631068,"11":0.87104368932},"15":{"0":0.755738},"16":{"0":3.698472},"17":{}}