{"1":{"7":0.005888,"8":0.11776,"9":0.082432,"10":0.052992,"11":2.614272},"2":{"12":0.123648,"13":0.52992,"14":2.549504},"3":{"12":0.011776,"22":0.005888,"28":0.047104,"30":0.005888,"38":0.005888,"41":0.023552,"43":0.02944,"44":0.005888,"45":0.023552,"46":0.017664,"47":0.229632,"48":0.182528,"49":0.194304,"50":4.510208,"51":0.035328},"4":{"16":0.005888,"22":0.1472,"26":0.011776,"28":0.017664,"30":0.02944,"31":0.135424,"32":0.288512,"33":0.005888,"34":0.017664,"36":2.378752,"37":0.017664,"38":0.011776,"39":0.023552,"40":0.011776,"41":0.005888,"42":0.011776,"43":0.047104,"44":0.011776,"45":0.359168,"46":0.035328,"47":0.052992,"48":0.017664,"49":1.0304,"50":0.08832,"51":0.506368,"52":0.641792,"53":0.241408,"54":18.04672,"55":15.974144,"56":0.188416,"57":0.076544},"5":{"4":0,"5":0.017664,"6":0.011776,"8":0.082432,"9":0.041216,"10":1.124608,"5.1":0.041216,"6.1":0.023552,"7.1":0.005888,"9.1":0.38272},"6":{"29":0.011776,"36":0.035328,"37":0.076544,"38":0.11776,"41":0.476928,"42":0.164864,"10.0-10.1":0,"12.1":0.035328},"7":{"8":0,"3.2":0,"4.0-4.1":0,"4.2-4.3":0,"5.0-5.1":0,"6.0-6.1":0,"7.0-7.1":0.0638101187894,"8.1-8.4":0.096868373102,"9.0-9.2":0.0649633137073,"9.3":0.411690585683,"10.0-10.2":3.08402760872},"8":{"0":0.466106921418},"9":{"3":0,"4":0.114358054054,"2.1":0,"2.2":0,"2.3":0,"4.1":0.375747891892,"4.2-4.3":1.07589924324,"4.4":2.48086962162,"4.4.3-4.4.4":1.47965318919},"10":{"7":0.276532},"11":{"0":0.0355570785824,"10":0,"11":0,"12":0,"11.1":0,"11.5":0,"12.1":0},"12":{"0":28.380496},"13":{"0":0.016448},"14":{"10":0.1759936,"11":0.7039744},"15":{"0":0.649696},"16":{"0":3.647344}}