{"1":{"6":0.0186269210526,"7":0.00620897368421,"8":0.453255078947,"9":0.149015368421,"10":0.192478184211,"11":1.2976755},"2":{"12":0.071331,"13":0.153636,"14":0.795615},"3":{"3":0.016461,"26":0.005487,"32":0.005487,"37":0.010974,"38":0.038409,"39":0.010974,"40":0.005487,"41":0.010974,"42":0.010974,"43":0.049383,"44":0.010974,"45":0.071331,"46":0.027435,"47":0.241428,"48":0.235941,"49":0.076818,"50":0.263376,"51":3.116616,"52":0.038409,"53":0.016461,"3.6":0.016461},"4":{"11":0.021948,"18":0.010974,"21":0.005487,"22":0.027435,"25":0.010974,"26":0.005487,"27":0.010974,"28":0.010974,"29":0.032922,"31":0.021948,"32":0.038409,"33":0.010974,"34":0.038409,"35":0.060357,"36":0.197532,"37":0.016461,"38":0.021948,"39":0.060357,"40":0.021948,"41":0.010974,"42":0.016461,"43":0.170097,"44":0.043896,"45":0.032922,"46":0.043896,"47":0.082305,"48":0.060357,"49":2.381358,"50":0.087792,"51":0.614544,"52":0.334707,"53":0.362142,"54":0.312759,"55":8.866992,"56":27.59961,"57":0.093279,"58":0.038409},"5":{"4":0.021948,"5":0.038409,"6":0.016461,"7":0.016461,"8":0.153636,"9":0.170097,"10":1.849119,"5.1":0.027435,"6.1":0.021948,"7.1":0.010974,"9.1":0.587109,"10.1":0.005487},"6":{"36":0.016461,"38":0.071331,"39":0.016461,"40":0.010974,"42":0.224967,"43":0.323733,"10.0-10.1":0,"12.1":0.010974},"7":{"8":0,"3.2":0,"4.0-4.1":0,"4.2-4.3":0,"5.0-5.1":0,"6.0-6.1":0.0371536016976,"7.0-7.1":0.164036656552,"8.1-8.4":0.223622621538,"9.0-9.2":0.0441637152255,"9.3":0.606374820159,"10.0-10.2":5.53168058483},"8":{"0":0.571899578603},"9":{"3":0,"4":0.0851943877551,"2.1":0,"2.2":0,"2.3":0,"4.1":0.255583163265,"4.2-4.3":0.822977785714,"4.4":1.81804823469,"4.4.3-4.4.4":1.02574042857},"10":{"7":0.04513},"11":{"0":0.00125142139738,"10":0,"11":0,"12":0,"11.1":0,"11.5":0,"12.1":0},"12":{"0":31.63145},"13":{"0":0.013539},"14":{"10":0.0796566407767,"11":0.376156359223},"15":{"0":0.252728},"16":{"0":2.066954},"17":{}}