{"1":{"6":0.019193471464,"7":0.00639782382134,"8":0.671771501241,"9":0.211128186104,"10":0.23671948139,"11":1.43311253598},"2":{"12":0.070863,"13":0.234393,"14":0.665022},"3":{"3":0.027255,"26":0.010902,"31":0.010902,"32":0.005451,"35":0.005451,"36":0.005451,"37":0.005451,"38":0.038157,"39":0.010902,"40":0.016353,"41":0.010902,"42":0.016353,"43":0.098118,"44":0.027255,"45":0.10902,"46":0.065412,"47":0.463335,"48":0.283452,"49":0.136275,"50":2.959893,"51":0.032706,"52":0.005451,"3.6":0.021804},"4":{"11":0.032706,"18":0.010902,"21":0.005451,"22":0.032706,"25":0.010902,"26":0.016353,"27":0.010902,"28":0.010902,"29":0.043608,"31":0.027255,"32":0.021804,"33":0.005451,"34":0.032706,"35":0.027255,"36":0.245295,"37":0.021804,"38":0.032706,"39":0.059961,"40":0.038157,"41":0.016353,"42":0.032706,"43":0.196236,"44":0.05451,"45":0.038157,"46":0.059961,"47":0.092667,"48":0.103569,"49":2.61648,"50":0.196236,"51":1.03569,"52":0.539649,"53":0.506943,"54":18.021006,"55":16.200372,"56":0.092667,"57":0.027255},"5":{"4":0.032706,"5":0.027255,"6":0.010902,"7":0.038157,"8":0.136275,"9":0.239844,"10":1.411809,"5.1":0.032706,"6.1":0.027255,"7.1":0.010902,"9.1":0.626865},"6":{"36":0.016353,"37":0.016353,"38":0.136275,"39":0.016353,"40":0.010902,"41":0.316158,"42":0.16353,"10.0-10.1":0,"12.1":0.016353},"7":{"8":0,"3.2":0,"4.0-4.1":0,"4.2-4.3":0,"5.0-5.1":0,"6.0-6.1":0,"7.0-7.1":0.112737165582,"8.1-8.4":0.171143167028,"9.0-9.2":0.114774584237,"9.3":0.72735845987,"10.0-10.2":5.44873662328},"8":{"0":0.625670570108},"9":{"3":0,"4":0.094716089527,"2.1":0,"2.2":0,"2.3":0,"4.1":0.311210008446,"4.2-4.3":0.891104434122,"4.4":2.05475924831,"4.4.3-4.4.4":1.22551021959},"10":{"7":0.0637},"11":{"0":0.0477294298921,"10":0,"11":0,"12":0,"11.1":0,"11.5":0,"12.1":0},"12":{"0":31.909378},"13":{"0":0.01365},"14":{"10":0.09282,"11":0.37128},"15":{"0":0.25025},"16":{"0":2.08845}}