{"1":{"8":0.20252372549,"9":0.094028872549,"10":0.137426813725,"11":1.04155058824},"2":{"12":0.062055,"13":0.12411,"14":0.63434},"3":{"3":0.01379,"12":0.006895,"13":0.006895,"14":0.01379,"16":0.01379,"20":0.01379,"21":0.01379,"22":0.006895,"23":0.006895,"24":0.006895,"25":0.006895,"27":0.006895,"28":0.020685,"29":0.02758,"30":0.020685,"31":0.04137,"32":0.020685,"33":0.034475,"34":0.02758,"35":0.034475,"36":0.02758,"37":0.075845,"38":0.06895,"39":0.062055,"40":0.062055,"41":0.06895,"42":0.05516,"43":0.227535,"44":0.05516,"45":0.131005,"46":0.089635,"47":0.44128,"48":0.461965,"49":0.24822,"50":8.32916,"51":1.041145,"52":0.01379,"3.6":0.01379},"4":{"11":0.01379,"18":0.01379,"21":0.006895,"22":0.131005,"23":0.006895,"25":0.006895,"26":0.04137,"27":0.01379,"29":0.02758,"30":0.006895,"31":0.034475,"32":0.12411,"33":0.020685,"34":0.04137,"35":0.09653,"36":0.53781,"37":0.020685,"38":0.048265,"39":0.048265,"40":0.04137,"41":0.04137,"42":0.02758,"43":0.158585,"44":0.06895,"45":0.075845,"46":0.05516,"47":0.12411,"48":0.06895,"49":1.854755,"50":0.117215,"51":0.379225,"52":0.351645,"53":0.48265,"54":0.67571,"55":43.0248,"56":0.765345,"57":0.05516},"5":{"4":0.006895,"5":0.02758,"6":0.020685,"7":0.04137,"8":0.24822,"9":0.186165,"10":1.73754,"5.1":0.034475,"6.1":0.02758,"7.1":0.006895,"9.1":0.655025},"6":{"28":0.01379,"36":0.01379,"38":0.034475,"40":0.006895,"41":0.020685,"42":0.572285,"43":0.006895,"10.0-10.1":0,"12.1":0.01379},"7":{"8":0,"3.2":0,"4.0-4.1":0,"4.2-4.3":0,"5.0-5.1":0,"6.0-6.1":0.0124239777944,"7.0-7.1":0.0583926956336,"8.1-8.4":0.0701954745383,"9.0-9.2":0.0316811433757,"9.3":0.272706312587,"10.0-10.2":2.46398539607},"8":{"0":1.33533304585},"9":{"3":0,"4":0.0612825391645,"2.1":0,"2.2":0,"2.3":0,"4.1":0.198190339426,"4.2-4.3":0.603698204961,"4.4":1.3677741188,"4.4.3-4.4.4":0.76537979765},"10":{"7":0.0481275},"11":{"0":0.00292195414847,"10":0,"11":0,"12":0,"11.1":0,"11.5":0,"12.1":0},"12":{"0":19.266895},"13":{"0":0.015525},"14":{"10":0.192087961165,"11":0.907082038835},"15":{"0":0.369495},"16":{"0":3.05532}}