{"1":{"6":0.00729217142857,"7":0.00729217142857,"8":0.2041808,"9":0.0875060571429,"10":0.138551257143,"11":1.08653354286},"2":{"12":0.062082,"13":0.13796,"14":0.62082},"3":{"3":0.013796,"4":0.006898,"11":0.006898,"12":0.006898,"14":0.013796,"16":0.013796,"17":0.006898,"20":0.006898,"21":0.006898,"23":0.006898,"24":0.006898,"25":0.006898,"27":0.006898,"28":0.013796,"29":0.020694,"30":0.020694,"31":0.027592,"32":0.020694,"33":0.03449,"34":0.03449,"35":0.03449,"36":0.03449,"37":0.062082,"38":0.06898,"39":0.055184,"40":0.06898,"41":0.075878,"42":0.055184,"43":0.255226,"44":0.062082,"45":0.151756,"46":0.10347,"47":0.503554,"48":0.544942,"49":0.420778,"50":8.988094,"51":0.082776,"52":0.006898,"3.6":0.013796},"4":{"11":0.020694,"18":0.013796,"22":0.131062,"23":0.006898,"25":0.006898,"26":0.041388,"27":0.006898,"29":0.020694,"30":0.006898,"31":0.020694,"32":0.075878,"33":0.013796,"34":0.03449,"35":0.062082,"36":0.372492,"37":0.027592,"38":0.048286,"39":0.055184,"40":0.048286,"41":0.027592,"42":0.027592,"43":0.165552,"44":0.075878,"45":0.075878,"46":0.055184,"47":0.117266,"48":0.082776,"49":1.986624,"50":0.144858,"51":0.462166,"52":0.44837,"53":0.579432,"54":22.742706,"55":20.990614,"56":0.13796,"57":0.03449},"5":{"4":0.006898,"5":0.020694,"6":0.006898,"7":0.055184,"8":0.303512,"9":0.213838,"10":1.745194,"5.1":0.048286,"6.1":0.03449,"7.1":0.013796,"9.1":0.813964},"6":{"36":0.013796,"37":0.006898,"38":0.03449,"39":0.013796,"40":0.006898,"41":0.400084,"42":0.17245,"10.0-10.1":0,"12.1":0.048286},"7":{"8":0,"3.2":0,"4.0-4.1":0,"4.2-4.3":0,"5.0-5.1":0,"6.0-6.1":0,"7.0-7.1":0.0501581320112,"8.1-8.4":0.076143670282,"9.0-9.2":0.0510646042764,"9.3":0.323610598698,"10.0-10.2":2.42420899473},"8":{"0":1.49294623729},"9":{"3":0,"4":0.0647660396959,"2.1":0,"2.2":0,"2.3":0,"4.1":0.212802701858,"4.2-4.3":0.609329475507,"4.4":1.40502653463,"4.4.3-4.4.4":0.837993248311},"10":{"7":0.0566115},"11":{"0":0.113889762712,"10":0,"11":0,"12":0,"11.1":0,"11.5":0,"12.1":0},"12":{"0":18.835312},"13":{"0":0.018612},"14":{"10":0.2363724,"11":0.9454896},"15":{"0":0.35673},"16":{"0":2.934492}}