{"1":{"6":0.00802986399108,"7":0.0160597279822,"8":0.160597279822,"9":0.128477823857,"10":0.168627143813,"11":6.72099616054},"2":{"12":0.04006,"13":0.336504,"14":1.770652},"3":{"3":0.016024,"4":0.008012,"13":0.016024,"15":0.008012,"16":0.024036,"17":0.032048,"20":0.016024,"24":0.008012,"28":0.008012,"29":0.032048,"30":0.008012,"31":0.048072,"32":0.008012,"33":0.008012,"34":0.016024,"35":0.024036,"36":0.024036,"37":0.016024,"38":0.176264,"39":0.04006,"40":0.024036,"41":0.04006,"42":0.048072,"43":0.136204,"44":0.04006,"45":0.36054,"46":0.08012,"47":0.608912,"48":0.248372,"49":0.36054,"50":11.192764,"51":0.112168,"3.5":0.032048,"3.6":0.144216},"4":{"4":0.016024,"11":0.016024,"12":0.016024,"13":0.016024,"15":0.008012,"17":0.008012,"18":0.024036,"19":0.016024,"20":0.016024,"21":0.024036,"22":0.032048,"23":0.008012,"24":0.024036,"25":0.008012,"26":0.016024,"27":0.024036,"31":0.024036,"32":0.032048,"33":0.024036,"34":0.04006,"35":0.096144,"36":0.304456,"37":0.024036,"38":0.048072,"39":0.144216,"40":0.032048,"41":0.024036,"42":0.032048,"43":0.2003,"44":0.088132,"45":0.056084,"46":0.024036,"47":0.048072,"48":0.064096,"49":1.490232,"50":0.12018,"51":0.56084,"52":0.216324,"53":0.288432,"54":20.887284,"55":22.601852,"56":0.152228,"57":0.064096},"5":{"4":0.016024,"5":0.048072,"7":0.016024,"8":0.2003,"9":0.192288,"10":3.100644,"5.1":0.096144,"6.1":0.064096,"7.1":0.008012,"9.1":0.929392},"6":{"12":0.04006,"17":0.008012,"27":0.032048,"30":0.016024,"36":0.08012,"37":0.016024,"38":0.056084,"39":0.008012,"40":0.016024,"41":0.793188,"42":0.432648,"43":0.016024,"10.0-10.1":0,"10.6":0.008012,"11.1":0.008012,"11.5":0.016024,"11.6":0.032048,"12.1":0.224336},"7":{"8":0,"3.2":0,"4.0-4.1":0,"4.2-4.3":0,"5.0-5.1":0,"6.0-6.1":0,"7.0-7.1":0.0888232717694,"8.1-8.4":0.134840147505,"9.0-9.2":0.0904285116207,"9.3":0.573070626898,"10.0-10.2":4.29294644221},"8":{"0":0.144000859784},"9":{"3":0,"4":0.0158297107264,"2.1":0,"2.2":0,"2.3":0,"4.1":0.0520119066723,"4.2-4.3":0.148928502956,"4.4":0.343407806166,"4.4.3-4.4.4":0.20481707348},"10":{"7":0.0029805},"11":{"0":0.0109851402157,"10":0,"11":0,"12":0,"11.1":0,"11.5":0,"12.1":0},"12":{"0":11.180718},"13":{"0":0.023844},"14":{"10":0.0508672,"11":0.2034688},"15":{"0":0.035766},"16":{"0":2.279089}}