{"1":{"7":0.0160993832599,"8":0.152944140969,"9":0.273689515419,"10":0.120745374449,"11":6.7456415859},"2":{"12":0.024096,"13":0.273088,"14":1.831296},"3":{"2":0.008032,"3":0.016064,"13":0.008032,"16":0.008032,"17":0.032128,"20":0.008032,"24":0.016064,"28":0.008032,"29":0.024096,"31":0.04016,"32":0.016064,"33":0.008032,"34":0.016064,"35":0.016064,"36":0.008032,"37":0.024096,"38":0.313248,"39":0.064256,"40":0.024096,"41":0.024096,"42":0.032128,"43":0.088352,"44":0.04016,"45":0.4016,"46":0.064256,"47":0.56224,"48":0.232928,"49":0.2008,"50":9.903456,"51":1.309216,"52":0.024096,"53":0.016064,"3.5":0.024096,"3.6":0.096384},"4":{"12":0.008032,"17":0.008032,"18":0.016064,"19":0.008032,"21":0.024096,"22":0.04016,"24":0.016064,"26":0.016064,"27":0.016064,"31":0.024096,"32":0.04016,"34":0.032128,"35":0.128512,"36":0.457824,"37":0.016064,"38":0.048192,"39":0.168672,"40":0.104416,"41":0.024096,"42":0.024096,"43":0.104416,"44":0.08032,"45":0.032128,"46":0.024096,"47":0.04016,"48":0.048192,"49":1.429696,"50":0.088352,"51":0.425696,"52":0.12048,"53":0.24096,"54":0.658624,"55":42.5696,"56":0.610432,"57":0.088352},"5":{"4":0.008032,"5":0.024096,"6":0.016064,"7":0.016064,"8":0.16064,"9":0.208832,"10":3.501952,"5.1":0.072288,"6.1":0.064256,"7.1":0.016064,"9.1":0.867456},"6":{"12":0.024096,"20":0.016064,"27":0.024096,"36":0.064256,"37":0.008032,"38":0.064256,"39":0.016064,"40":0.016064,"41":0.088352,"42":1.236928,"43":0.024096,"10.0-10.1":0,"10.6":0.008032,"11.6":0.032128,"12.1":0.2008},"7":{"8":0,"3.2":0,"4.0-4.1":0,"4.2-4.3":0,"5.0-5.1":0,"6.0-6.1":0.0216822461834,"7.0-7.1":0.101906557062,"8.1-8.4":0.122504690936,"9.0-9.2":0.0552897277677,"9.3":0.475925303726,"10.0-10.2":4.30013147432},"8":{"0":0.139422917031},"9":{"3":0,"4":0.0158990078329,"2.1":0,"2.2":0,"2.3":0,"4.1":0.0514180678851,"4.2-4.3":0.156622140992,"4.4":0.35485232376,"4.4.3-4.4.4":0.19856845953},"10":{"7":0.001476},"11":{"0":0.000305082969432,"10":0,"11":0,"12":0,"11.1":0,"11.5":0,"12.1":0},"12":{"0":11.022512},"13":{"0":0.041328},"14":{"10":0.0412706796117,"11":0.194889320388},"15":{"0":0.053136},"16":{"0":2.269104}}