{"1":{"6":0.018748,"7":0.028122,"8":0.243724,"9":0.032809,"10":0.074992,"11":0.970209},"2":{"12":0.056244,"13":0.004687},"3":{"2":0.004687,"3":0.18748,"4":1.129567,"5":0.51557,"6":0.018748,"7":0.196854,"8":0.168732,"9":0.098427,"10":0.014061,"11":0.267159,"12":0.084366,"13":0.454639,"14":0.215602,"15":0.567127,"16":0.403082,"17":0.018748,"18":0.154671,"19":0.356212,"20":0.103114,"21":0.951461,"22":0.159358,"23":0.271846,"24":0.613997,"25":0.074992,"26":0.440578,"27":0.060931,"28":0.070305,"29":0.285907,"30":0.482761,"31":0.970209,"32":0.942087,"33":0.885843,"34":0.712424,"35":0.18748,"36":3.276213,"37":0.768668,"38":0.417143,"39":0.224976,"40":1.251429,"41":0.229663,"42":1.035827,"43":1.879487,"44":1.898235,"45":0.951461,"46":0.346838,"47":3.505876,"48":1.387352,"49":3.679295,"50":4.635443,"51":1.326421,"3.5":0.04687,"3.6":0.196854},"4":{"9":0.089053,"16":0.070305,"17":0.032809,"18":0.018748,"23":0.014061,"24":0.098427,"25":0.028122,"27":0.004687,"30":0.004687,"31":0.089053,"33":0.014061,"38":0.014061,"39":0.018748,"41":0.018748,"42":0.004687,"43":0.032809,"45":0.271846,"46":0.103114,"47":0.004687,"49":0.042183,"50":0.131236,"51":0.014061,"52":0.182793,"53":0.323403,"54":1.78106,"55":1.710755,"57":0.032809},"5":{"4":0,"6":0.004687,"10":0.074992,"5.1":0.014061,"9.1":0.042183},"6":{"12":0.004687,"30":0.004687,"39":0.004687,"41":0.060931,"42":0.510883,"10.0-10.1":0,"11.6":0.070305},"7":{"8":0,"3.2":0,"4.0-4.1":0,"4.2-4.3":0,"5.0-5.1":0,"6.0-6.1":0,"7.0-7.1":0.00965680694143,"8.1-8.4":0.0146597310195,"9.0-9.2":0.00983132754881,"9.3":0.062303856833,"10.0-10.2":0.466726277657},"8":{"0":2.80388867797},"9":{"3":0,"4":0.106971241976,"2.1":0,"2.2":0,"2.3":0,"4.1":0.351476937922,"4.2-4.3":1.00640290921,"4.4":2.32062102492,"4.4.3-4.4.4":1.38407688598},"10":{"7":0.0132825},"11":{"0":0.213895322034,"10":0,"11":0,"12":0,"11.1":0,"11.5":0,"12.1":0},"12":{"0":27.546316},"13":{"0":0.175329},"14":{"10":0.0148764,"11":0.0595056},"15":{"0":15.476769},"16":{"0":1.179486}}