{"1":{"6":0.0105331129477,"7":0.0105331129477,"8":0.310726831956,"9":0.184329476584,"10":0.152730137741,"11":3.15466732782},"2":{"12":0.046755,"13":0.202605,"14":1.52733},"3":{"3":0.005195,"12":0.01039,"16":0.01039,"20":0.02078,"21":0.01039,"24":0.015585,"25":0.01039,"26":0.01039,"27":0.01039,"28":0.005195,"29":0.01039,"30":0.01039,"31":0.02078,"32":0.015585,"33":0.015585,"34":0.025975,"35":0.02078,"36":0.015585,"37":0.03117,"38":0.09351,"39":0.04156,"40":0.025975,"41":0.036365,"42":0.036365,"43":0.09351,"44":0.04156,"45":0.14546,"46":0.067535,"47":0.29092,"48":0.358455,"49":0.254555,"50":7.330145,"51":0.03117,"52":0.005195,"3.6":0.02078},"4":{"11":0.046755,"18":0.005195,"21":0.005195,"22":0.025975,"26":0.015585,"27":0.01039,"29":0.01039,"30":0.005195,"31":0.03117,"32":0.025975,"33":0.01039,"34":0.03117,"35":0.06234,"36":0.1039,"37":0.025975,"38":0.05195,"39":0.067535,"40":0.03117,"41":0.046755,"42":0.03117,"43":0.088315,"44":0.05195,"45":0.057145,"46":0.077925,"47":0.07273,"48":0.088315,"49":2.394895,"50":0.098705,"51":0.420795,"52":0.192215,"53":0.29092,"54":14.27586,"55":12.97711,"56":0.046755,"57":0.015585},"5":{"4":0.01039,"5":0.04156,"6":0.01039,"7":0.025975,"8":0.14546,"9":0.17663,"10":2.197485,"5.1":0.088315,"6.1":0.07273,"7.1":0.01039,"9.1":0.659765},"6":{"28":0.015585,"36":0.036365,"37":0.01039,"38":0.036365,"41":0.21819,"42":0.109095,"10.0-10.1":0,"12.1":0.025975},"7":{"8":0,"3.2":0,"4.0-4.1":0,"4.2-4.3":0,"5.0-5.1":0,"6.0-6.1":0,"7.0-7.1":0.16544169404,"8.1-8.4":0.251152451193,"9.0-9.2":0.168431604173,"9.3":1.06739791757,"10.0-10.2":7.99601633302},"8":{"0":0.116075177196},"9":{"3":0,"4":0.0413619594595,"2.1":0,"2.2":0,"2.3":0,"4.1":0.135903581081,"4.2-4.3":0.389140067568,"4.4":0.897301283784,"4.4.3-4.4.4":0.535173108108},"10":{"7":0.01081125},"11":{"0":0.00885482280431,"10":0,"11":0,"12":0,"11.1":0,"11.5":0,"12.1":0},"12":{"0":33.613625},"13":{"0":0.033635},"14":{"10":0.069192,"11":0.276768},"15":{"0":0.091295},"16":{"0":2.685995}}