{"1":{"6":0.00561166344828,"7":0.0168349903448,"8":0.286194835862,"9":0.173961566897,"10":0.145903249655,"11":3.43994969379},"2":{"12":0.044464,"13":0.183414,"14":1.928626},"3":{"3":0.005558,"12":0.005558,"16":0.016674,"20":0.022232,"21":0.005558,"24":0.016674,"25":0.011116,"26":0.011116,"27":0.005558,"28":0.005558,"29":0.016674,"30":0.011116,"31":0.022232,"32":0.016674,"33":0.016674,"34":0.011116,"35":0.022232,"36":0.016674,"37":0.022232,"38":0.105602,"39":0.050022,"40":0.022232,"41":0.038906,"42":0.044464,"43":0.08337,"44":0.033348,"45":0.183414,"46":0.05558,"47":0.216762,"48":0.355712,"49":0.155624,"50":0.489104,"51":7.925708,"52":0.02779,"53":0.005558,"3.6":0.022232},"4":{"11":0.038906,"18":0.066696,"21":0.005558,"22":0.02779,"26":0.011116,"27":0.005558,"29":0.005558,"30":0.005558,"31":0.02779,"32":0.033348,"33":0.011116,"34":0.033348,"35":0.061138,"36":0.100044,"37":0.02779,"38":0.061138,"39":0.066696,"40":0.02779,"41":0.033348,"42":0.033348,"43":0.072254,"44":0.050022,"45":0.05558,"46":0.072254,"47":0.072254,"48":0.088928,"49":2.378824,"50":0.072254,"51":0.30569,"52":0.122276,"53":0.183414,"54":0.216762,"55":6.72518,"56":22.348718,"57":0.066696,"58":0.02779},"5":{"4":0.005558,"5":0.033348,"6":0.011116,"7":0.022232,"8":0.122276,"9":0.16674,"10":2.89016,"5.1":0.072254,"6.1":0.05558,"7.1":0.005558,"9.1":0.655844,"10.1":0.011116},"6":{"36":0.038906,"38":0.02779,"42":0.116718,"43":0.216762,"10.0-10.1":0,"12.1":0.016674},"7":{"8":0,"3.2":0,"4.0-4.1":0,"4.2-4.3":0,"5.0-5.1":0,"6.0-6.1":0.0502462043501,"7.0-7.1":0.221841732414,"8.1-8.4":0.302425267692,"9.0-9.2":0.0597266202653,"9.3":0.820055976658,"10.0-10.2":7.48099619862},"8":{"0":0.11521389083},"9":{"3":0,"4":0.0321934736395,"2.1":0,"2.2":0,"2.3":0,"4.1":0.0965804209184,"4.2-4.3":0.310988955357,"4.4":0.687008727466,"4.4.3-4.4.4":0.387609422619},"10":{"7":0.0066615},"11":{"0":0.000252109170306,"10":0,"11":0,"12":0,"11.1":0,"11.5":0,"12.1":0},"12":{"0":30.933249},"13":{"0":0.031087},"14":{"10":0.0543267961165,"11":0.256543203883},"15":{"0":0.079938},"16":{"0":2.793389},"17":{}}