{"1":{"6":0.0065454612326,"7":0.0065454612326,"8":0.0981819184891,"9":0.202909298211,"10":0.144000147117,"11":6.12655171372},"2":{"12":0.058734,"13":0.352404,"14":2.421146},"3":{"16":0.006526,"20":0.006526,"24":0.013052,"26":0.006526,"30":0.013052,"31":0.019578,"33":0.006526,"34":0.013052,"35":0.019578,"36":0.019578,"37":0.013052,"38":0.06526,"39":0.019578,"40":0.026104,"41":0.019578,"42":0.039156,"43":0.071786,"44":0.058734,"45":0.567762,"46":0.052208,"47":0.267566,"48":0.352404,"49":0.39156,"50":14.787916,"51":0.156624,"52":0.006526,"3.6":0.019578},"4":{"18":0.006526,"22":0.026104,"31":0.013052,"32":0.006526,"34":0.026104,"35":0.013052,"36":0.039156,"37":0.006526,"38":0.019578,"39":0.019578,"40":0.006526,"41":0.013052,"42":0.013052,"43":0.058734,"44":0.019578,"45":0.026104,"46":0.091364,"47":0.039156,"48":0.06526,"49":0.965848,"50":0.084838,"51":0.274092,"52":0.176202,"53":0.234936,"54":15.212106,"55":14.579084,"56":0.104416,"57":0.091364},"5":{"4":0.006526,"5":0.026104,"7":0.019578,"8":0.189254,"9":0.215358,"10":2.519036,"5.1":0.084838,"6.1":0.058734,"7.1":0.006526,"9.1":0.887536},"6":{"30":0.013052,"31":0.006526,"36":0.039156,"37":0.019578,"38":0.03263,"40":0.006526,"41":0.55471,"42":0.280618,"10.0-10.1":0,"11.6":0.006526,"12.1":0.104416},"7":{"8":0,"3.2":0,"4.0-4.1":0,"4.2-4.3":0,"5.0-5.1":0,"6.0-6.1":0,"7.0-7.1":0.158333444066,"8.1-8.4":0.240361613883,"9.0-9.2":0.16119489185,"9.3":1.021536859,"10.0-10.2":7.6524651912},"8":{"0":0.24853820339},"9":{"3":0,"4":0.0203437322635,"2.1":0,"2.2":0,"2.3":0,"4.1":0.066843691723,"4.2-4.3":0.191397154561,"4.4":0.441334436655,"4.4.3-4.4.4":0.263222984797},"10":{"7":0.001737},"11":{"0":0.0189597966102,"10":0,"11":0,"12":0,"11.1":0,"11.5":0,"12.1":0},"12":{"0":17.58},"13":{"0":0.05211},"14":{"10":0.3758868,"11":1.5035472},"15":{"0":0.118116},"16":{"0":4.1688}}