{"1":{"8":0.0891225928934,"9":0.165513386802,"10":0.114586190863,"11":5.90118882944},"2":{"12":0.044471,"13":0.304944,"14":2.623789},"3":{"10":0.006353,"15":0.006353,"24":0.012706,"26":0.006353,"30":0.012706,"31":0.025412,"34":0.006353,"35":0.012706,"36":0.044471,"37":0.006353,"38":0.069883,"39":0.019059,"40":0.019059,"41":0.019059,"42":0.025412,"43":0.050824,"44":0.019059,"45":0.705183,"46":0.031765,"47":0.177884,"48":0.273179,"49":0.139766,"50":0.933891,"51":12.477292,"52":0.114354,"53":0.006353,"3.6":0.006353},"4":{"18":0.025412,"22":0.012706,"31":0.006353,"34":0.019059,"35":0.006353,"36":0.019059,"37":0.006353,"38":0.031765,"39":0.019059,"41":0.019059,"42":0.006353,"43":0.044471,"44":0.012706,"45":0.031765,"46":0.06353,"47":0.025412,"48":0.050824,"49":0.82589,"50":0.044471,"51":0.171531,"52":0.101648,"53":0.108001,"54":0.209649,"55":8.074663,"56":22.642092,"57":0.101648,"58":0.038118},"5":{"4":0.006353,"5":0.025412,"7":0.019059,"8":0.139766,"9":0.203296,"10":3.068499,"5.1":0.076236,"6.1":0.050824,"7.1":0.044471,"9.1":0.813184,"10.1":0.019059},"6":{"30":0.006353,"36":0.031765,"38":0.012706,"42":0.241414,"43":0.44471,"10.0-10.1":0,"12.1":0.076236},"7":{"8":0,"3.2":0,"4.0-4.1":0,"4.2-4.3":0,"5.0-5.1":0,"6.0-6.1":0.0551058797878,"7.0-7.1":0.243297657931,"8.1-8.4":0.331675012308,"9.0-9.2":0.0655032155968,"9.3":0.89936954748,"10.0-10.2":8.2045376869},"8":{"0":0.232898375546},"9":{"3":0,"4":0.0181419642857,"2.1":0,"2.2":0,"2.3":0,"4.1":0.0544258928571,"4.2-4.3":0.175251375,"4.4":0.387149517857,"4.4.3-4.4.4":0.21842925},"10":{"7":0.0018235},"11":{"0":0.000509624454148,"10":0,"11":0,"12":0,"11.1":0,"11.5":0,"12.1":0},"12":{"0":19.119812},"13":{"0":0.054705},"14":{"10":0.268957398058,"11":1.27007660194},"15":{"0":0.10941},"16":{"0":4.288872},"17":{}}