{"1":{"7":0.00367547286822,"8":0.249932155039,"9":0.172747224806,"10":0.172747224806,"11":2.24571392248},"2":{"12":0.069654,"13":0.322608,"14":0.45825},"3":{"3":0.014664,"4":0.032994,"6":0.010998,"8":0.09165,"10":0.010998,"11":0.051324,"12":0.01833,"13":0.010998,"15":0.007332,"16":0.029328,"17":0.080652,"19":0.007332,"20":0.014664,"21":0.010998,"24":0.010998,"27":0.029328,"29":0.03666,"30":0.032994,"31":0.007332,"32":0.007332,"33":0.003666,"35":0.047658,"36":0.014664,"37":0.014664,"38":0.051324,"39":0.087984,"40":0.043992,"41":0.043992,"42":0.014664,"43":0.205296,"44":0.245622,"45":0.062322,"46":0.032994,"47":0.593892,"48":0.340938,"49":1.022814,"50":6.7821,"51":0.359268,"52":0.003666,"3.6":0.010998},"4":{"11":0.021996,"12":0.003666,"14":0.007332,"25":0.007332,"26":0.003666,"28":0.003666,"30":0.010998,"31":0.051324,"32":0.043992,"33":0.03666,"34":0.007332,"35":0.01833,"36":0.007332,"38":0.014664,"39":0.010998,"40":0.021996,"41":0.007332,"42":0.025662,"43":0.021996,"44":0.01833,"45":0.168636,"46":0.03666,"47":0.029328,"48":0.010998,"49":0.700206,"50":0.032994,"51":0.07332,"52":0.212628,"53":0.135642,"54":7.310004,"55":7.178028,"56":0.07332,"57":0.029328},"5":{"4":0,"5":0.007332,"6":0.003666,"7":0.040326,"8":0.062322,"9":0.076986,"10":0.542568,"5.1":0.01833,"9.1":0.252954},"6":{"35":0.01833,"36":0.007332,"37":0.03666,"41":0.157638,"42":0.058656,"10.0-10.1":0},"7":{"8":0,"3.2":0,"4.0-4.1":0,"4.2-4.3":0,"5.0-5.1":0,"6.0-6.1":0,"7.0-7.1":0.0722250036153,"8.1-8.4":0.109642776573,"9.0-9.2":0.073530274765,"9.3":0.465981800434,"10.0-10.2":3.49073014461},"8":{"0":3.39567789522},"9":{"3":0,"4":0.120712451858,"2.1":0,"2.2":0,"2.3":0,"4.1":0.396626627534,"4.2-4.3":1.13568245524,"4.4":2.61872114949,"4.4.3-4.4.4":1.56187131588},"10":{"7":0.019002},"11":{"0":0.259040104777,"10":0,"11":0,"12":0,"11.1":0,"11.5":0,"12.1":0},"12":{"0":36.168854},"13":{"0":0.025336},"14":{"10":0.519388,"11":2.077552},"15":{"0":5.966628},"16":{"0":8.791592}}