{"1":{"8":0.18380740668,"9":0.248680609037,"10":0.313553811395,"11":2.92289817289},"2":{"12":0.100716,"13":0.233805,"14":0.464013},"3":{"3":0.014388,"4":0.043164,"6":0.014388,"8":0.007194,"10":0.007194,"11":0.046761,"12":0.017985,"14":0.003597,"15":0.010791,"16":0.057552,"17":0.03597,"19":0.003597,"20":0.014388,"21":0.010791,"22":0.007194,"23":0.003597,"24":0.007194,"27":0.014388,"28":0.010791,"29":0.032373,"30":0.043164,"31":0.046761,"32":0.007194,"33":0.021582,"34":0.014388,"35":0.039567,"36":0.010791,"37":0.014388,"38":0.050358,"39":0.025179,"40":0.046761,"41":0.021582,"42":0.014388,"43":0.151074,"44":0.266178,"45":0.07194,"46":0.043164,"47":0.39567,"48":0.43164,"49":0.237402,"50":6.553734,"51":1.017951,"52":0.050358,"3.6":0.021582},"4":{"11":0.014388,"12":0.003597,"14":0.010791,"16":0.046761,"18":0.064746,"20":0.003597,"21":0.007194,"22":0.003597,"25":0.014388,"26":0.003597,"30":0.007194,"31":0.050358,"32":0.068343,"33":0.003597,"34":0.021582,"35":0.010791,"36":0.010791,"38":0.021582,"39":0.017985,"40":0.021582,"41":0.014388,"42":0.007194,"43":0.03597,"44":0.010791,"45":0.089925,"46":0.017985,"47":0.021582,"48":0.014388,"49":0.679833,"50":0.075537,"51":0.064746,"52":0.061149,"53":0.169059,"54":0.244596,"55":13.906002,"56":0.240999,"57":0.061149},"5":{"4":0,"5":0.010791,"7":0.025179,"8":0.053955,"9":0.068343,"10":0.86328,"5.1":0.021582,"6.1":0.003597,"9.1":0.284163},"6":{"34":0.007194,"36":0.007194,"37":0.017985,"41":0.025179,"42":0.172656,"10.0-10.1":0},"7":{"8":0,"3.2":0,"4.0-4.1":0,"4.2-4.3":0,"5.0-5.1":0,"6.0-6.1":0.0171959346642,"7.0-7.1":0.080820892922,"8.1-8.4":0.097157030853,"9.0-9.2":0.0438496333938,"9.3":0.37745076588,"10.0-10.2":3.41038374229},"8":{"0":2.81072960699},"9":{"3":0,"4":0.109463613577,"2.1":0,"2.2":0,"2.3":0,"4.1":0.354009984334,"4.2-4.3":1.07833304439,"4.4":2.44313469452,"4.4.3-4.4.4":1.36713066319},"10":{"7":0.012804},"11":{"0":0.0061503930131,"10":0,"11":0,"12":0,"11.1":0,"11.5":0,"12.1":0},"12":{"0":37.919112},"13":{"0":0.025608},"14":{"10":0.352420776699,"11":1.6642092233},"15":{"0":5.640162},"16":{"0":9.15486}}