{"1":{"7":0.043386,"8":0.576414,"9":3.154782,"10":0.173544,"11":15.854484},"2":{"12":0.173544,"13":0.576414,"14":0.40287},"3":{"4":0.117762,"5":0.043386,"6":0.03099,"21":0.043386,"24":0.260316,"33":0.142554,"38":0.012396,"41":0.142554,"42":0.086772,"43":0.086772,"45":0.303702,"47":0.130158,"48":0.359484,"49":0.37188,"50":7.412808},"4":{"16":0.055782,"18":0.055782,"27":0.012396,"32":0.012396,"35":4.9584,"38":0.03099,"40":0.012396,"41":0.055782,"43":0.012396,"49":0.21693,"50":0.15495,"51":0.21693,"52":0.687978,"53":0.18594,"54":9.061476,"55":7.580154,"57":0.77475},"5":{"4":0,"6":0.012396,"7":0.514434,"8":0.142554,"9":0.446256,"10":1.17762,"5.1":0.012396,"9.1":0.576414},"6":{"37":0.142554,"40":0.043386,"41":0.15495,"42":0.012396,"10.0-10.1":0},"7":{"8":0,"3.2":0,"4.0-4.1":0,"4.2-4.3":0,"5.0-5.1":0,"6.0-6.1":0,"7.0-7.1":0.247732837517,"8.1-8.4":0.376076355748,"9.0-9.2":0.25220993699,"9.3":1.59832451193,"10.0-10.2":11.9732563578},"8":{"0":0.51574803698},"9":{"3":0,"4":0.0224218454392,"2.1":0,"2.2":0,"2.3":0,"4.1":0.0736717778716,"4.2-4.3":0.210948382601,"4.4":0.486416769426,"4.4.3-4.4.4":0.290111224662},"10":{"7":0},"11":{"0":0.03934396302,"10":0,"11":0,"12":0,"11.1":0,"11.5":0,"12.1":0},"12":{"0":19.60809},"13":{"0":0.030416},"14":{"10":0.0555092,"11":0.2220368},"15":{},"16":{"0":5.535712}}