{"1":{"8":0.240752066864,"9":1.80872706644,"10":1.91984340499,"11":25.2048894617},"2":{"12":0.086296,"13":0.240396,"14":0.505448},"3":{"20":0.03082,"21":0.098624,"24":0.560924,"25":0.141772,"30":0.18492,"33":0.012328,"41":0.043148,"42":0.141772,"44":0.012328,"45":0.4623,"47":0.18492,"48":0.166428,"49":0.33902,"50":0.86296,"51":7.316668,"3.6":0.03082},"4":{"38":0.012328,"39":0.012328,"41":0.012328,"43":0.012328,"44":0.086296,"49":1.81838,"50":0.012328,"51":0.055476,"52":0.252724,"53":0.055476,"54":0.449972,"55":4.641492,"56":10.238404},"5":{"4":0,"6":0.012328,"7":0.03082,"8":0.067804,"9":0.406824,"10":1.577984,"6.1":0.141772,"9.1":0.425316},"6":{"42":0.043148,"43":0.055476,"10.0-10.1":0},"7":{"8":0,"3.2":0,"4.0-4.1":0,"4.2-4.3":0,"5.0-5.1":0,"6.0-6.1":0.0585809140584,"7.0-7.1":0.258640262069,"8.1-8.4":0.352590784615,"9.0-9.2":0.0696339167109,"9.3":0.956084729443,"10.0-10.2":8.7219243931},"8":{"0":0.781038943231},"9":{"3":0,"4":0.0133772959184,"2.1":0,"2.2":0,"2.3":0,"4.1":0.0401318877551,"4.2-4.3":0.129224678571,"4.4":0.285471494898,"4.4.3-4.4.4":0.161062642857},"10":{"7":0},"11":{"0":0.00170905676856,"10":0,"11":0,"12":0,"11.1":0,"11.5":0,"12.1":0},"12":{"0":14.9921},"13":{"0":0.03837},"14":{"10":0.120027320388,"11":0.566795679612},"15":{},"16":{"0":10.724415},"17":{}}