{"1":{"6":0.08476,"7":0.03912,"8":0.26732,"9":1.77996,"10":0.72372,"11":14.10276},"2":{"12":0.63896,"13":0.3912,"14":0.61288},"3":{"21":0.0978,"24":0.16952,"31":0.11084,"33":0.01304,"36":0.05868,"37":0.0978,"41":0.01304,"42":0.2934,"43":0.01304,"45":0.12388,"46":0.07172,"47":0.18256,"48":0.41728,"49":0.7498,"50":14.71564,"51":0.40424},"4":{"23":0.2934,"35":2.34068,"38":0.07172,"41":0.18256,"42":0.07172,"44":0.02608,"45":0.03912,"46":0.01304,"49":1.08884,"51":0.26732,"52":0.30644,"53":0.14996,"54":0.7824,"55":16.11092,"56":0.08476,"57":0.08476,"58":0.03912},"5":{"4":0,"6":0.02608,"7":1.40832,"8":0.13692,"9":0.34556,"10":2.17116,"5.1":0.05868,"6.1":0.12388,"9.1":0.80848},"6":{"42":0.08476,"10.0-10.1":0},"7":{"8":0,"3.2":0,"4.0-4.1":0,"4.2-4.3":0,"5.0-5.1":0,"6.0-6.1":0.0678835913313,"7.0-7.1":0.319052879257,"8.1-8.4":0.383542291022,"9.0-9.2":0.173103157895,"9.3":1.49004482972,"10.0-10.2":13.4630132508},"8":{"0":0.718787161572},"9":{"3":0,"4":0.00811394255875,"2.1":0,"2.2":0,"2.3":0,"4.1":0.0262408355091,"4.2-4.3":0.0799309660574,"4.4":0.181096292428,"4.4.3-4.4.4":0.101337963446},"10":{"7":0.01218},"11":{"0":0.00157283842795,"10":0,"11":0,"12":0,"11.1":0,"11.5":0,"12.1":0},"12":{"0":14.46024},"13":{},"14":{"10":0.0650726213592,"11":0.307287378641},"15":{},"16":{"0":4.52052}}