{"1":{"7":0.015736,"8":0.291116,"9":0.212436,"10":0.173096,"11":6.498968},"2":{"12":0.298984,"13":0.298984,"14":0.975632},"3":{"10":0.055076,"11":0.015736,"24":0.015736,"26":0.03934,"30":0.07868,"37":0.023604,"38":0.023604,"39":0.023604,"40":0.015736,"41":0.007868,"42":0.015736,"43":0.220304,"44":0.03934,"45":0.086548,"46":0.094416,"47":0.094416,"48":0.479948,"49":0.133756,"50":6.695668,"51":0.141624},"4":{"26":0.74746,"34":0.11802,"35":0.015736,"40":0.03934,"43":0.07868,"44":0.031472,"45":0.055076,"46":0.023604,"48":0.03934,"49":1.093652,"50":0.007868,"51":0.141624,"52":0.149492,"53":0.15736,"54":14.996408,"55":40.87426,"56":0.015736,"57":0.086548},"5":{"4":0,"5":0.007868,"7":0.007868,"8":0.149492,"9":0.094416,"10":0.566496,"5.1":0.023604,"6.1":0.015736,"9.1":0.385532},"6":{"37":0.047208,"38":0.015736,"41":0.180964,"42":0.015736,"10.0-10.1":0},"7":{"8":0,"3.2":0,"4.0-4.1":0,"4.2-4.3":0,"5.0-5.1":0,"6.0-6.1":0,"7.0-7.1":0.0547995132734,"8.1-8.4":0.0831896225597,"9.0-9.2":0.0557898659229,"9.3":0.353555895879,"10.0-10.2":2.64853310237},"8":{"0":0.433814366718},"9":{"3":0,"4":0.0421754256757,"2.1":0,"2.2":0,"2.3":0,"4.1":0.138576398649,"4.2-4.3":0.396793290541,"4.4":0.91494852027,"4.4.3-4.4.4":0.545698364865},"10":{"7":0},"11":{"0":0.033093633282,"10":0,"11":0,"12":0,"11.1":0,"11.5":0,"12.1":0},"12":{"0":13.83474},"13":{},"14":{"10":0.0413608,"11":0.1654432},"15":{"0":1.893216},"16":{"0":0.535132}}