{"1":{"8":0.104039,"9":0.184069,"10":0.208078,"11":7.52282},"2":{"12":0.448168,"13":0.440165,"14":1.136426},"3":{"10":0.008003,"11":0.016006,"13":0.008003,"24":0.016006,"28":0.016006,"41":0.016006,"42":0.040015,"43":0.184069,"44":0.136051,"45":0.024009,"46":0.120045,"47":0.112042,"48":1.096411,"49":0.072027,"50":3.593347,"51":0.568213,"52":0.016006},"4":{"25":0.008003,"26":0.064024,"31":0.016006,"40":0.016006,"43":0.040015,"45":0.024009,"46":0.072027,"47":0.032012,"48":0.040015,"49":0.944354,"50":0.048018,"51":0.16006,"52":0.112042,"53":0.144054,"54":0.304114,"55":58.613972,"56":0.248093,"57":0.144054},"5":{"4":0,"5":0.016006,"6":0.016006,"8":0.312117,"9":0.048018,"10":0.624234,"5.1":0.056021,"6.1":0.048018,"9.1":0.328123},"6":{"29":0.024009,"35":0.016006,"38":0.008003,"42":0.048018,"10.0-10.1":0},"7":{"8":0,"3.2":0,"4.0-4.1":0,"4.2-4.3":0,"5.0-5.1":0,"6.0-6.1":0.0116431557596,"7.0-7.1":0.05472283207,"8.1-8.4":0.0657838300416,"9.0-9.2":0.0296900471869,"9.3":0.255567268923,"10.0-10.2":2.30912886602},"8":{"0":0.677158253275},"9":{"3":0,"4":0.0398843881636,"2.1":0,"2.2":0,"2.3":0,"4.1":0.128987808529,"4.2-4.3":0.392903653612,"4.4":0.890185599652,"4.4.3-4.4.4":0.498130550044},"10":{"7":0.001996},"11":{"0":0.00148174672489,"10":0,"11":0,"12":0,"11.1":0,"11.5":0,"12.1":0},"12":{"0":12.919822},"13":{},"14":{"10":0.0136038058252,"11":0.0642401941748},"15":{"0":1.598796},"16":{"0":0.60878}}