{"1":{"7":0.026465,"8":0.153497,"9":0.275236,"10":0.185255,"11":13.02078},"2":{"12":0.021172,"13":0.481663,"14":4.874853},"3":{"16":0.005293,"38":0.042344,"39":0.010586,"40":0.005293,"44":0.021172,"45":0.84688,"47":0.015879,"48":0.127032,"49":0.031758,"50":0.280529,"51":4.562566,"52":0.005293},"4":{"11":0.005293,"22":0.010586,"31":0.005293,"32":0.015879,"33":0.031758,"34":0.021172,"36":0.063516,"38":0.063516,"40":0.005293,"42":0.021172,"43":0.015879,"44":0.010586,"47":0.021172,"49":1.302078,"51":0.026465,"53":0.111153,"54":0.058223,"55":5.128917,"56":16.863498,"57":0.047637,"58":0.026465},"5":{"4":0,"5":0.026465,"7":0.026465,"8":0.148204,"9":0.084688,"10":2.17013,"5.1":0.068809,"6.1":0.21172,"9.1":0.862759,"10.1":0.010586},"6":{"36":0.005293,"42":0.037051,"43":0.084688,"10.0-10.1":0,"12.1":0.010586},"7":{"8":0,"3.2":0,"4.0-4.1":0,"4.2-4.3":0,"5.0-5.1":0,"6.0-6.1":0.160190821432,"7.0-7.1":0.707257588966,"8.1-8.4":0.964167396923,"9.0-9.2":0.190415504721,"9.3":2.61443510451,"10.0-10.2":23.8502975834},"8":{"0":0.0986311768559},"9":{"3":0,"4":0.00940599489796,"2.1":0,"2.2":0,"2.3":0,"4.1":0.0282179846939,"4.2-4.3":0.0908619107143,"4.4":0.200723931122,"4.4.3-4.4.4":0.113248178571},"10":{"7":0.00353025},"11":{"0":0.000215823144105,"10":0,"11":0,"12":0,"11.1":0,"11.5":0,"12.1":0},"12":{"0":10.225948},"13":{"0":0.037656},"14":{"10":0.156290679612,"11":0.738039320388},"15":{},"16":{"0":6.528609},"17":{}}