{"1":{"7":0.02609,"8":0.140886,"9":0.302644,"10":0.187848,"11":12.998038},"2":{"12":0.031308,"13":0.490492,"14":4.711854},"3":{"14":0.005218,"24":0.005218,"31":0.005218,"38":0.031308,"39":0.010436,"40":0.005218,"44":0.020872,"45":0.75661,"46":0.005218,"47":0.015654,"48":0.140886,"49":0.041744,"50":4.111784,"51":0.412222},"4":{"10":0.005218,"11":0.015654,"22":0.015654,"31":0.010436,"32":0.020872,"33":0.031308,"34":0.015654,"36":0.073052,"38":0.067834,"39":0.010436,"41":0.005218,"42":0.010436,"43":0.010436,"44":0.015654,"47":0.015654,"48":0.005218,"49":1.22623,"50":0.005218,"51":0.036526,"52":0.02609,"53":0.213938,"54":0.13045,"55":21.221606,"56":0.281772,"57":0.031308},"5":{"4":0,"5":0.02609,"7":0.010436,"8":0.166976,"9":0.10436,"10":2.144598,"5.1":0.07827,"6.1":0.245246,"7.1":0.010436,"9.1":0.954894},"6":{"36":0.015654,"42":0.13045,"10.0-10.1":0,"12.1":0.010436},"7":{"8":0,"3.2":0,"4.0-4.1":0,"4.2-4.3":0,"5.0-5.1":0,"6.0-6.1":0.126036101206,"7.0-7.1":0.59236967567,"8.1-8.4":0.712103971816,"9.0-9.2":0.321392058076,"9.3":2.76649242148,"10.0-10.2":24.9961097718},"8":{"0":0.138375209607},"9":{"3":0,"4":0.00948700522193,"2.1":0,"2.2":0,"2.3":0,"4.1":0.0306813785901,"4.2-4.3":0.0934570939948,"4.4":0.211741882507,"4.4.3-4.4.4":0.118486639687},"10":{"7":0.0035865},"11":{"0":0.000302790393013,"10":0,"11":0,"12":0,"11.1":0,"11.5":0,"12.1":0},"12":{"0":10.17784},"13":{"0":0.033474},"14":{"10":0.17298768932,"11":0.81688631068},"15":{},"16":{"0":6.211818}}