{"1":{"7":0.021008,"8":0.152308,"9":0.325624,"10":0.147056,"11":12.415728},"2":{"12":0.057772,"13":0.55146,"14":4.900116},"3":{"14":0.02626,"24":0.005252,"31":0.021008,"38":0.02626,"39":0.010504,"40":0.031512,"41":0.005252,"43":0.005252,"44":0.015756,"45":0.714272,"46":0.010504,"47":0.031512,"48":0.10504,"49":0.099788,"50":4.658524,"51":0.010504},"4":{"11":0.015756,"22":0.010504,"26":0.010504,"31":0.010504,"32":0.010504,"33":0.015756,"34":0.021008,"36":0.10504,"38":0.063024,"43":0.010504,"44":0.031512,"47":0.021008,"48":0.010504,"49":1.344512,"50":0.010504,"51":0.094536,"52":0.05252,"53":0.199576,"54":7.594392,"55":13.712972,"56":0.057772,"57":0.015756},"5":{"4":0,"5":0.02626,"6":0.036764,"7":0.010504,"8":0.18382,"9":0.147056,"10":2.200588,"5.1":0.084032,"6.1":0.257348,"7.1":0.015756,"9.1":1.144936},"6":{"36":0.015756,"41":0.220584,"42":0.068276,"10.0-10.1":0,"12.1":0.015756},"7":{"8":0,"3.2":0,"4.0-4.1":0,"4.2-4.3":0,"5.0-5.1":0,"6.0-6.1":0,"7.0-7.1":0.491762114038,"8.1-8.4":0.746530438178,"9.0-9.2":0.500649381159,"9.3":3.17275436226,"10.0-10.2":23.7675147044},"8":{"0":0.097072779661},"9":{"3":0,"4":0.0100234383446,"2.1":0,"2.2":0,"2.3":0,"4.1":0.0329341545608,"4.2-4.3":0.0943021444257,"4.4":0.217447244088,"4.4.3-4.4.4":0.129691018581},"10":{"7":0.00356175},"11":{"0":0.00740522033898,"10":0,"11":0,"12":0,"11.1":0,"11.5":0,"12.1":0},"12":{"0":10.871245},"13":{"0":0.028494},"14":{"10":0.2023074,"11":0.8092296},"15":{},"16":{"0":6.021732}}