{"1":{"6":0.00675229934924,"7":0.027009197397,"8":0.310605770065,"9":0.26333967462,"10":0.27009197397,"11":5.3478210846},"2":{"12":0.092722,"13":0.324527,"14":3.44396},"3":{"3":0.013246,"12":0.013246,"15":0.006623,"16":0.019869,"17":0.013246,"20":0.006623,"21":0.013246,"24":0.033115,"26":0.019869,"28":0.006623,"29":0.013246,"30":0.013246,"31":0.059607,"32":0.013246,"33":0.019869,"34":0.013246,"35":0.033115,"36":0.026492,"37":0.026492,"38":0.205313,"39":0.039738,"40":0.033115,"41":0.059607,"42":0.072853,"43":0.119214,"44":0.033115,"45":0.894105,"46":0.092722,"47":0.430495,"48":0.59607,"49":0.158952,"50":0.695415,"51":11.179624,"52":0.072853,"53":0.019869,"3.6":0.019869},"4":{"11":0.013246,"16":0.019869,"18":0.019869,"21":0.006623,"22":0.013246,"23":0.013246,"25":0.019869,"28":0.006623,"29":0.026492,"30":0.006623,"31":0.033115,"32":0.039738,"33":0.013246,"34":0.046361,"35":0.046361,"36":0.059607,"37":0.033115,"38":0.046361,"39":0.072853,"40":0.039738,"41":0.072853,"42":0.086099,"43":0.172198,"44":0.059607,"45":0.086099,"46":0.079476,"47":0.079476,"48":0.105968,"49":1.695488,"50":0.145706,"51":0.92722,"52":0.19869,"53":0.258297,"54":0.404003,"55":7.073364,"56":20.471693,"57":0.072853,"58":0.039738},"5":{"4":0.033115,"5":0.079476,"6":0.013246,"7":0.039738,"8":0.19869,"9":0.26492,"10":3.960554,"5.1":0.185444,"6.1":0.119214,"7.1":0.006623,"9.1":1.072926,"10.1":0.033115},"6":{"28":0.013246,"36":0.026492,"38":0.105968,"42":0.185444,"43":0.278166,"10.0-10.1":0,"12.1":0.026492},"7":{"8":0,"3.2":0,"4.0-4.1":0,"4.2-4.3":0,"5.0-5.1":0,"6.0-6.1":0.0644332443501,"7.0-7.1":0.284478852414,"8.1-8.4":0.387815187692,"9.0-9.2":0.0765904602653,"9.3":1.05159917666,"10.0-10.2":9.59325907862},"8":{"0":0.141566227074},"9":{"3":0,"4":0.0195326530612,"2.1":0,"2.2":0,"2.3":0,"4.1":0.0585979591837,"4.2-4.3":0.188685428571,"4.4":0.416826816327,"4.4.3-4.4.4":0.235173142857},"10":{"7":0.013512},"11":{"0":0.000309772925764,"10":0,"11":0,"12":0,"11.1":0,"11.5":0,"12.1":0},"12":{"0":16.780148},"13":{"0":0.054048},"14":{"10":0.0920914951456,"11":0.434876504854},"15":{"0":0.391848},"16":{"0":3.638106},"17":{}}