{"1":{"6":0.00708070233051,"7":0.0212421069915,"8":0.325712307203,"9":0.290308795551,"10":0.375277223517,"11":5.66456186441},"2":{"12":0.104115,"13":0.409519,"14":3.234506},"3":{"3":0.013882,"12":0.013882,"15":0.006941,"16":0.027764,"17":0.013882,"20":0.013882,"21":0.013882,"23":0.006941,"24":0.06941,"25":0.006941,"26":0.013882,"27":0.006941,"28":0.006941,"29":0.013882,"30":0.013882,"31":0.173525,"32":0.013882,"33":0.020823,"34":0.027764,"35":0.041646,"36":0.041646,"37":0.034705,"38":0.291522,"39":0.041646,"40":0.034705,"41":0.076351,"42":0.076351,"43":0.187407,"44":0.048587,"45":0.888448,"46":0.145761,"47":0.596926,"48":0.749628,"49":0.215171,"50":11.147246,"51":1.395141,"52":0.027764,"3.6":0.020823},"4":{"11":0.013882,"16":0.020823,"18":0.006941,"22":0.013882,"23":0.013882,"24":0.006941,"25":0.020823,"26":0.006941,"27":0.006941,"29":0.027764,"30":0.006941,"31":0.034705,"32":0.034705,"33":0.020823,"34":0.041646,"35":0.048587,"36":0.083292,"37":0.034705,"38":0.048587,"39":0.076351,"40":0.048587,"41":0.104115,"42":0.111056,"43":0.194348,"44":0.062469,"45":0.097174,"46":0.083292,"47":0.090233,"48":0.20823,"49":1.915716,"50":0.201289,"51":1.193852,"52":0.222112,"53":0.312345,"54":0.728805,"55":26.972726,"56":0.388696,"57":0.041646},"5":{"4":0.027764,"5":0.090233,"6":0.020823,"7":0.055528,"8":0.229053,"9":0.298463,"10":3.921665,"5.1":0.194348,"6.1":0.131879,"7.1":0.013882,"9.1":1.277144},"6":{"12":0.006941,"28":0.013882,"36":0.034705,"38":0.159643,"39":0.006941,"41":0.020823,"42":0.41646,"10.0-10.1":0,"12.1":0.027764},"7":{"8":0,"3.2":0,"4.0-4.1":0,"4.2-4.3":0,"5.0-5.1":0,"6.0-6.1":0.0432130671506,"7.0-7.1":0.203101415608,"8.1-8.4":0.244153829401,"9.0-9.2":0.110193321234,"9.3":0.948526823956,"10.0-10.2":8.57023154265},"8":{"0":0.195412401747},"9":{"3":0,"4":0.0200897389034,"2.1":0,"2.2":0,"2.3":0,"4.1":0.0649710704961,"4.2-4.3":0.197905300261,"4.4":0.448385874674,"4.4.3-4.4.4":0.250908015666},"10":{"7":0.014535},"11":{"0":0.000427598253275,"10":0,"11":0,"12":0,"11.1":0,"11.5":0,"12.1":0},"12":{"0":14.882125},"13":{"0":0.05202},"14":{"10":0.0919782524272,"11":0.434341747573},"15":{"0":0.44676},"16":{"0":3.54654}}