{"1":{"6":0.00488440217391,"7":0.00732660326087,"8":0.178280679348,"9":0.056170625,"10":0.117225652174,"11":1.42624543478,"5.5":0.00732660326087},"2":{"12":0.12145,"13":0.119021,"14":0.320628},"3":{"3":0.063154,"4":0.002429,"6":0.007287,"9":0.002429,"10":0.053438,"11":0.029148,"12":0.004858,"13":0.004858,"15":0.034006,"16":0.012145,"18":0.002429,"19":0.007287,"20":0.004858,"21":0.021861,"22":0.002429,"23":0.004858,"24":0.004858,"25":0.012145,"26":0.043722,"28":0.004858,"29":0.019432,"30":0.017003,"31":0.02429,"32":0.019432,"33":0.017003,"34":0.009716,"35":0.029148,"36":0.043722,"37":0.029148,"38":0.150598,"39":0.080157,"40":0.02429,"41":0.031577,"42":0.082586,"43":0.245329,"44":0.036435,"45":0.055867,"46":0.017003,"47":0.434791,"48":0.4858,"49":0.172459,"50":4.32362,"51":0.480942,"52":0.017003,"3.5":0.007287,"3.6":0.007287},"4":{"11":0.029148,"17":0.004858,"20":0.004858,"22":0.031577,"23":0.004858,"24":0.004858,"25":0.004858,"26":0.04858,"27":0.004858,"28":0.014574,"29":0.012145,"30":0.002429,"31":0.007287,"32":0.131166,"33":0.012145,"34":0.004858,"35":0.004858,"36":0.298767,"37":0.004858,"38":0.02429,"39":0.036435,"40":0.009716,"41":0.017003,"42":0.007287,"43":0.080157,"44":0.031577,"45":0.068012,"46":0.007287,"47":0.014574,"48":0.017003,"49":0.55867,"50":0.252616,"51":0.080157,"52":0.053438,"53":0.208894,"54":0.133595,"55":8.892569,"56":0.133595,"57":0.012145},"5":{"4":0.019432,"5":0.004858,"8":0.094731,"9":0.031577,"10":0.667975,"5.1":0.04858,"6.1":0.007287,"7.1":0.051009,"9.1":0.262332},"6":{"12":0.002429,"19":0.012145,"28":0.012145,"29":0.004858,"30":0.133595,"34":0.007287,"35":0.004858,"36":0.029148,"37":0.031577,"38":0.021861,"39":0.007287,"40":0.02429,"41":0.021861,"42":0.480942,"10.0-10.1":0,"11.6":0.004858,"12.1":0.009716},"7":{"8":0,"3.2":0,"4.0-4.1":0,"4.2-4.3":0,"5.0-5.1":0,"6.0-6.1":0.0064661044091,"7.0-7.1":0.0303906907228,"8.1-8.4":0.0365334899114,"9.0-9.2":0.0164885662432,"9.3":0.14193099178,"10.0-10.2":1.28239015693},"8":{"0":31.4568107162},"9":{"3":0,"4":0.154691541775,"2.1":0,"2.2":0,"2.3":0,"4.1":0.500279028721,"4.2-4.3":1.52387625196,"4.4":3.45258356005,"4.4.3-4.4.4":1.93199861749},"10":{"7":0.6548915},"11":{"0":0.0688332838428,"10":0,"11":0,"12":0,"11.1":0,"11.5":0,"12.1":0},"12":{"0":19.396006},"13":{"0":0.030284},"14":{"10":0.542465825243,"11":2.56164417476},"15":{"0":2.975403},"16":{"0":6.162794}}