{"1":{"7":0.0109144310954,"8":0.540264339223,"9":0.5948364947,"10":0.600293710247,"11":5.97565102473},"2":{"12":0.119636,"13":0.429602,"14":3.48032},"3":{"2":0.16314,"3":0.005438,"15":0.168578,"16":0.005438,"18":0.157702,"21":0.168578,"23":0.168578,"25":0.337156,"31":0.016314,"32":0.005438,"33":0.005438,"34":0.02719,"35":0.021752,"36":0.02719,"37":0.010876,"38":0.048942,"39":0.016314,"40":0.010876,"41":0.016314,"42":0.016314,"43":0.048942,"44":0.016314,"45":0.157702,"46":0.038066,"47":0.174016,"48":0.266462,"49":0.08157,"50":4.475474,"51":0.576428,"52":0.016314,"3.6":0.005438},"4":{"11":0.016314,"19":0.168578,"21":0.010876,"22":0.038066,"24":0.500296,"26":0.010876,"29":0.005438,"30":0.174016,"31":0.016314,"32":0.038066,"33":0.016314,"34":0.02719,"35":0.348032,"36":0.05438,"37":0.032628,"38":0.05438,"39":0.043504,"40":0.038066,"41":0.08157,"42":0.076132,"43":0.119636,"44":0.038066,"45":0.059818,"46":0.048942,"47":0.043504,"48":0.05438,"49":1.076724,"50":0.08157,"51":0.32628,"52":0.13595,"53":0.184892,"54":0.864642,"55":23.13869,"56":0.331718,"57":0.038066},"5":{"4":0.010876,"5":0.206644,"6":0.010876,"7":0.048942,"8":0.206644,"9":0.233834,"10":3.12685,"5.1":0.130512,"6.1":0.076132,"7.1":0.010876,"9.1":0.935336},"6":{"36":0.032628,"37":0.005438,"38":0.02719,"41":0.010876,"42":0.29909,"10.0-10.1":0.16314,"12.1":0.021752},"7":{"8":0,"3.2":0,"4.0-4.1":0,"4.2-4.3":0,"5.0-5.1":0,"6.0-6.1":0.0902562015587,"7.0-7.1":0.424204147326,"8.1-8.4":0.509947538806,"9.0-9.2":0.230153313975,"9.3":1.98112362421,"10.0-10.2":17.9000611741},"8":{"0":0.564452873362},"9":{"3":0,"4":0.0217399747607,"2.1":0,"2.2":0,"2.3":0,"4.1":0.0703080034813,"4.2-4.3":0.214161879025,"4.4":0.485217734552,"4.4.3-4.4.4":0.271518408181},"10":{"7":0.1243145},"11":{"0":0.00123512663755,"10":0,"11":0,"12":0,"11.1":0,"11.5":0,"12.1":0},"12":{"0":15.876602},"13":{"0":0.063868},"14":{"10":0.125167106796,"11":0.591066893204},"15":{"0":0.816598},"16":{"0":4.644116}}