{"1":{"7":0.0158227482679,"8":0.253163972286,"9":0.305906466513,"10":0.268986720554,"11":5.99682159353},"2":{"12":0.13125,"13":0.46725,"14":3.43875},"3":{"2":0.00525,"15":0.00525,"16":0.00525,"18":0.00525,"21":0.0105,"23":0.0105,"25":0.0105,"27":0.00525,"28":0.00525,"29":0.00525,"31":0.021,"33":0.0105,"34":0.0525,"35":0.0315,"36":0.0315,"37":0.01575,"38":0.0525,"39":0.02625,"40":0.01575,"41":0.02625,"42":0.021,"43":0.05775,"44":0.021,"45":0.12075,"46":0.04725,"47":0.23625,"48":0.21525,"49":0.2205,"50":5.19225,"51":0.07875,"52":0.00525,"3.6":0.00525},"4":{"11":0.01575,"19":0.00525,"21":0.0105,"22":0.04725,"24":0.01575,"26":0.0105,"29":0.0105,"30":0.0105,"31":0.01575,"32":0.021,"33":0.021,"34":0.03675,"35":0.0315,"36":0.04725,"37":0.02625,"38":0.05775,"39":0.03675,"40":0.042,"41":0.0945,"42":0.084,"43":0.14175,"44":0.042,"45":0.06825,"46":0.05775,"47":0.0525,"48":0.063,"49":1.20225,"50":0.09975,"51":0.399,"52":0.19425,"53":0.27825,"54":13.37175,"55":11.487,"56":0.0735,"57":0.0315},"5":{"4":0.0105,"5":0.05775,"6":0.0105,"7":0.05775,"8":0.231,"9":0.2625,"10":2.94525,"5.1":0.14175,"6.1":0.07875,"7.1":0.01575,"9.1":1.0395},"6":{"28":0.00525,"36":0.0315,"37":0.0105,"38":0.0315,"41":0.27825,"42":0.12075,"10.0-10.1":0.00525,"12.1":0.02625},"7":{"8":0,"3.2":0,"4.0-4.1":0,"4.2-4.3":0,"5.0-5.1":0,"6.0-6.1":0,"7.0-7.1":0.362775330028,"8.1-8.4":0.550719175705,"9.0-9.2":0.369331510691,"9.3":2.34055649675,"10.0-10.2":17.5334124868},"8":{"0":0.776582237288},"9":{"3":0,"4":0.0273187829392,"2.1":0,"2.2":0,"2.3":0,"4.1":0.0897617153716,"4.2-4.3":0.257019570101,"4.4":0.592650331926,"4.4.3-4.4.4":0.353471599662},"10":{"7":0.166215},"11":{"0":0.0592417627119,"10":0,"11":0,"12":0,"11.1":0,"11.5":0,"12.1":0},"12":{"0":16.542312},"13":{"0":0.066486},"14":{"10":0.1700142,"11":0.6800568},"15":{"0":0.959298},"16":{"0":4.867725}}