{"1":{"8":0.05553,"9":0.305415,"10":0.122166,"11":3.642768},"2":{"12":0.155484,"13":0.310968,"14":3.642768},"3":{"21":0.088848,"39":0.022212,"40":0.027765,"43":0.005553,"44":0.011106,"45":0.061083,"46":0.005553,"47":0.255438,"48":0.133272,"49":0.027765,"50":0.544194,"51":4.603437,"52":0.11106},"4":{"11":0.016659,"22":0.094401,"29":0.016659,"31":0.033318,"32":0.05553,"34":0.011106,"35":0.044424,"36":0.105507,"38":0.033318,"39":0.016659,"40":0.016659,"41":0.011106,"42":0.038871,"43":0.016659,"44":0.027765,"45":0.155484,"46":0.016659,"47":0.011106,"48":0.016659,"49":1.038411,"50":0.155484,"51":0.044424,"52":0.066636,"53":0.732996,"54":0.066636,"55":7.474338,"56":24.999606,"57":0.144378,"58":0.061083},"5":{"4":0,"7":0.005553,"8":0.099954,"9":0.211014,"10":1.55484,"5.1":0.061083,"6.1":0.005553,"9.1":0.399816},"6":{"29":0.011106,"34":0.027765,"42":0.205461,"43":0.272097,"10.0-10.1":0},"7":{"8":0,"3.2":0,"4.0-4.1":0,"4.2-4.3":0,"5.0-5.1":0,"6.0-6.1":0.0309836762865,"7.0-7.1":0.136795853793,"8.1-8.4":0.186486655385,"9.0-9.2":0.0368296529443,"9.3":0.505676980902,"10.0-10.2":4.61306018069},"8":{"0":0.73659020524},"9":{"3":0,"4":0.0917950042517,"2.1":0,"2.2":0,"2.3":0,"4.1":0.275385012755,"4.2-4.3":0.886739741071,"4.4":1.95890539073,"4.4.3-4.4.4":1.10521185119},"10":{"7":0.05002875},"11":{"0":0.00161179475983,"10":0,"11":0,"12":0,"11.1":0,"11.5":0,"12.1":0},"12":{"0":30.511701},"13":{"0":0.004447},"14":{"10":0.198949281553,"11":0.939482718447},"15":{"0":0.249032},"16":{"0":4.051217},"17":{}}