{"1":{"8":0.12287,"9":0.15638,"10":0.161965,"11":3.70844},"2":{"12":0.150795,"13":0.35744,"14":3.20579},"3":{"21":0.039095,"38":0.03351,"39":0.02234,"40":0.03351,"41":0.01117,"42":0.005585,"43":0.039095,"44":0.016755,"45":0.016755,"46":0.01117,"47":0.150795,"48":0.251325,"49":0.094945,"50":4.50151,"51":0.485895,"52":0.016755,"3.6":0.01117},"4":{"11":0.005585,"21":0.016755,"22":0.07819,"28":0.016755,"29":0.01117,"31":0.04468,"32":0.094945,"33":0.005585,"34":0.05585,"35":0.02234,"36":0.12287,"38":0.03351,"39":0.04468,"40":0.005585,"43":0.05585,"44":0.02234,"45":0.16755,"46":0.005585,"47":0.02234,"48":0.016755,"49":1.144925,"50":0.18989,"51":0.08936,"52":0.195475,"53":0.474725,"54":0.363025,"55":31.661365,"56":0.48031,"57":0.217815,"58":0.01117},"5":{"4":0,"5":0.01117,"8":0.094945,"9":0.083775,"10":1.53029,"5.1":0.027925,"6.1":0.016755,"9.1":0.51382},"6":{"29":0.027925,"30":0.005585,"33":0.005585,"36":0.02234,"42":0.642275,"10.0-10.1":0,"12.1":0.005585},"7":{"8":0,"3.2":0,"4.0-4.1":0,"4.2-4.3":0,"5.0-5.1":0,"6.0-6.1":0.0226755289847,"7.0-7.1":0.106574986228,"8.1-8.4":0.128116738764,"9.0-9.2":0.0578225989111,"9.3":0.497727861215,"10.0-10.2":4.4971242859},"8":{"0":0.766359065502},"9":{"3":0,"4":0.0927151288077,"2.1":0,"2.2":0,"2.3":0,"4.1":0.299844671889,"4.2-4.3":0.913342651871,"4.4":2.06932276849,"4.4.3-4.4.4":1.15795277894},"10":{"7":0.108143},"11":{"0":0.00167693449782,"10":0,"11":0,"12":0,"11.1":0,"11.5":0,"12.1":0},"12":{"0":29.785463},"13":{"0":0.004414},"14":{"10":0.18898776699,"11":0.89244223301},"15":{"0":0.604718},"16":{"0":4.052052}}