{"1":{"7":0.238434,"8":0.05677,"9":0.300881,"10":0.244111,"11":4.76868},"2":{"12":0.124894,"13":0.414421,"14":3.355107},"3":{"21":0.034062,"38":0.011354,"39":0.045416,"40":0.034062,"43":0.051093,"44":0.124894,"45":0.017031,"46":0.011354,"47":0.096509,"48":0.153279,"49":0.261142,"50":4.581339,"51":0.130571,"3.6":0.005677},"4":{"11":0.017031,"22":0.11354,"29":0.011354,"31":0.005677,"32":0.039739,"34":0.017031,"35":0.022708,"36":0.045416,"38":0.028385,"39":0.022708,"40":0.017031,"41":0.011354,"43":0.039739,"44":0.051093,"45":0.141925,"46":0.017031,"47":0.045416,"48":0.005677,"49":1.107015,"50":0.147602,"51":0.090832,"52":0.539315,"53":0.17031,"54":16.673349,"55":15.526595,"56":0.124894,"57":0.102186},"5":{"4":0,"8":0.255465,"9":0.11354,"10":1.430604,"5.1":0.034062,"6.1":0.051093,"7.1":0.011354,"9.1":0.244111},"6":{"29":0.028385,"33":0.005677,"36":0.011354,"37":0.051093,"38":0.017031,"39":0.022708,"41":0.425775,"42":0.136248,"10.0-10.1":0,"12.1":0.017031},"7":{"8":0,"3.2":0,"4.0-4.1":0,"4.2-4.3":0,"5.0-5.1":0,"6.0-6.1":0,"7.0-7.1":0.0878398233654,"8.1-8.4":0.133347201735,"9.0-9.2":0.0894272900527,"9.3":0.566725607375,"10.0-10.2":4.24541507747},"8":{"0":0.731019966102},"9":{"3":0,"4":0.0904379632601,"2.1":0,"2.2":0,"2.3":0,"4.1":0.297153307855,"4.2-4.3":0.850855123733,"4.4":1.96195010093,"4.4.3-4.4.4":1.17015650422},"10":{"7":0.08105625},"11":{"0":0.0557660338983,"10":0,"11":0,"12":0,"11.1":0,"11.5":0,"12.1":0},"12":{"0":29.873759},"13":{"0":0.008646},"14":{"10":0.2222022,"11":0.8888088},"15":{"0":0.268026},"16":{"0":3.951222}}