{"1":{"8":0.336243894737,"9":0.0960696842105,"10":0.0640464561404,"11":1.78529496491},"2":{"12":0.04737,"13":1.27899,"14":0.923715},"3":{"3":0.007895,"9":0.007895,"11":0.01579,"12":0.007895,"21":0.01579,"24":0.007895,"31":0.007895,"35":0.01579,"37":0.03158,"38":0.01579,"40":0.007895,"42":0.007895,"43":0.06316,"44":0.01579,"45":0.039475,"46":0.03158,"47":0.20527,"48":0.07895,"49":0.09474,"50":2.13165,"51":0.307905,"52":0.007895,"3.5":0.01579,"3.6":0.04737},"4":{"5":0.007895,"8":0.01579,"11":0.023685,"12":0.023685,"15":0.01579,"16":0.007895,"17":0.023685,"18":0.01579,"19":0.023685,"20":0.023685,"21":0.023685,"22":0.06316,"23":0.03158,"24":0.03158,"25":0.023685,"26":0.03158,"27":0.023685,"28":0.023685,"29":0.01579,"30":0.039475,"31":0.039475,"32":0.023685,"33":0.071055,"34":0.01579,"35":0.03158,"36":0.055265,"37":0.01579,"38":0.023685,"39":0.12632,"40":0.055265,"41":0.102635,"42":0.03158,"43":0.228955,"44":0.04737,"45":0.055265,"46":0.06316,"47":0.12632,"48":0.071055,"49":2.35271,"50":0.118425,"51":0.450015,"52":0.25264,"53":0.434225,"54":0.465805,"55":51.3175,"56":0.90003,"57":0.1579,"58":0.01579},"5":{"4":0.007895,"5":0.007895,"8":0.023685,"9":0.023685,"10":0.244745,"5.1":0.01579,"6.1":0.007895,"9.1":0.09474},"6":{"12":0.039475,"15":0.04737,"16":0.01579,"17":0.01579,"18":0.04737,"19":0.01579,"20":0.071055,"22":0.007895,"27":0.01579,"28":0.04737,"29":0.023685,"30":0.03158,"31":0.023685,"32":0.01579,"33":0.01579,"34":0.055265,"35":0.06316,"36":0.44212,"37":0.04737,"38":0.118425,"39":0.06316,"40":0.07895,"41":0.244745,"42":7.38972,"43":0.055265,"44":0.007895,"10.0-10.1":0,"10.6":0.007895,"11.5":0.007895,"11.6":0.03158,"12.1":0.307905},"7":{"8":0,"3.2":0,"4.0-4.1":0,"4.2-4.3":0,"5.0-5.1":0,"6.0-6.1":0.014695010142,"7.0-7.1":0.0690665476673,"8.1-8.4":0.0830268073022,"9.0-9.2":0.0374722758621,"9.3":0.322555472617,"10.0-10.2":2.91438788641},"8":{"0":1.40793917031},"9":{"3":0,"4":0.0267483994778,"2.1":0,"2.2":0,"2.3":0,"4.1":0.086505462141,"4.2-4.3":0.263500190601,"4.4":0.597001511749,"4.4.3-4.4.4":0.334070436031},"10":{"7":0.006318},"11":{"0":0.00308082969432,"10":0,"11":0,"12":0,"11.1":0,"11.5":0,"12.1":0},"12":{"0":13.064386},"13":{"0":0.006318},"14":{"10":0.0644067961165,"11":0.304143203883},"15":{"0":0.328536},"16":{"0":1.503684}}