{"1":{"7":0.0215066787097,"8":0.487484717419,"9":0.401458002581,"10":0.229404572903,"11":4.41603802839},"2":{"12":0.254319,"13":0.404302,"14":2.947492},"3":{"3":0.026084,"24":0.013042,"25":0.032605,"26":0.006521,"27":0.032605,"30":0.006521,"31":0.013042,"33":0.013042,"34":0.006521,"35":0.019563,"37":0.449949,"38":0.097815,"39":0.032605,"40":0.052168,"41":0.019563,"42":0.019563,"43":0.13042,"44":0.052168,"45":0.052168,"46":0.019563,"47":0.280403,"48":0.430386,"49":0.26084,"50":11.698674,"51":0.019563},"4":{"10":0.019563,"12":0.013042,"18":0.019563,"29":0.039126,"30":0.013042,"32":0.084773,"34":0.006521,"35":0.006521,"36":0.658621,"37":0.032605,"38":0.013042,"39":0.104336,"40":0.019563,"41":0.006521,"42":1.402015,"43":0.071731,"44":0.039126,"45":0.228235,"46":0.019563,"47":0.039126,"48":0.032605,"49":0.932503,"50":0.052168,"51":0.104336,"52":0.254319,"53":0.176067,"54":16.361189,"55":14.580956,"56":0.117378},"5":{"4":0.026084,"5":0.032605,"7":0.026084,"8":0.097815,"9":0.110857,"10":2.197577,"5.1":0.176067,"6.1":0.123899,"7.1":0.019563,"9.1":0.665142},"6":{"36":0.032605,"41":0.208672,"42":0.091294,"10.0-10.1":0,"12.1":0.019563},"7":{"8":0,"3.2":0,"4.0-4.1":0,"4.2-4.3":0,"5.0-5.1":0,"6.0-6.1":0,"7.0-7.1":0.08315819812,"8.1-8.4":0.126240156182,"9.0-9.2":0.0846610571222,"9.3":0.536520663774,"10.0-10.2":4.0191459248},"8":{"0":0.381424909091},"9":{"3":0,"4":0.0362826790541,"2.1":0,"2.2":0,"2.3":0,"4.1":0.119214516892,"4.2-4.3":0.341353368243,"4.4":0.787111996622,"4.4.3-4.4.4":0.469453439189},"10":{"7":0.0052185},"11":{"0":0.0290970909091,"10":0,"11":0,"12":0,"11.1":0,"11.5":0,"12.1":0},"12":{"0":24.035731},"13":{"0":0.13916},"14":{"10":0.0257446,"11":0.1029784},"15":{"0":0.236572},"16":{"0":4.999323}}