{"1":{"8":0.111625542857,"9":0.36588372381,"10":0.117826961905,"11":3.96270677143},"2":{"12":0.131537,"13":0.480396,"14":3.08826},"3":{"11":0.051471,"26":0.011438,"31":0.011438,"33":0.022876,"35":0.017157,"36":0.022876,"37":0.154413,"38":0.051471,"39":0.011438,"40":0.051471,"41":0.017157,"43":0.074347,"44":0.017157,"45":0.045752,"46":0.011438,"47":0.177289,"48":0.463239,"49":0.125818,"50":0.903602,"51":10.345671,"52":0.137256,"53":0.005719,"3.6":0.011438},"4":{"12":0.017157,"21":0.017157,"22":0.028595,"25":0.005719,"26":0.005719,"30":0.011438,"31":0.022876,"32":0.297388,"33":0.028595,"34":0.011438,"35":0.005719,"36":0.760627,"37":0.022876,"38":0.011438,"39":0.051471,"40":0.045752,"41":0.034314,"42":0.011438,"43":0.091504,"44":0.005719,"45":0.200165,"46":0.005719,"47":0.017157,"48":0.040033,"49":0.817817,"50":0.034314,"51":0.085785,"52":0.097223,"53":0.137256,"54":0.234479,"55":6.302338,"56":20.639871,"57":0.040033,"58":0.017157},"5":{"4":0,"5":0.011438,"7":0.017157,"8":0.11438,"9":0.217322,"10":2.356228,"5.1":0.045752,"6.1":0.085785,"9.1":0.566181},"6":{"30":0.011438,"31":0.017157,"36":0.017157,"40":0.068628,"42":0.125818,"43":0.160132,"10.0-10.1":0,"12.1":0.034314},"7":{"8":0,"3.2":0,"4.0-4.1":0,"4.2-4.3":0,"5.0-5.1":0,"6.0-6.1":0.0355167480106,"7.0-7.1":0.156809793103,"8.1-8.4":0.213770615385,"9.0-9.2":0.0422180212202,"9.3":0.579660132626,"10.0-10.2":5.28797468966},"8":{"0":0.341812052402},"9":{"3":0,"4":0.0378680272109,"2.1":0,"2.2":0,"2.3":0,"4.1":0.113604081633,"4.2-4.3":0.365805142857,"4.4":0.80810370068,"4.4.3-4.4.4":0.455931047619},"10":{"7":0.0032115},"11":{"0":0.000747947598253,"10":0,"11":0,"12":0,"11.1":0,"11.5":0,"12.1":0},"12":{"0":29.838745},"13":{"0":0.089922},"14":{"10":0.0314290485437,"11":0.148414951456},"15":{"0":0.274048},"16":{"0":4.701636},"17":{}}