{"1":{"6":0.010818,"7":0.010818,"8":0.530082,"9":0.551718,"10":0.146043,"11":9.714564},"2":{"12":0.102771,"13":0.470583,"14":3.559122},"3":{"21":0.292086,"28":0.010818,"30":0.021636,"31":0.081135,"32":0.016227,"34":0.016227,"40":0.027045,"42":0.010818,"43":0.059499,"44":0.005409,"45":0.10818,"46":0.010818,"47":0.102771,"48":0.281268,"49":0.281268,"50":4.765329,"51":0.189315,"52":0.005409},"4":{"11":0.05409,"22":0.048681,"26":0.016227,"31":0.021636,"33":0.010818,"36":0.113589,"38":0.021636,"40":0.016227,"41":0.010818,"43":0.016227,"44":0.037863,"45":0.021636,"46":0.016227,"47":0.005409,"48":0.032454,"49":1.016892,"50":0.032454,"51":0.064908,"52":0.064908,"53":0.281268,"54":10.580004,"55":10.991088,"56":0.248814,"57":0.010818},"5":{"4":0.005409,"5":0.043272,"6":0.016227,"7":0.102771,"8":0.275859,"9":0.319131,"10":5.371137,"3.2":0.027045,"5.1":0.232587,"6.1":0.140634,"9.1":1.476657},"6":{"37":0.070317,"41":0.167679,"42":0.10818,"43":0.005409,"10.0-10.1":0},"7":{"8":0,"3.2":0,"4.0-4.1":0,"4.2-4.3":0,"5.0-5.1":0,"6.0-6.1":0,"7.0-7.1":0.49201141411,"8.1-8.4":0.746908893709,"9.0-9.2":0.500903186654,"9.3":3.17436279826,"10.0-10.2":23.7795637073},"8":{"0":0.0298591848998},"9":{"3":0,"4":0.0102599543919,"2.1":0,"2.2":0,"2.3":0,"4.1":0.0337112787162,"4.2-4.3":0.0965273260135,"4.4":0.222578194257,"4.4.3-4.4.4":0.132751246622},"10":{"7":0.02180725},"11":{"0":0.00227781510015,"10":0,"11":0,"12":0,"11.1":0,"11.5":0,"12.1":0},"12":{"0":10.914075},"13":{"0":0.032137},"14":{"10":0.1845582,"11":0.7382328},"15":{"0":0.009182},"16":{"0":4.297176}}