{"1":{"8":0.217833,"9":0.446292,"10":0.122199,"11":8.362662},"2":{"12":0.10626,"13":0.340032,"14":3.894429},"3":{"21":0.276276,"28":0.010626,"30":0.058443,"31":0.090321,"32":0.037191,"34":0.005313,"41":0.005313,"42":0.015939,"43":0.010626,"45":0.127512,"46":0.005313,"47":0.05313,"48":0.255024,"49":0.069069,"50":3.952872,"51":0.626934,"52":0.696003},"4":{"11":0.021252,"22":0.026565,"26":0.010626,"32":0.005313,"33":0.021252,"36":0.026565,"38":0.015939,"39":0.021252,"40":0.010626,"42":0.021252,"43":0.031878,"44":0.05313,"45":0.015939,"47":0.015939,"48":0.042504,"49":1.014783,"50":0.021252,"51":0.042504,"52":0.037191,"53":0.037191,"54":0.292215,"55":22.484616,"56":0.217833,"57":0.015939},"5":{"4":0.010626,"5":0.334719,"6":0.010626,"7":0.069069,"8":0.228459,"9":0.355971,"10":5.238618,"3.2":0.090321,"5.1":0.201894,"6.1":0.196581,"9.1":1.349502},"6":{"41":0.015939,"42":0.154077,"10.0-10.1":0},"7":{"8":0,"3.2":0,"4.0-4.1":0,"4.2-4.3":0,"5.0-5.1":0,"6.0-6.1":0.127202100993,"7.0-7.1":0.597849874666,"8.1-8.4":0.71869187061,"9.0-9.2":0.324365357532,"9.3":2.79208611679,"10.0-10.2":25.2273566794},"8":{"0":0.0467776419214},"9":{"3":0,"4":0.014478127067,"2.1":0,"2.2":0,"2.3":0,"4.1":0.0468228790252,"4.2-4.3":0.142624953873,"4.4":0.323139474326,"4.4.3-4.4.4":0.180822565709},"10":{"7":0.009376},"11":{"0":0.000102358078603,"10":0,"11":0,"12":0,"11.1":0,"11.5":0,"12.1":0},"12":{"0":10.586128},"13":{"0":0.032816},"14":{"10":0.123708582524,"11":0.584179417476},"15":{"0":0.02344},"16":{"0":4.73488}}