{"1":{"7":0.021784,"8":0.201502,"9":0.446572,"10":0.08169,"11":8.479422},"2":{"12":0.049014,"13":0.370328,"14":3.70328},"3":{"11":0.005446,"21":0.21784,"28":0.010892,"30":0.043568,"31":0.076244,"32":0.021784,"42":0.010892,"44":0.021784,"45":0.10892,"47":0.05446,"48":0.239624,"49":0.05446,"50":0.38122,"51":4.678114,"52":2.630418},"4":{"11":0.010892,"22":0.070798,"26":0.010892,"32":0.049014,"33":0.010892,"34":0.016338,"36":0.038122,"38":0.021784,"41":0.005446,"43":0.021784,"44":0.032676,"45":0.021784,"49":1.405068,"50":0.005446,"51":0.070798,"52":0.016338,"53":0.038122,"54":0.141596,"55":5.96337,"56":15.597344,"57":0.049014},"5":{"4":0.02723,"5":0.065352,"7":0.059906,"8":0.16338,"9":0.250516,"10":6.110412,"3.2":0.049014,"5.1":0.19061,"6.1":0.141596,"9.1":1.187228,"10.1":0.005446},"6":{"28":0.010892,"41":0.005446,"42":0.043568,"43":0.125258,"10.0-10.1":0},"7":{"8":0,"3.2":0,"4.0-4.1":0,"4.2-4.3":0,"5.0-5.1":0,"6.0-6.1":0.159849507056,"7.0-7.1":0.705750653793,"8.1-8.4":0.962113070769,"9.0-9.2":0.190009791406,"9.3":2.60886459629,"10.0-10.2":23.7994803807},"8":{"0":0.0363524541485},"9":{"3":0,"4":0.00997155612245,"2.1":0,"2.2":0,"2.3":0,"4.1":0.0299146683673,"4.2-4.3":0.0963252321429,"4.4":0.212793007653,"4.4.3-4.4.4":0.120057535714},"10":{"7":0.0148005},"11":{"0":0.0000795458515284,"10":0,"11":0,"12":0,"11.1":0,"11.5":0,"12.1":0},"12":{"0":10.3765},"13":{"0":0.013662},"14":{"10":0.134497747573,"11":0.635128252427},"15":{"0":0.013662},"16":{"0":5.155128},"17":{}}