{"1":{"8":0.365802,"9":0.04461,"10":0.053532,"11":4.55022},"2":{"12":0.008922,"13":0.963576,"14":0.481788},"3":{"26":0.026766,"33":0.017844,"36":0.017844,"38":0.93681,"43":0.026766,"45":2.114514,"46":4.576986,"47":10.679634,"48":0.026766,"49":0.035688,"50":0.865434},"4":{"20":0.026766,"31":0.017844,"32":0.026766,"35":0.008922,"39":0.240894,"41":0.026766,"42":0.017844,"43":0.026766,"44":0.017844,"46":0.017844,"48":0.098142,"49":1.231236,"50":11.000826,"51":33.939288,"52":0.017844,"53":0.026766,"54":3.372516,"55":2.846118,"57":0.062454},"5":{"4":0,"7":0.008922,"8":0.954654,"9":1.811166,"10":0.66915,"5.1":0.026766,"6.1":0.035688,"9.1":3.818616},"6":{"38":0.017844,"41":0.026766,"42":0.017844,"10.0-10.1":0},"7":{"8":0,"3.2":0,"4.0-4.1":0,"4.2-4.3":0,"5.0-5.1":0,"6.0-6.1":0,"7.0-7.1":0.104182515649,"8.1-8.4":0.158156590022,"9.0-9.2":0.106065332197,"9.3":0.672165507592,"10.0-10.2":5.03527905454},"8":{"0":0.0140353127889},"9":{"3":0,"4":0.00551483826014,"2.1":0,"2.2":0,"2.3":0,"4.1":0.0181201828547,"4.2-4.3":0.0518844987331,"4.4":0.119638225929,"4.4.3-4.4.4":0.071355254223},"10":{"7":0.00188825},"11":{"0":0.00107068721109,"10":0,"11":0,"12":0,"11.1":0,"11.5":0,"12.1":0},"12":{"0":3.370297},"13":{"0":0.008632},"14":{"10":0.0138112,"11":0.0552448},"15":{"0":0.044239},"16":{"0":0.923624}}