{"1":{"8":0.784659,"9":0.077759,"10":0.106035,"11":3.951571},"2":{"12":0.035345,"13":0.530175,"14":1.166385},"3":{"26":0.014138,"33":0.014138,"34":0.007069,"36":0.021207,"38":0.459485,"39":0.007069,"42":0.014138,"43":0.042414,"45":0.904832,"46":2.276218,"47":5.549165,"48":0.049483,"49":0.028276,"50":0.275691,"51":2.064148,"52":0.021207,"53":0.014138,"3.6":0.021207},"4":{"20":0.035345,"32":0.056552,"34":0.014138,"35":0.007069,"36":0.035345,"39":0.240346,"41":0.035345,"43":0.07069,"45":0.007069,"46":0.021207,"47":0.014138,"49":0.911901,"50":5.464337,"51":24.048738,"52":0.197932,"53":0.120173,"54":0.077759,"55":3.739501,"56":9.345218,"57":0.021207,"58":0.014138},"5":{"4":0,"5":0.056552,"8":0.600865,"9":0.982591,"10":1.463283,"5.1":0.049483,"6.1":0.056552,"9.1":2.283287},"6":{"38":0.021207,"42":0.127242,"43":0.883625,"10.0-10.1":0},"7":{"8":0,"3.2":0,"4.0-4.1":0,"4.2-4.3":0,"5.0-5.1":0,"6.0-6.1":0.0975076061538,"7.0-7.1":0.43050528,"8.1-8.4":0.586885403077,"9.0-9.2":0.115905267692,"9.3":1.59139772308,"10.0-10.2":14.51759472},"8":{"0":0.00584920087336},"9":{"3":0,"4":0.0123994260204,"2.1":0,"2.2":0,"2.3":0,"4.1":0.0371982780612,"4.2-4.3":0.119778455357,"4.4":0.264603751276,"4.4.3-4.4.4":0.149289089286},"10":{"7":0.00219825},"11":{"0":0.0000127991266376,"10":0,"11":0,"12":0,"11.1":0,"11.5":0,"12.1":0},"12":{"0":9.140755},"13":{"0":0.008793},"14":{"10":0.0215129708738,"11":0.101589029126},"15":{"0":0.137757},"16":{"0":1.896357},"17":{}}