{"1":{"8":0.414785,"9":0.08465,"10":0.076185,"11":4.65575},"2":{"12":0.01693,"13":0.86343,"14":0.736455},"3":{"33":0.01693,"36":0.025395,"38":0.81264,"40":0.008465,"43":0.03386,"45":1.701465,"46":3.92776,"47":9.590845,"48":0.01693,"49":0.008465,"50":1.159705,"51":0.126975,"3.6":0.008465},"4":{"20":0.025395,"32":0.06772,"36":0.025395,"39":0.262415,"41":0.042325,"43":0.008465,"46":0.008465,"49":1.244355,"50":9.438475,"51":32.81034,"52":0.01693,"53":0.01693,"54":0.093115,"55":7.830125,"56":0.059255,"57":0.042325},"5":{"4":0,"8":0.871895,"9":1.616815,"10":0.94808,"5.1":0.025395,"6.1":0.10158,"9.1":3.57223},"6":{"38":0.025395,"42":0.03386,"10.0-10.1":0},"7":{"8":0,"3.2":0,"4.0-4.1":0,"4.2-4.3":0,"5.0-5.1":0,"6.0-6.1":0.0372188747731,"7.0-7.1":0.174928711434,"8.1-8.4":0.210286642468,"9.0-9.2":0.0949081306715,"9.3":0.81695430127,"10.0-10.2":7.38143333938},"8":{"0":0.0153164847162},"9":{"3":0,"4":0.00696962140992,"2.1":0,"2.2":0,"2.3":0,"4.1":0.0225400522193,"4.2-4.3":0.0686581853786,"4.4":0.155556018277,"4.4.3-4.4.4":0.0870461227154},"10":{"7":0.0023025},"11":{"0":0.0000335152838428,"10":0,"11":0,"12":0,"11.1":0,"11.5":0,"12.1":0},"12":{"0":4.786175},"13":{"0":0.013815},"14":{"10":0.0112666019417,"11":0.0532033980583},"15":{"0":0.21183},"16":{"0":1.17888}}