{"1":{"7":0.004457,"8":0.08914,"9":0.205022,"10":0.138167,"11":9.239361},"2":{"12":0.147081,"13":0.343189,"14":2.905964},"3":{"3":0.071312,"33":0.049027,"36":0.004457,"38":0.004457,"39":0.04457,"41":0.008914,"42":0.017828,"43":0.013371,"44":0.013371,"45":0.013371,"46":0.004457,"47":0.075769,"48":0.191651,"49":0.200565,"50":4.439172,"51":0.499184,"3.6":4.162838},"4":{"12":0.008914,"22":0.004457,"29":0.022285,"31":0.008914,"32":0.017828,"33":0.008914,"34":0.017828,"35":0.013371,"39":0.013371,"44":0.008914,"45":0.075769,"46":0.017828,"49":0.66855,"50":0.022285,"51":0.026742,"52":0.040113,"53":0.066855,"54":0.31199,"55":14.873009,"56":0.196108,"57":0.008914},"5":{"4":0,"7":0.008914,"8":0.066855,"9":0.316447,"10":2.80791,"5.1":0.08914,"6.1":0.115882,"9.1":0.842373},"6":{"36":0.008914,"38":0.111425,"40":0.004457,"42":0.17828,"10.0-10.1":0,"10.5":0.013371,"12.1":0.013371},"7":{"8":0,"3.2":0,"4.0-4.1":0,"4.2-4.3":0,"5.0-5.1":0,"6.0-6.1":0.0663242703107,"7.0-7.1":0.31172407046,"8.1-8.4":0.374732127255,"9.0-9.2":0.169126889292,"9.3":1.45581773332,"10.0-10.2":13.1537609094},"8":{"0":2.56633638428},"9":{"3":0,"4":0.0261881422977,"2.1":0,"2.2":0,"2.3":0,"4.1":0.0846935665796,"4.2-4.3":0.257981061358,"4.4":0.584497048303,"4.4.3-4.4.4":0.327073181462},"10":{"7":0},"11":{"0":0.00561561572052,"10":0,"11":0,"12":0,"11.1":0,"11.5":0,"12.1":0},"12":{"0":20.491768},"13":{"0":0.022172},"14":{"10":0.0242169902913,"11":0.114358009709},"15":{"0":8.674795},"16":{"0":6.513025}}