{"1":{"7":0.017202,"8":0.34404,"9":0.252296,"10":1.11813,"11":9.558578},"2":{"12":0.189222,"13":0.31537,"14":2.798192},"3":{"3":0.034404,"33":0.011468,"36":0.011468,"38":0.02867,"42":0.034404,"43":0.034404,"44":0.05734,"45":0.424316,"46":0.034404,"47":0.091744,"48":0.20069,"49":0.183488,"50":3.881918,"53":0.011468,"3.6":11.628552},"4":{"29":0.011468,"33":0.005734,"35":0.034404,"37":0.005734,"39":0.017202,"43":0.011468,"46":0.034404,"47":0.022936,"48":0.017202,"49":0.969046,"50":0.051606,"51":0.074542,"52":0.149084,"53":0.08601,"54":10.189318,"55":8.125078,"56":0.017202},"5":{"4":0,"7":0.005734,"8":0.31537,"9":0.682346,"10":2.775256,"5.1":0.080276,"6.1":0.091744,"9.1":1.353224},"6":{"36":0.177754,"41":0.120414,"42":0.034404,"10.0-10.1":0,"10.5":0.011468,"12.1":0.011468},"7":{"8":0,"3.2":0,"4.0-4.1":0,"4.2-4.3":0,"5.0-5.1":0,"6.0-6.1":0,"7.0-7.1":0.192528312364,"8.1-8.4":0.292271895879,"9.0-9.2":0.196007739696,"9.3":1.24215555748,"10.0-10.2":9.30514849458},"8":{"0":5.23992319877},"9":{"3":0,"4":0.0225982702703,"2.1":0,"2.2":0,"2.3":0,"4.1":0.0742514594595,"4.2-4.3":0.212608216216,"4.4":0.490244108108,"4.4.3-4.4.4":0.292393945946},"10":{"7":0.002133},"11":{"0":0.399728801233,"10":0,"11":0,"12":0,"11.1":0,"11.5":0,"12.1":0},"12":{"0":13.595516},"13":{"0":0.02133},"14":{"10":0.0247428,"11":0.0989712},"15":{"0":3.899124},"16":{"0":6.842664}}