{"1":{"8":0.108423,"9":0.170379,"10":0.160053,"11":9.458616},"2":{"12":0.082608,"13":0.185868,"14":2.767368},"3":{"3":0.046467,"24":0.005163,"33":0.020652,"41":0.010326,"42":0.015489,"43":0.010326,"44":0.010326,"45":0.092934,"47":0.041304,"48":0.294291,"49":0.092934,"50":0.268476,"51":8.797752,"3.6":4.848057},"4":{"29":0.015489,"32":0.020652,"34":0.015489,"35":0.005163,"38":0.010326,"39":0.010326,"43":0.041304,"45":0.020652,"46":0.005163,"49":0.635049,"50":0.020652,"51":0.072282,"52":0.046467,"53":0.087771,"54":0.056793,"55":3.738012,"56":12.861033,"57":0.025815,"58":0.010326},"5":{"4":0.030978,"5":0.041304,"7":0.005163,"8":0.129075,"9":0.335595,"10":4.016814,"5.1":0.025815,"6.1":0.056793,"9.1":0.789939,"10.1":0.015489},"6":{"36":0.056793,"38":0.067119,"42":0.030978,"43":0.077445,"10.0-10.1":0,"10.5":0.010326},"7":{"8":0,"3.2":0,"4.0-4.1":0,"4.2-4.3":0,"5.0-5.1":0,"6.0-6.1":0.0815459180902,"7.0-7.1":0.360032921379,"8.1-8.4":0.490814110769,"9.0-9.2":0.0969319403714,"9.3":1.33089092732,"10.0-10.2":12.1411101821},"8":{"0":3.11787950655},"9":{"3":0,"4":0.0213880952381,"2.1":0,"2.2":0,"2.3":0,"4.1":0.0641642857143,"4.2-4.3":0.206609,"4.4":0.456421952381,"4.4.3-4.4.4":0.257512666667},"10":{"7":0},"11":{"0":0.00682249344978,"10":0,"11":0,"12":0,"11.1":0,"11.5":0,"12.1":0},"12":{"0":13.067557},"13":{"0":0.029022},"14":{"10":0.0253590291262,"11":0.119750970874},"15":{"0":7.274848},"16":{"0":7.956865},"17":{}}