{"1":{"8":0.156839,"9":0.140154,"10":0.070077,"11":1.341474},"2":{"12":0.126806,"13":0.687422,"14":0.293656},"3":{"3":0.173524,"5":0.020022,"6":0.016685,"8":0.006674,"9":0.003337,"11":0.053392,"12":0.010011,"13":0.003337,"15":0.013348,"17":0.006674,"18":0.016685,"19":0.016685,"21":0.010011,"22":0.003337,"24":0.016685,"25":0.013348,"26":0.006674,"28":0.013348,"29":0.06674,"30":0.023359,"31":0.030033,"32":0.006674,"33":0.006674,"34":0.013348,"35":0.016685,"36":0.040044,"37":0.03337,"38":0.036707,"39":0.053392,"40":0.053392,"41":0.036707,"42":0.056729,"43":0.293656,"44":0.603997,"45":0.146828,"46":0.13348,"47":0.413788,"48":0.180198,"49":0.23359,"50":6.670663,"51":2.756362,"52":0.397103,"3.6":0.006674},"4":{"11":0.046718,"17":0.003337,"18":0.006674,"19":0.013348,"20":0.036707,"22":0.006674,"23":0.016685,"25":0.043381,"26":0.056729,"29":0.006674,"31":0.056729,"32":0.013348,"33":0.006674,"34":0.006674,"35":0.123469,"36":0.884305,"38":0.023359,"39":0.030033,"40":0.03337,"41":0.010011,"43":0.110121,"44":0.006674,"45":0.020022,"46":0.020022,"47":0.023359,"48":0.013348,"49":0.610671,"50":0.016685,"51":0.096773,"52":0.23359,"53":1.084525,"54":0.280308,"55":10.287971,"56":0.296993,"57":0.060066},"5":{"4":0,"6":0.006674,"8":0.016685,"9":0.006674,"10":0.523909,"5.1":0.016685,"9.1":0.173524},"6":{"12":0.006674,"28":0.006674,"29":0.016685,"33":0.003337,"34":0.006674,"36":0.036707,"37":0.030033,"40":0.006674,"41":0.003337,"42":0.647378,"10.0-10.1":0,"11.6":0.013348,"12.1":0.016685},"7":{"8":0,"3.2":0,"4.0-4.1":0,"4.2-4.3":0,"5.0-5.1":0,"6.0-6.1":0.0177805060318,"7.0-7.1":0.0835683783495,"8.1-8.4":0.10045985908,"9.0-9.2":0.0453402903811,"9.3":0.390282107398,"10.0-10.2":3.52631885876},"8":{"0":21.2984430917},"9":{"3":0,"4":0.164459790252,"2.1":0,"2.2":0,"2.3":0,"4.1":0.531869959965,"4.2-4.3":1.62010389121,"4.4":3.67060255265,"4.4.3-4.4.4":2.05399780592},"10":{"7":0.0216515},"11":{"0":0.0466049082969,"10":0,"11":0,"12":0,"11.1":0,"11.5":0,"12.1":0},"12":{"0":16.626995},"13":{"0":0.026648},"14":{"10":0.218875805825,"11":1.03358019417},"15":{"0":10.62589},"16":{"0":4.077144}}