{"1":{"6":0.002718,"8":0.119592,"9":0.092412,"10":0.051642,"11":1.206792},"2":{"12":0.127746,"13":0.19026,"14":0.494676},"3":{"3":0.146772,"4":0.005436,"5":0.002718,"6":0.008154,"7":0.005436,"11":0.04077,"12":0.016308,"13":0.002718,"14":0.002718,"15":0.005436,"16":0.010872,"17":0.01359,"18":0.024462,"19":0.010872,"20":0.002718,"21":0.02718,"22":0.002718,"23":0.008154,"24":0.008154,"25":0.005436,"26":0.005436,"27":0.008154,"28":0.005436,"29":0.097848,"30":0.008154,"31":0.01359,"32":0.100566,"33":0.01359,"34":0.029898,"35":0.01359,"36":0.035334,"37":0.021744,"38":0.089694,"39":0.01359,"40":0.04077,"41":0.024462,"42":0.032616,"43":0.214722,"44":0.16308,"45":0.046206,"46":0.04077,"47":0.331596,"48":0.138618,"49":0.097848,"50":0.483804,"51":5.89806,"52":1.967832,"3.6":0.005436},"4":{"11":0.029898,"14":0.002718,"15":0.057078,"17":0.010872,"20":0.008154,"22":0.01359,"23":0.02718,"25":0.046206,"26":0.024462,"29":0.002718,"31":0.029898,"32":0.010872,"33":0.02718,"34":0.005436,"35":0.043488,"36":0.47565,"38":0.005436,"39":0.005436,"40":0.008154,"41":0.008154,"43":0.065232,"44":0.008154,"45":0.01359,"46":0.010872,"47":0.05436,"48":0.008154,"49":0.636012,"50":0.02718,"51":0.048924,"52":0.032616,"53":0.750168,"54":0.209286,"55":1.989576,"56":7.208136,"57":0.097848,"58":0.14949},"5":{"4":0.002718,"5":0.008154,"7":0.02718,"8":0.029898,"9":0.08154,"10":0.266364,"5.1":0.008154,"6.1":0.005436,"9.1":0.279954},"6":{"12":0.010872,"16":0.002718,"19":0.005436,"20":0.005436,"28":0.010872,"29":0.005436,"30":0.008154,"36":0.01359,"37":0.002718,"39":0.002718,"40":0.076104,"42":0.20385,"43":0.445752,"10.0-10.1":0,"10.6":0.010872,"11.5":0.008154,"11.6":0.021744,"12.1":0.01359},"7":{"8":0,"3.2":0,"4.0-4.1":0,"4.2-4.3":0,"5.0-5.1":0,"6.0-6.1":0.0278044916711,"7.0-7.1":0.122759453793,"8.1-8.4":0.167351563077,"9.0-9.2":0.0330506221751,"9.3":0.453790288594,"10.0-10.2":4.13972158069},"8":{"0":16.8500869127},"9":{"3":0,"4":0.20217457483,"2.1":0,"2.2":0,"2.3":0,"4.1":0.60652372449,"4.2-4.3":1.95300639286,"4.4":4.31440542687,"4.4.3-4.4.4":2.43418188095},"10":{"7":0.0236665},"11":{"0":0.0368710873362,"10":0,"11":0,"12":0,"11.1":0,"11.5":0,"12.1":0},"12":{"0":21.488116},"13":{"0":0.050974},"14":{"10":0.206158368932,"11":0.973525631068},"15":{"0":13.719288},"16":{"0":4.529404},"17":{}}