{"1":{"7":0.006476,"8":0.152186,"9":0.042094,"10":0.074474,"11":1.541288},"2":{"12":0.116568,"13":0.239612,"14":0.37237},"3":{"3":0.239612,"6":0.035618,"9":0.009714,"11":0.04857,"12":0.012952,"14":0.006476,"15":0.01619,"16":0.003238,"17":0.022666,"18":0.006476,"19":0.006476,"21":0.01619,"24":0.009714,"25":0.025904,"26":0.009714,"27":0.009714,"28":0.009714,"29":0.058284,"30":0.029142,"31":0.01619,"33":0.006476,"34":0.067998,"35":0.019428,"36":0.09714,"37":0.077712,"38":0.067998,"39":0.061522,"40":0.058284,"41":0.045332,"42":0.03238,"43":0.37237,"44":0.527794,"45":0.06476,"46":0.103616,"47":0.411226,"48":0.1619,"49":0.395036,"50":6.223436,"51":2.44469,"52":0.006476,"3.6":0.025904},"4":{"9":0.006476,"11":0.012952,"16":0.003238,"17":0.01619,"18":0.003238,"19":0.022666,"20":0.006476,"23":0.019428,"25":0.061522,"26":0.022666,"27":0.006476,"28":0.009714,"29":0.006476,"30":0.022666,"31":0.01619,"32":0.103616,"33":0.009714,"34":0.012952,"35":0.025904,"36":0.446844,"37":0.009714,"38":0.022666,"39":0.006476,"40":0.022666,"41":0.01619,"43":0.135996,"44":0.009714,"45":0.01619,"46":0.009714,"47":0.01619,"48":0.029142,"49":0.531032,"50":0.025904,"51":0.123044,"52":1.097682,"53":0.152186,"54":5.362128,"55":5.708594,"56":0.119806,"57":0.029142},"5":{"4":0,"5":0.006476,"6":0.006476,"7":0.006476,"8":0.071236,"9":0.051808,"10":0.514842,"5.1":0.009714,"6.1":0.006476,"7.1":0.006476,"9.1":0.071236},"6":{"12":0.006476,"18":0.003238,"20":0.006476,"21":0.035618,"28":0.009714,"29":0.006476,"33":0.022666,"34":0.022666,"36":0.17809,"37":0.06476,"38":0.003238,"40":0.01619,"41":0.401512,"42":0.22666,"10.0-10.1":0,"11.6":0.071236,"12.1":0.003238},"7":{"8":0,"3.2":0,"4.0-4.1":0,"4.2-4.3":0,"5.0-5.1":0,"6.0-6.1":0,"7.0-7.1":0.0638778665427,"8.1-8.4":0.0969712190889,"9.0-9.2":0.0650322858176,"9.3":0.412127681128,"10.0-10.2":3.08730194742},"8":{"0":26.7038977396},"9":{"3":0,"4":0.182852501267,"2.1":0,"2.2":0,"2.3":0,"4.1":0.600801075591,"4.2-4.3":1.72030618539,"4.4":3.96677977238,"4.4.3-4.4.4":2.36588746537},"10":{"7":0.03211475},"11":{"0":2.0371132604,"10":0,"11":0,"12":0,"11.1":0,"11.5":0,"12.1":0},"12":{"0":14.944677},"13":{"0":0.020283},"14":{"10":0.2826098,"11":1.1304392},"15":{"0":6.591975},"16":{"0":3.062733}}