{"1":{"7":0.00546980314961,"8":0.13565111811,"9":0.0131275275591,"10":0.114865866142,"11":0.425550685039},"2":{"12":0.136779,"13":0.052773,"14":0.201399},"3":{"3":0.040926,"4":0.007539,"5":0.001077,"6":0.002154,"8":0.003231,"10":0.005385,"11":0.01077,"12":0.002154,"15":0.005385,"16":0.004308,"17":0.005385,"18":0.002154,"19":0.007539,"20":0.011847,"21":0.005385,"22":0.026925,"23":0.028002,"24":0.006462,"25":0.005385,"26":0.006462,"27":0.003231,"28":0.009693,"29":0.019386,"30":0.031233,"31":0.009693,"32":0.018309,"33":0.029079,"34":0.016155,"35":0.023694,"36":0.006462,"37":0.006462,"38":0.03231,"39":0.029079,"40":0.02154,"41":0.044157,"42":0.026925,"43":0.104469,"44":0.02154,"45":0.049542,"46":0.017232,"47":0.30156,"48":0.072159,"49":0.095853,"50":0.136779,"51":1.896597,"52":0.017232,"53":0.002154,"3.5":0.004308,"3.6":0.008616},"4":{"11":0.031233,"12":0.001077,"14":0.001077,"16":0.011847,"20":0.002154,"25":0.011847,"26":0.002154,"28":0.011847,"29":0.019386,"30":0.001077,"31":0.019386,"32":0.072159,"33":0.072159,"34":0.002154,"35":0.023694,"36":0.009693,"37":0.001077,"38":0.008616,"39":0.002154,"40":0.005385,"41":0.001077,"42":0.006462,"43":0.144318,"44":0.002154,"45":0.109854,"46":0.006462,"47":0.017232,"48":0.006462,"49":0.176628,"50":0.077544,"51":0.044157,"52":0.044157,"53":0.292944,"54":0.037695,"55":1.013457,"56":2.568645,"57":0.007539,"58":0.006462},"5":{"4":0,"5":0.003231,"7":0.001077,"8":0.037695,"9":0.012924,"10":0.214323,"5.1":0.006462,"9.1":0.102315},"6":{"11":0.009693,"12":0.002154,"15":0.002154,"17":0.001077,"19":0.001077,"20":0.001077,"25":0.001077,"28":0.020463,"29":0.018309,"30":0.005385,"31":0.001077,"32":0.003231,"33":0.012924,"34":0.001077,"35":0.001077,"36":0.002154,"37":0.020463,"38":0.002154,"39":0.008616,"40":0.001077,"41":0.011847,"42":0.132471,"43":0.149703,"44":0.007539,"10.0-10.1":0,"10.6":0.001077,"11.6":0.002154,"12.1":0.006462},"7":{"8":0,"3.2":0,"4.0-4.1":0,"4.2-4.3":0,"5.0-5.1":0,"6.0-6.1":0.00918137697613,"7.0-7.1":0.0405366455172,"8.1-8.4":0.0552614953846,"9.0-9.2":0.0109137122546,"9.3":0.149847001592,"10.0-10.2":1.36698576828},"8":{"0":29.9124660262},"9":{"3":0,"4":0.132388520408,"2.1":0,"2.2":0,"2.3":0,"4.1":0.397165561224,"4.2-4.3":1.27887310714,"4.4":2.82517102551,"4.4.3-4.4.4":1.59395778571},"10":{"7":0.008922},"11":{"0":0.0654539737991,"10":0,"11":0,"12":0,"11.1":0,"11.5":0,"12.1":0},"12":{"0":42.92538},"13":{"0":0.562086},"14":{"10":0.0888735145631,"11":0.419680485437},"15":{"0":3.675864},"16":{"0":1.846854},"17":{}}