{"1":{"8":0.14278,"9":0.12331,"10":0.27907,"11":4.84154},"2":{"12":0.31152,"13":0.55814,"14":3.93294},"3":{"13":0.01298,"16":0.11682,"20":0.00649,"24":0.01298,"25":0.02596,"26":0.00649,"30":0.01947,"38":0.05192,"39":0.0649,"40":0.01298,"41":0.00649,"42":0.03894,"43":0.09735,"44":0.01298,"45":0.11033,"46":0.05841,"47":0.23364,"48":0.46728,"49":0.31801,"50":8.23581,"51":0.01947,"3.6":0.12331},"4":{"11":0.03894,"14":0.03894,"22":0.28556,"28":0.00649,"30":0.01298,"31":0.01298,"32":0.0649,"33":0.03894,"34":0.01298,"35":0.03245,"36":0.1298,"37":0.05192,"38":0.01947,"39":0.03245,"40":0.03245,"42":0.07788,"43":0.05192,"44":0.03245,"45":0.00649,"46":0.05841,"47":0.07139,"48":0.05192,"49":1.16171,"50":0.05841,"51":0.23364,"52":0.31152,"53":0.40887,"54":16.0303,"55":14.67389,"56":0.05192,"57":0.01298},"5":{"4":0.01947,"5":0.12331,"6":0.05192,"7":0.09086,"8":0.25311,"9":0.48026,"10":3.75771,"5.1":0.33099,"6.1":0.36344,"7.1":0.01298,"9.1":2.01839},"6":{"35":0.02596,"36":0.03245,"41":0.37642,"42":0.1947,"10.0-10.1":0,"12.1":0.0649},"7":{"8":0,"3.2":0,"4.0-4.1":0,"4.2-4.3":0,"5.0-5.1":0,"6.0-6.1":0,"7.0-7.1":0.133913696932,"8.1-8.4":0.203290672451,"9.0-9.2":0.136333823985,"9.3":0.863985357918,"10.0-10.2":6.47222644871},"8":{"0":0.123926255778},"9":{"3":0,"4":0.0395112162162,"2.1":0,"2.2":0,"2.3":0,"4.1":0.129822567568,"4.2-4.3":0.371727972973,"4.4":0.857151486486,"4.4.3-4.4.4":0.511226756757},"10":{"7":0.01053},"11":{"0":0.00945374422188,"10":0,"11":0,"12":0,"11.1":0,"11.5":0,"12.1":0},"12":{"0":21.40805},"13":{"0":0.02457},"14":{"10":0.061776,"11":0.247104},"15":{"0":0.05967},"16":{"0":4.30677}}