{"1":{"8":0.099088,"9":0.105281,"10":0.216755,"11":4.044029},"2":{"12":0.24772,"13":0.470668,"14":3.567168},"3":{"8":0.024772,"13":0.006193,"24":0.018579,"25":0.030965,"26":0.006193,"29":0.012386,"30":0.024772,"35":0.006193,"37":0.012386,"38":0.06193,"39":0.012386,"40":0.012386,"41":0.006193,"42":0.037158,"43":0.080509,"44":0.012386,"45":0.12386,"46":0.105281,"47":0.179597,"48":0.507826,"49":0.099088,"50":7.289161,"51":0.941336,"52":0.006193,"3.6":0.043351},"4":{"11":0.037158,"14":0.12386,"22":0.204369,"27":0.006193,"30":0.030965,"32":0.086702,"33":0.024772,"34":0.012386,"35":0.055737,"36":0.074316,"37":0.024772,"38":0.018579,"39":0.012386,"40":0.012386,"42":0.06193,"43":0.043351,"44":0.024772,"45":0.012386,"46":0.030965,"47":0.043351,"48":0.049544,"49":1.294337,"50":0.06193,"51":0.507826,"52":0.204369,"53":0.365387,"54":0.303457,"55":28.964661,"56":0.414931,"57":0.018579},"5":{"4":0,"5":0.055737,"6":0.030965,"7":0.049544,"8":0.253913,"9":0.222948,"10":4.384644,"5.1":0.173404,"6.1":0.235334,"9.1":2.031304},"6":{"29":0.012386,"31":0.012386,"36":0.055737,"38":0.068123,"42":0.464475,"10.0-10.1":0,"12.1":0.055737},"7":{"8":0,"3.2":0,"4.0-4.1":0,"4.2-4.3":0,"5.0-5.1":0,"6.0-6.1":0.0333670033095,"7.0-7.1":0.156824915555,"8.1-8.4":0.188523568699,"9.0-9.2":0.0850858584392,"9.3":0.732405722643,"10.0-10.2":6.61751093135},"8":{"0":0.102537628821},"9":{"3":0,"4":0.036274591819,"2.1":0,"2.2":0,"2.3":0,"4.1":0.117313573542,"4.2-4.3":0.357343319408,"4.4":0.809618017406,"4.4.3-4.4.4":0.453046497824},"10":{"7":0.0085635},"11":{"0":0.000224371179039,"10":0,"11":0,"12":0,"11.1":0,"11.5":0,"12.1":0},"12":{"0":24.242636},"13":{"0":0.01903},"14":{"10":0.0452285825243,"11":0.213579417476},"15":{"0":0.041866},"16":{"0":4.350258}}