{"1":{"8":0.436378186704,"9":0.0655697793494,"10":0.248712956153,"11":2.43512594342},"2":{"12":0.109858,"13":0.163666,"14":0.197296},"3":{"3":0.16815,"4":0.105374,"5":0.107616,"6":0.020178,"8":0.02242,"9":0.015694,"10":0.002242,"11":0.013452,"12":0.026904,"13":0.047082,"15":0.029146,"16":0.01121,"17":0.058292,"19":0.004484,"20":0.008968,"21":0.002242,"22":0.008968,"23":0.026904,"24":0.062776,"29":0.01121,"30":0.769006,"31":0.320606,"32":0.017936,"33":0.024662,"34":0.015694,"35":0.062776,"36":0.035872,"37":0.094164,"38":0.062776,"39":0.006726,"40":0.040356,"41":0.07847,"42":0.01121,"43":0.443916,"44":0.07847,"45":0.076228,"46":0.121068,"47":0.710714,"48":0.264556,"49":0.163666,"50":2.508798,"51":0.125552,"3.6":0.058292},"4":{"5":0.002242,"11":0.029146,"17":0.004484,"18":0.013452,"21":0.02242,"25":0.002242,"27":0.004484,"28":0.006726,"29":0.004484,"31":0.051566,"32":0.013452,"34":0.060534,"35":0.006726,"38":0.002242,"39":0.02242,"41":0.004484,"42":0.132278,"43":0.029146,"44":0.01121,"45":0.21299,"46":0.006726,"47":0.008968,"48":0.141246,"49":0.77349,"50":0.125552,"51":0.114342,"52":0.242136,"53":0.174876,"54":4.333786,"55":3.342822,"56":0.015694,"57":0.006726},"5":{"4":0,"8":0.058292,"9":0.047082,"10":0.630002,"7.1":0.002242,"9.1":0.06726},"6":{"29":0.002242,"34":0.013452,"36":0.024662,"37":0.004484,"39":0.004484,"40":0.006726,"41":0.239894,"42":0.174876,"10.0-10.1":0,"11.5":0.004484,"12.1":0.01121},"7":{"8":0,"3.2":0,"4.0-4.1":0,"4.2-4.3":0,"5.0-5.1":0,"6.0-6.1":0,"7.0-7.1":0.0250089519678,"8.1-8.4":0.0379653969631,"9.0-9.2":0.0254609209792,"9.3":0.161352937093,"10.0-10.2":1.208715793},"8":{"0":27.2539257227},"9":{"3":0,"4":0.114138919764,"2.1":0,"2.2":0,"2.3":0,"4.1":0.375027879223,"4.2-4.3":1.07383759206,"4.4":2.47611574916,"4.4.3-4.4.4":1.4768178598},"10":{"7":0.0174555},"11":{"0":2.07907227735,"10":0,"11":0,"12":0,"11.1":0,"11.5":0,"12.1":0},"12":{"0":15.821126},"13":{"0":0.046548},"14":{"10":0.0341352,"11":0.1365408},"15":{"0":23.173146},"16":{"0":2.125692}}