{"1":{"7":0.00698891489362,"8":0.747813893617,"9":0.108328180851,"10":0.160745042553,"11":3.5608521383},"2":{"12":0.123732,"13":0.384944,"14":0.230279},"3":{"3":0.192472,"5":0.017185,"6":0.013748,"10":0.006874,"12":0.024059,"13":0.017185,"15":0.013748,"16":0.017185,"17":0.013748,"18":0.003437,"19":0.003437,"20":0.017185,"21":0.085925,"22":0.003437,"23":0.006874,"24":0.178724,"26":0.319641,"28":0.006874,"29":0.020622,"30":1.147958,"31":0.319641,"32":0.058429,"33":0.079051,"34":0.037807,"35":0.185598,"36":0.017185,"37":0.096236,"38":0.10311,"39":0.013748,"40":0.030933,"41":0.144354,"42":0.027496,"43":0.525861,"44":0.044681,"45":0.192472,"46":0.151228,"47":0.54992,"48":0.041244,"49":0.292145,"50":4.224073,"51":0.539609,"52":0.010311,"3.5":0.013748,"3.6":0.051555},"4":{"10":0.006874,"11":0.054992,"19":0.065303,"25":0.020622,"26":0.003437,"27":0.006874,"29":0.024059,"31":0.061866,"32":0.020622,"33":0.006874,"34":0.013748,"35":0.017185,"36":0.006874,"37":0.010311,"38":0.013748,"39":0.003437,"40":0.010311,"41":0.006874,"42":0.079051,"43":0.061866,"44":0.03437,"45":0.182161,"46":0.017185,"47":0.003437,"48":0.144354,"49":0.573979,"50":0.144354,"51":0.237153,"52":0.113421,"53":0.384944,"54":0.182161,"55":13.290879,"56":0.123732,"57":0.024059},"5":{"4":0,"5":0.003437,"6":0.010311,"8":0.037807,"9":0.299019,"10":0.79051,"9.1":0.158102},"6":{"26":0.006874,"29":0.003437,"35":0.013748,"36":0.037807,"37":0.013748,"38":0.003437,"40":0.006874,"41":0.017185,"42":0.690837,"10.0-10.1":0,"11.5":0.003437,"12.1":0.027496},"7":{"8":0,"3.2":0,"4.0-4.1":0,"4.2-4.3":0,"5.0-5.1":0,"6.0-6.1":0.00924718693285,"7.0-7.1":0.0434617785844,"8.1-8.4":0.0522466061706,"9.0-9.2":0.0235803266788,"9.3":0.202975753176,"10.0-10.2":1.83394834846},"8":{"0":23.2835233712},"9":{"3":0,"4":0.111662510009,"2.1":0,"2.2":0,"2.3":0,"4.1":0.361121308964,"4.2-4.3":1.09999451349,"4.4":2.49221219147,"4.4.3-4.4.4":1.39459347607},"10":{"7":0.013124},"11":{"0":0.050948628821,"10":0,"11":0,"12":0,"11.1":0,"11.5":0,"12.1":0},"12":{"0":22.007962},"13":{"0":0.039372},"14":{"10":0.0768327378641,"11":0.362821262136},"15":{"0":9.226172},"16":{"0":2.880718}}