{"1":{"6":0.051072,"7":0.116736,"8":0.503424,"9":0.277248,"10":0.269952,"11":3.217536},"2":{"12":0.03648,"13":0.10944,"14":1.481088},"3":{"4":0.094848,"5":0.094848,"6":0.094848,"10":0.007296,"12":0.080256,"16":0.007296,"30":0.007296,"31":0.014592,"33":0.014592,"34":0.014592,"35":0.014592,"36":0.014592,"37":0.021888,"38":0.029184,"39":0.029184,"40":0.021888,"41":0.029184,"42":0.080256,"43":0.087552,"44":0.029184,"45":0.094848,"46":0.051072,"47":0.248064,"48":0.306432,"49":0.131328,"50":0.561792,"51":13.453824,"52":0.087552,"54":0.014592,"3.6":0.029184},"4":{"11":0.094848,"13":0.007296,"16":0.094848,"22":0.131328,"23":0.014592,"26":0.029184,"30":0.029184,"31":0.03648,"32":0.029184,"33":0.014592,"34":0.07296,"35":0.051072,"36":0.153216,"37":0.021888,"38":0.058368,"39":0.07296,"40":0.03648,"41":0.021888,"42":0.014592,"43":0.087552,"44":0.065664,"45":0.021888,"46":0.058368,"47":0.14592,"48":0.087552,"49":4.727808,"50":0.094848,"51":0.240768,"52":0.080256,"53":0.262656,"54":0.211584,"55":8.726016,"56":29.570688,"57":0.087552,"58":0.058368},"5":{"4":0,"5":0.051072,"7":0.014592,"8":0.03648,"9":0.043776,"10":0.751488,"5.1":0.160512,"6.1":0.021888,"9.1":0.204288},"6":{"12":0.175104,"26":0.014592,"31":0.014592,"36":0.116736,"38":0.029184,"42":0.211584,"43":0.459648,"10.0-10.1":0,"12.1":0.07296},"7":{"8":0,"3.2":0,"4.0-4.1":0,"4.2-4.3":0,"5.0-5.1":0,"6.0-6.1":0.0197519668966,"7.0-7.1":0.0872067972414,"8.1-8.4":0.11888448,"9.0-9.2":0.0234787531034,"9.3":0.322367006897,"10.0-10.2":2.94080699586},"8":{"0":0.186168628821},"9":{"3":0,"4":0.0440319727891,"2.1":0,"2.2":0,"2.3":0,"4.1":0.132095918367,"4.2-4.3":0.425348857143,"4.4":0.93964229932,"4.4.3-4.4.4":0.530144952381},"10":{"7":0.00338},"11":{"0":0.000407371179039,"10":0,"11":0,"12":0,"11.1":0,"11.5":0,"12.1":0},"12":{"0":18.702272},"13":{"0":0.018928},"14":{"10":0.0968714563107,"11":0.457448543689},"15":{"0":0.143312},"16":{"0":2.320032},"17":{}}