{"1":{"6":0.0514796566667,"7":0.11031355,"8":0.470671146667,"9":0.28681523,"10":0.257398283333,"11":3.23586413333},"2":{"12":0.044052,"13":0.14684,"14":1.409664},"3":{"4":0.088104,"5":0.088104,"6":0.088104,"10":0.007342,"11":0.007342,"12":0.102788,"16":0.007342,"20":0.007342,"30":0.007342,"31":0.007342,"33":0.007342,"34":0.014684,"35":0.014684,"36":0.014684,"37":0.022026,"38":0.03671,"39":0.051394,"40":0.022026,"41":0.022026,"42":0.088104,"43":0.102788,"44":0.044052,"45":0.095446,"46":0.044052,"47":0.278996,"48":0.286338,"49":0.18355,"50":12.598872,"51":1.696002,"52":0.022026,"53":0.007342,"3.6":0.03671},"4":{"11":0.07342,"16":0.088104,"22":0.11013,"23":0.014684,"26":0.029368,"30":0.029368,"31":0.03671,"32":0.029368,"33":0.014684,"34":0.07342,"35":0.080762,"36":0.198234,"37":0.022026,"38":0.051394,"39":0.058736,"40":0.029368,"41":0.014684,"42":0.022026,"43":0.102788,"44":0.080762,"45":0.022026,"46":0.058736,"47":0.161524,"48":0.095446,"49":4.897114,"50":0.102788,"51":0.249628,"52":0.124814,"53":0.337732,"54":0.345074,"55":37.275334,"56":0.499256,"57":0.051394},"5":{"4":0,"5":0.07342,"7":0.014684,"8":0.03671,"9":0.044052,"10":0.712174,"5.1":0.168866,"6.1":0.022026,"9.1":0.212918},"6":{"12":0.242286,"26":0.022026,"31":0.007342,"36":0.102788,"37":0.014684,"38":0.029368,"41":0.007342,"42":0.66078,"43":0.007342,"10.0-10.1":0,"12.1":0.102788},"7":{"8":0,"3.2":0,"4.0-4.1":0,"4.2-4.3":0,"5.0-5.1":0,"6.0-6.1":0.0144437322515,"7.0-7.1":0.0678855415822,"8.1-8.4":0.0816070872211,"9.0-9.2":0.0368315172414,"9.3":0.317039922921,"10.0-10.2":2.86455319878},"8":{"0":0.193537504367},"9":{"3":0,"4":0.0446695117493,"2.1":0,"2.2":0,"2.3":0,"4.1":0.144463101828,"4.2-4.3":0.440042211488,"4.4":0.99698548564,"4.4.3-4.4.4":0.557893689295},"10":{"7":0.00332125},"11":{"0":0.000423495633188,"10":0,"11":0,"12":0,"11.1":0,"11.5":0,"12.1":0},"12":{"0":18.387243},"13":{"0":0.021256},"14":{"10":0.101223961165,"11":0.478002038835},"15":{"0":0.156763},"16":{"0":2.250479}}