{"1":{"7":0.00482026415094,"8":0.144607924528,"9":0.0915850188679,"10":0.130147132075,"11":1.16168366038},"2":{"12":0.070965,"13":0.14193,"14":0.463638},"3":{"3":0.052041,"12":0.004731,"16":0.004731,"21":0.009462,"27":0.004731,"30":0.004731,"34":0.004731,"35":0.009462,"36":0.004731,"37":0.014193,"38":0.018924,"39":0.018924,"40":0.009462,"41":0.014193,"42":0.018924,"43":0.085158,"44":0.028386,"45":0.070965,"46":0.033117,"47":0.170316,"48":0.217626,"49":0.18924,"50":3.709104,"51":0.037848,"52":0.009462,"3.6":0.009462},"4":{"11":0.018924,"18":0.009462,"21":0.037848,"22":0.033117,"23":0.004731,"26":0.014193,"28":0.004731,"29":0.009462,"31":0.042579,"32":0.023655,"33":0.009462,"34":0.028386,"35":0.014193,"36":0.042579,"37":0.023655,"38":0.037848,"39":0.028386,"40":0.033117,"41":0.009462,"42":0.018924,"43":0.070965,"44":0.070965,"45":0.023655,"46":0.037848,"47":0.056772,"48":0.052041,"49":1.949172,"50":0.099351,"51":0.156123,"52":0.127737,"53":0.411597,"54":15.531873,"55":13.147449,"56":0.037848,"57":0.014193},"5":{"4":0.009462,"5":0.028386,"6":0.014193,"7":0.028386,"8":0.269667,"9":0.23655,"10":1.405107,"5.1":0.061503,"6.1":0.042579,"7.1":0.014193,"9.1":0.728574},"6":{"29":0.009462,"30":0.004731,"34":0.009462,"35":0.004731,"36":0.023655,"37":0.056772,"38":0.004731,"41":0.250743,"42":0.104082,"10.0-10.1":0},"7":{"8":0,"3.2":0,"4.0-4.1":0,"4.2-4.3":0,"5.0-5.1":0,"6.0-6.1":0,"7.0-7.1":0.0638756717281,"8.1-8.4":0.0969678872017,"9.0-9.2":0.0650300513377,"9.3":0.412113520607,"10.0-10.2":3.08719586913},"8":{"0":4.67034742373},"9":{"3":0,"4":0.109029138514,"2.1":0,"2.2":0,"2.3":0,"4.1":0.358238597973,"4.2-4.3":1.02576393581,"4.4":2.36526478041,"4.4.3-4.4.4":1.4107035473},"10":{"7":0.05400725},"11":{"0":0.356278576271,"10":0,"11":0,"12":0,"11.1":0,"11.5":0,"12.1":0},"12":{"0":34.780679},"13":{"0":0.015807},"14":{"10":0.1232946,"11":0.4931784},"15":{"0":2.861067},"16":{"0":4.231007}}