{"1":{"6":0.0106519590444,"7":0.00532597952218,"8":0.186409283276,"9":0.0798896928328,"10":0.117171549488,"11":1.16106353584},"2":{"12":0.100168,"13":0.15816,"14":0.595736},"3":{"3":0.047448,"12":0.005272,"13":0.010544,"21":0.005272,"27":0.010544,"32":0.005272,"33":0.005272,"35":0.010544,"37":0.015816,"38":0.02636,"39":0.031632,"40":0.010544,"41":0.010544,"42":0.021088,"43":0.07908,"44":0.02636,"45":0.094896,"46":0.031632,"47":0.121256,"48":0.226696,"49":0.084352,"50":0.221424,"51":3.906552,"52":0.02636,"53":0.010544,"3.6":0.015816},"4":{"11":0.021088,"18":0.005272,"21":0.010544,"22":0.031632,"26":0.015816,"27":0.010544,"29":0.010544,"30":0.005272,"31":0.031632,"32":0.047448,"33":0.005272,"34":0.02636,"35":0.042176,"36":0.10544,"37":0.02636,"38":0.031632,"39":0.031632,"40":0.031632,"41":0.021088,"42":0.015816,"43":0.05272,"44":0.047448,"45":0.02636,"46":0.036904,"47":0.057992,"48":0.036904,"49":2.050808,"50":0.100168,"51":0.110712,"52":0.094896,"53":0.247784,"54":0.200336,"55":7.676032,"56":26.78176,"57":0.063264,"58":0.02636},"5":{"4":0.010544,"5":0.02636,"6":0.02636,"7":0.021088,"8":0.284688,"9":0.2636,"10":2.114072,"5.1":0.05272,"6.1":0.031632,"7.1":0.021088,"9.1":0.68536,"10.1":0.010544},"6":{"25":0.005272,"34":0.005272,"36":0.02636,"37":0.02636,"42":0.121256,"43":0.231968,"10.0-10.1":0,"12.1":0.005272},"7":{"8":0,"3.2":0,"4.0-4.1":0,"4.2-4.3":0,"5.0-5.1":0,"6.0-6.1":0.0178399855703,"7.0-7.1":0.0787652193103,"8.1-8.4":0.107376516923,"9.0-9.2":0.0212060205836,"9.3":0.291162028647,"10.0-10.2":2.65613822897},"8":{"0":2.5239571179},"9":{"3":0,"4":0.087443877551,"2.1":0,"2.2":0,"2.3":0,"4.1":0.262331632653,"4.2-4.3":0.844707857143,"4.4":1.86605234694,"4.4.3-4.4.4":1.05282428571},"10":{"7":0.039006},"11":{"0":0.00552288209607,"10":0,"11":0,"12":0,"11.1":0,"11.5":0,"12.1":0},"12":{"0":32.352776},"13":{"0":0.009456},"14":{"10":0.085104,"11":0.40188},"15":{"0":3.016464},"16":{"0":3.867504},"17":{}}