{"1":{"7":0.00935920863309,"8":0.131028920863,"9":0.168465755396,"10":0.131028920863,"11":3.46290719424},"2":{"12":0.088806,"13":0.696426,"14":2.603418},"3":{"6":0.042066,"10":0.009348,"11":0.018696,"23":0.009348,"37":0.004674,"38":0.014022,"39":0.004674,"40":0.009348,"43":0.018696,"44":0.014022,"45":0.009348,"46":0.018696,"47":0.135546,"48":0.16359,"49":0.11685,"50":4.430952,"51":0.04674},"4":{"18":0.009348,"21":0.009348,"22":0.009348,"26":0.009348,"32":0.009348,"34":0.037392,"35":0.014022,"37":0.004674,"38":0.014022,"39":0.014022,"40":0.004674,"41":0.004674,"43":0.028044,"44":0.028044,"45":0.04674,"46":0.004674,"47":0.042066,"48":0.014022,"49":1.439592,"50":0.060762,"51":0.042066,"52":0.084132,"53":0.18696,"54":12.83013,"55":11.904678,"56":0.154242,"57":0.042066},"5":{"4":0,"5":0.037392,"6":0.037392,"7":0.018696,"8":0.182286,"9":0.285114,"10":3.211038,"5.1":0.07011,"6.1":0.084132,"7.1":0.009348,"9.1":1.252632},"6":{"33":0.004674,"36":0.018696,"37":0.04674,"41":0.04674,"42":0.065436,"43":0.018696,"10.0-10.1":0},"7":{"8":0,"3.2":0,"4.0-4.1":0,"4.2-4.3":0,"5.0-5.1":0,"6.0-6.1":0,"7.0-7.1":0.428861557277,"8.1-8.4":0.651042845987,"9.0-9.2":0.436612067348,"9.3":2.76693209544,"10.0-10.2":20.7274474339},"8":{"0":0.618562788906},"9":{"3":0,"4":0.039124058277,"2.1":0,"2.2":0,"2.3":0,"4.1":0.128550477196,"4.2-4.3":0.368085527872,"4.4":0.848752529561,"4.4.3-4.4.4":0.506217407095},"10":{"7":0.002663},"11":{"0":0.047187211094,"10":0,"11":0,"12":0,"11.1":0,"11.5":0,"12.1":0},"12":{"0":19.630584},"13":{"0":0.05326},"14":{"10":0.0085216,"11":0.0340864},"15":{"0":0.15978},"16":{"0":6.412504}}