{"1":{"7":0.004554,"8":0.15939,"9":0.141174,"10":0.11385,"11":3.451932},"2":{"12":0.109296,"13":0.418968,"14":2.70963},"3":{"6":0.018216,"11":0.040986,"23":0.004554,"33":0.004554,"38":0.013662,"39":0.009108,"40":0.018216,"41":0.009108,"43":0.02277,"45":0.004554,"46":0.027324,"47":0.154836,"48":0.168498,"49":0.095634,"50":3.684186,"51":0.459954,"52":0.009108},"4":{"11":0.009108,"18":0.009108,"21":0.013662,"22":0.013662,"34":0.018216,"36":0.036432,"37":0.004554,"38":0.013662,"39":0.009108,"40":0.013662,"41":0.009108,"43":0.054648,"44":0.050094,"45":0.050094,"46":0.009108,"47":0.040986,"48":0.018216,"49":1.384416,"50":0.050094,"51":0.327888,"52":0.063756,"53":0.173052,"54":0.551034,"55":23.284602,"56":0.336996,"57":0.072864},"5":{"4":0,"5":0.04554,"6":0.02277,"7":0.02277,"8":0.168498,"9":0.218592,"10":3.078504,"5.1":0.09108,"6.1":0.109296,"9.1":1.051974},"6":{"36":0.009108,"37":0.027324,"42":0.06831,"43":0.031878,"44":0.009108,"10.0-10.1":0},"7":{"8":0,"3.2":0,"4.0-4.1":0,"4.2-4.3":0,"5.0-5.1":0,"6.0-6.1":0.113815411551,"7.0-7.1":0.534932434291,"8.1-8.4":0.643057075264,"9.0-9.2":0.290229299456,"9.3":2.49824828355,"10.0-10.2":22.5724414959},"8":{"0":0.461899279476},"9":{"3":0,"4":0.036534175805,"2.1":0,"2.2":0,"2.3":0,"4.1":0.118153079199,"4.2-4.3":0.359900497824,"4.4":0.815411711053,"4.4.3-4.4.4":0.456288536118},"10":{"7":0.0013615},"11":{"0":0.00101072052402,"10":0,"11":0,"12":0,"11.1":0,"11.5":0,"12.1":0},"12":{"0":19.440956},"13":{"0":0.021784},"14":{"10":0.0114207378641,"11":0.0539312621359},"15":{"0":0.147042},"16":{"0":6.469848}}