{"1":{"7":0.004568,"8":0.1142,"9":0.118768,"10":0.155312,"11":3.316368},"2":{"12":0.13704,"13":0.2284,"14":3.206736},"3":{"6":0.04568,"11":0.009136,"36":0.004568,"38":0.018272,"39":0.004568,"40":0.018272,"41":0.004568,"43":0.013704,"44":0.009136,"45":0.004568,"46":0.02284,"47":0.127904,"48":0.123336,"49":0.027408,"50":0.43396,"51":4.440096,"52":0.054816},"4":{"11":0.013704,"22":0.009136,"31":0.009136,"35":0.004568,"36":0.009136,"38":0.027408,"39":0.009136,"43":0.073088,"44":0.018272,"45":0.04568,"46":0.004568,"47":0.036544,"48":0.013704,"49":1.155704,"50":0.041112,"51":0.041112,"52":0.059384,"53":0.123336,"54":0.15988,"55":6.92052,"56":17.527416,"57":0.1142,"58":0.082224},"5":{"4":0,"5":0.04568,"6":0.027408,"7":0.02284,"8":0.232968,"9":0.155312,"10":3.256984,"5.1":0.086792,"6.1":0.1142,"9.1":1.009528,"10.1":0.031976},"6":{"37":0.009136,"42":0.050248,"43":0.04568,"44":0.009136,"10.0-10.1":0,"12.1":0.004568},"7":{"8":0,"3.2":0,"4.0-4.1":0,"4.2-4.3":0,"5.0-5.1":0,"6.0-6.1":0.145093474801,"7.0-7.1":0.64060137931,"8.1-8.4":0.873298461538,"9.0-9.2":0.172469602122,"9.3":2.36803501326,"10.0-10.2":21.602502069},"8":{"0":0.466132017467},"9":{"3":0,"4":0.0347583333333,"2.1":0,"2.2":0,"2.3":0,"4.1":0.104275,"4.2-4.3":0.3357655,"4.4":0.741742833333,"4.4.3-4.4.4":0.418490333333},"10":{"7":0.002716},"11":{"0":0.00101998253275,"10":0,"11":0,"12":0,"11.1":0,"11.5":0,"12.1":0},"12":{"0":20.746928},"13":{"0":0.048888},"14":{"10":0.00759425242718,"11":0.0358617475728},"15":{"0":0.331352},"16":{"0":5.573232},"17":{}}