{"1":{"6":0.0038558731849,"7":0.0077117463698,"8":0.131099688287,"9":0.443425416263,"10":0.813589242014,"11":2.58343503388},"2":{"12":0.180527,"13":0.053774,"14":0.122912},"3":{"2":0.011523,"3":0.049933,"4":0.03841,"5":0.049933,"10":0.003841,"11":0.015364,"12":0.011523,"13":0.019205,"15":0.23046,"16":0.023046,"17":0.026887,"21":0.011523,"23":0.030728,"24":0.007682,"29":0.03841,"31":0.011523,"33":0.103707,"34":0.003841,"35":0.11523,"37":0.011523,"38":0.003841,"39":0.003841,"40":0.003841,"41":0.046092,"42":0.026887,"43":0.122912,"44":0.864225,"45":0.026887,"47":0.215096,"48":0.103707,"49":0.357213,"50":0.80661,"51":9.90978,"52":0.222778,"3.6":0.126753},"4":{"7":0.011523,"11":0.103707,"16":0.019205,"19":0.003841,"20":0.003841,"22":0.011523,"23":0.003841,"25":0.069138,"26":0.046092,"27":0.007682,"29":0.011523,"30":0.019205,"33":0.099866,"34":0.026887,"35":0.007682,"36":0.046092,"37":0.019205,"39":0.026887,"40":0.023046,"41":0.007682,"42":0.007682,"43":1.34435,"44":0.011523,"45":0.176686,"46":0.026887,"47":1.014024,"48":0.011523,"49":0.134435,"50":0.257347,"51":0.176686,"52":0.042251,"53":0.092184,"54":0.165163,"55":4.68602,"56":8.292719,"57":0.026887,"58":0.103707},"5":{"4":0,"5":0.003841,"7":0.007682,"8":0.019205,"9":0.080661,"10":0.092184,"5.1":0.099866,"9.1":0.011523},"6":{"21":0.003841,"27":0.019205,"34":0.134435,"40":0.003841,"42":0.119071,"43":0.399464,"10.0-10.1":0,"12.1":0.019205},"7":{"8":0,"3.2":0,"4.0-4.1":0,"4.2-4.3":0,"5.0-5.1":0,"6.0-6.1":0.0064062801061,"7.0-7.1":0.0282843310345,"8.1-8.4":0.0385585538462,"9.0-9.2":0.00761501220159,"9.3":0.10455532626,"10.0-10.2":0.953810496552},"8":{"0":18.6671568297},"9":{"3":0,"4":0.13104077381,"2.1":0,"2.2":0,"2.3":0,"4.1":0.393122321429,"4.2-4.3":1.265853875,"4.4":2.7964101131,"4.4.3-4.4.4":1.57773091667},"10":{"7":0.0046185},"11":{"0":0.0408471703057,"10":0,"11":0,"12":0,"11.1":0,"11.5":0,"12.1":0},"12":{"0":27.546924},"13":{"0":1.157704},"14":{"10":0.432614446602,"11":2.0429015534},"15":{"0":2.530938},"16":{"0":2.758784},"17":{}}