{"1":{"8":0.325543901235,"9":0.597426719848,"10":0.647510396961,"11":2.19652698196},"2":{"12":0.21084,"13":0.045682,"14":0.077308},"3":{"3":0.066766,"4":0.010542,"5":0.007028,"8":0.007028,"10":0.010542,"11":0.010542,"12":0.014056,"13":0.024598,"15":0.217868,"16":0.021084,"18":0.01757,"21":0.010542,"23":0.045682,"24":0.007028,"26":0.021084,"27":0.007028,"28":0.007028,"29":0.049196,"30":0.010542,"31":0.007028,"32":0.024598,"33":0.10542,"35":0.01757,"37":0.03514,"38":0.063252,"39":0.003514,"42":0.007028,"43":0.080822,"44":1.163134,"47":0.470876,"48":0.056224,"49":0.312746,"50":5.801614,"51":0.832818,"52":0.010542,"3.6":0.031626},"4":{"5":0.007028,"10":0.007028,"11":0.10542,"20":0.165158,"23":0.021084,"25":0.03514,"26":0.007028,"27":0.01757,"28":0.028112,"30":0.003514,"31":0.028112,"33":0.15813,"34":0.059738,"35":0.01757,"36":0.084336,"38":0.01757,"39":0.031626,"40":0.045682,"41":0.007028,"42":0.01757,"43":1.24747,"44":0.049196,"45":0.130018,"46":0.042168,"47":0.867958,"48":0.038654,"49":0.270578,"50":0.284634,"51":0.200298,"52":0.115962,"53":0.347886,"54":0.242466,"55":14.649866,"56":0.045682,"57":0.042168},"5":{"4":0,"5":0.010542,"8":0.038654,"10":0.119476,"5.1":0.084336,"9.1":0.007028},"6":{"11":0.03514,"22":0.003514,"34":0.144074,"35":0.007028,"37":0.007028,"42":0.65009,"10.0-10.1":0,"12.1":0.007028},"7":{"8":0,"3.2":0,"4.0-4.1":0,"4.2-4.3":0,"5.0-5.1":0,"6.0-6.1":0.00642674922601,"7.0-7.1":0.0302057213622,"8.1-8.4":0.0363111331269,"9.0-9.2":0.0163882105263,"9.3":0.141067145511,"10.0-10.2":1.27458504025},"8":{"0":19.6968406921},"9":{"3":0,"4":0.130420316362,"2.1":0,"2.2":0,"2.3":0,"4.1":0.421784852916,"4.2-4.3":1.28477886118,"4.4":2.91087046519,"4.4.3-4.4.4":1.62886650435},"10":{"7":0.02432625},"11":{"0":0.0431003078603,"10":0,"11":0,"12":0,"11.1":0,"11.5":0,"12.1":0},"12":{"0":25.22907},"13":{"0":2.004483},"14":{"10":0.44212368932,"11":2.08780631068},"15":{"0":2.886715},"16":{"0":3.833817}}