{"1":{"7":0.0092334295175,"8":0.196979829707,"9":0.0707896263009,"10":0.51707205298,"11":2.45917006149},"2":{"12":0.095072,"13":0.095072,"14":0.074275},"3":{"2":0.014855,"3":0.050507,"4":0.038623,"5":0.005942,"6":0.005942,"9":0.038623,"10":0.014855,"11":0.02971,"12":0.011884,"13":0.008913,"15":0.210941,"19":0.008913,"21":0.023768,"23":0.005942,"24":0.008913,"29":0.008913,"30":0.032681,"31":0.005942,"33":0.163405,"34":0.014855,"35":0.014855,"36":0.005942,"37":0.020797,"38":0.035652,"39":0.038623,"40":0.017826,"41":0.020797,"42":0.005942,"43":0.160434,"44":0.65362,"45":0.005942,"46":0.050507,"47":0.641736,"48":0.546664,"49":0.240651,"50":5.217076,"51":0.133695},"4":{"11":0.169347,"14":0.023768,"16":0.005942,"21":0.005942,"25":0.023768,"26":0.154492,"28":0.008913,"30":0.035652,"31":0.008913,"32":0.062391,"33":0.080217,"34":0.035652,"36":0.017826,"37":0.008913,"39":0.005942,"40":0.115869,"42":0.005942,"43":1.369631,"44":0.023768,"45":0.071304,"46":0.062391,"47":0.041594,"48":0.071304,"49":0.323839,"50":0.335723,"51":0.163405,"52":0.53478,"53":0.493186,"54":6.087579,"55":4.881353,"56":0.02971},"5":{"4":0,"5":0.035652,"7":0.008913,"8":0.047536,"9":0.014855,"10":0.279274,"5.1":0.083188,"9.1":0.008913},"6":{"25":0.008913,"34":0.160434,"36":0.065362,"41":0.430795,"42":0.023768,"10.0-10.1":0,"12.1":0.005942},"7":{"8":0,"3.2":0,"4.0-4.1":0,"4.2-4.3":0,"5.0-5.1":0,"6.0-6.1":0,"7.0-7.1":0.0212095907448,"8.1-8.4":0.032197691974,"9.0-9.2":0.0215928966016,"9.3":0.136840190889,"10.0-10.2":1.02508762979},"8":{"0":22.312557208},"9":{"3":0,"4":0.200108054054,"2.1":0,"2.2":0,"2.3":0,"4.1":0.657497891892,"4.2-4.3":1.88264924324,"4.4":4.34111962162,"4.4.3-4.4.4":2.58915318919},"10":{"7":0.014056},"11":{"0":1.70211879199,"10":0,"11":0,"12":0,"11.1":0,"11.5":0,"12.1":0},"12":{"0":27.477751},"13":{"0":0.653604},"14":{"10":0.4807152,"11":1.9228608},"15":{"0":2.480884},"16":{"0":2.255988}}