{"1":{"7":0.00949480496454,"8":0.218380514184,"9":0.161411684397,"10":0.175653891844,"11":2.0603726773},"2":{"12":0.303296,"13":0.620809,"14":2.094638},"3":{"3":0.004739,"10":0.004739,"11":0.014217,"14":0.004739,"15":0.009478,"18":0.004739,"19":0.009478,"22":0.009478,"26":0.009478,"30":0.123214,"35":0.009478,"36":0.004739,"38":0.018956,"39":0.023695,"40":0.018956,"41":0.009478,"42":0.004739,"43":0.132692,"44":0.037912,"45":0.066346,"46":0.04739,"47":0.255906,"48":0.127953,"49":0.099519,"50":4.085018,"51":0.691894,"52":0.028434,"3.6":0.009478},"4":{"6":0.004739,"9":0.004739,"11":0.018956,"12":0.004739,"16":0.004739,"18":0.004739,"20":0.042651,"22":0.061607,"26":0.014217,"28":0.004739,"29":0.033173,"31":0.018956,"32":0.127953,"33":0.028434,"34":0.033173,"35":0.009478,"36":0.966756,"37":0.014217,"38":0.042651,"39":0.023695,"40":0.009478,"41":0.004739,"42":0.028434,"43":0.544985,"44":0.04739,"45":0.113736,"46":0.014217,"47":0.113736,"48":0.056868,"49":0.61607,"50":0.161126,"51":0.450205,"52":0.203777,"53":0.658721,"54":0.341208,"55":24.514847,"56":0.341208,"57":0.090041},"5":{"4":0,"5":0.009478,"7":0.018956,"8":0.004739,"9":0.033173,"10":0.308035,"5.1":0.023695,"6.1":0.004739,"7.1":0.014217,"9.1":0.066346},"6":{"21":0.090041,"27":0.018956,"29":0.042651,"33":0.090041,"37":0.09478,"38":0.04739,"41":0.009478,"42":0.578158,"10.0-10.1":0,"12.1":0.014217},"7":{"8":0,"3.2":0,"4.0-4.1":0,"4.2-4.3":0,"5.0-5.1":0,"6.0-6.1":0.0196129091491,"7.0-7.1":0.092180673001,"8.1-8.4":0.110812936693,"9.0-9.2":0.0500129183303,"9.3":0.430503355824,"10.0-10.2":3.889730207},"8":{"0":4.06837265284},"9":{"3":0,"4":0.0828527371628,"2.1":0,"2.2":0,"2.3":0,"4.1":0.267949277633,"4.2-4.3":0.816187602263,"4.4":1.8492025805,"4.4.3-4.4.4":1.03477780244},"10":{"7":0.18808075},"11":{"0":0.00890234716157,"10":0,"11":0,"12":0,"11.1":0,"11.5":0,"12.1":0},"12":{"0":32.818583},"13":{"0":0.026305},"14":{"10":0.117682951456,"11":0.555725048544},"15":{"0":3.635351},"16":{"0":5.360959}}