{"1":{"7":0.008968,"8":0.165908,"9":0.107616,"10":0.130036,"11":2.1299},"2":{"12":0.20178,"13":0.506692,"14":1.910184},"3":{"5":0.04484,"6":0.008968,"12":0.008968,"18":0.004484,"26":0.008968,"29":0.004484,"30":0.031388,"32":0.008968,"34":0.004484,"35":0.004484,"38":0.017936,"39":0.02242,"40":0.026904,"41":0.008968,"42":0.008968,"43":0.062776,"44":0.02242,"45":0.053808,"46":0.013452,"47":0.206264,"48":0.080712,"49":0.139004,"50":0.363204,"51":4.703716,"52":0.273524,"3.6":0.004484},"4":{"11":0.017936,"12":0.004484,"20":0.017936,"22":0.04484,"23":0.008968,"26":0.008968,"27":0.013452,"29":0.013452,"31":0.013452,"32":0.040356,"33":0.026904,"34":0.02242,"35":0.008968,"36":0.578436,"37":0.008968,"38":0.02242,"39":0.026904,"40":0.008968,"41":0.008968,"42":0.013452,"43":0.29146,"44":0.026904,"45":0.103132,"46":0.013452,"47":0.040356,"48":0.040356,"49":0.838508,"50":0.143488,"51":0.304912,"52":0.098648,"53":0.690536,"54":0.130036,"55":5.788844,"56":18.662408,"57":0.071744,"58":0.08968},"5":{"4":0,"5":0.017936,"7":0.013452,"8":0.013452,"9":0.098648,"10":0.372172,"5.1":0.058292,"7.1":0.02242,"9.1":0.035872},"6":{"21":0.20178,"27":0.02242,"29":0.017936,"33":0.02242,"36":0.013452,"37":0.116584,"38":0.040356,"42":0.219716,"43":0.394592,"10.0-10.1":0,"12.1":0.116584},"7":{"8":0,"3.2":0,"4.0-4.1":0,"4.2-4.3":0,"5.0-5.1":0,"6.0-6.1":0.0293690572944,"7.0-7.1":0.129667158621,"8.1-8.4":0.176768476923,"9.0-9.2":0.0349103888594,"9.3":0.479325180371,"10.0-10.2":4.37266473793},"8":{"0":3.02662718341},"9":{"3":0,"4":0.0806615646259,"2.1":0,"2.2":0,"2.3":0,"4.1":0.241984693878,"4.2-4.3":0.779190714286,"4.4":1.72131778912,"4.4.3-4.4.4":0.971165238095},"10":{"7":0.2123275},"11":{"0":0.00662281659389,"10":0,"11":0,"12":0,"11.1":0,"11.5":0,"12.1":0},"12":{"0":35.709327},"13":{"0":0.01103},"14":{"10":0.114690582524,"11":0.541594417476},"15":{"0":3.413785},"16":{"0":4.8532},"17":{}}