{"1":{"8":0.204627913478,"9":0.102313956739,"10":0.126674422629,"11":2.49451170715},"2":{"12":0.31616,"13":0.812288,"14":1.84832},"3":{"3":0.009728,"18":0.004864,"21":0.004864,"22":0.009728,"26":0.014592,"29":0.009728,"30":0.204288,"31":0.009728,"35":0.019456,"37":0.009728,"38":0.02432,"39":0.02432,"40":0.02432,"41":0.009728,"42":0.004864,"43":0.087552,"44":0.053504,"45":0.457216,"46":0.07296,"47":0.257792,"48":0.082688,"49":0.136192,"50":4.056576,"51":0.26752},"4":{"9":0.004864,"11":0.034048,"12":0.014592,"18":0.009728,"20":0.034048,"22":0.043776,"27":0.009728,"28":0.009728,"29":0.009728,"31":0.014592,"32":0.131328,"33":0.02432,"34":0.04864,"35":0.014592,"36":0.520448,"37":0.009728,"38":0.014592,"39":0.019456,"40":0.009728,"42":0.043776,"43":0.325888,"44":0.02432,"45":0.1216,"46":0.038912,"47":0.053504,"48":0.038912,"49":0.4864,"50":0.150784,"51":0.466944,"52":0.768512,"53":0.199424,"54":13.677568,"55":13.118208,"56":0.204288,"57":0.053504},"5":{"4":0,"7":0.014592,"8":0.014592,"9":0.029184,"10":0.2432,"5.1":0.014592,"6.1":0.009728,"7.1":0.004864,"9.1":0.053504},"6":{"27":0.019456,"29":0.038912,"33":0.058368,"37":0.141056,"38":0.043776,"40":0.009728,"41":0.476672,"42":0.19456,"10.0-10.1":0,"12.1":0.019456},"7":{"8":0,"3.2":0,"4.0-4.1":0,"4.2-4.3":0,"5.0-5.1":0,"6.0-6.1":0,"7.0-7.1":0.0692340886272,"8.1-8.4":0.10510235141,"9.0-9.2":0.0704853070964,"9.3":0.446684993492,"10.0-10.2":3.34617525937},"8":{"0":4.34811035593},"9":{"3":0,"4":0.0955616499155,"2.1":0,"2.2":0,"2.3":0,"4.1":0.313988278294,"4.2-4.3":0.899059604307,"4.4":2.07310273184,"4.4.3-4.4.4":1.23645073564},"10":{"7":0.292809},"11":{"0":0.331696644068,"10":0,"11":0,"12":0,"11.1":0,"11.5":0,"12.1":0},"12":{"0":31.673238},"13":{"0":0.015411},"14":{"10":0.118151,"11":0.472604},"15":{"0":2.984597},"16":{"0":5.131863}}