{"1":{"6":0.0191079017632,"7":0.0382158035264,"8":0.490436145256,"9":0.522282648195,"10":0.280249225861,"11":6.2355452754},"2":{"12":0.074676,"13":0.267589,"14":1.754886},"3":{"11":0.006223,"12":0.012446,"14":0.012446,"16":0.018669,"17":0.018669,"18":0.006223,"26":0.006223,"28":0.006223,"30":0.043561,"31":0.012446,"33":0.037338,"34":0.043561,"35":0.037338,"36":0.012446,"37":0.012446,"38":0.087122,"39":0.031115,"40":0.037338,"41":0.018669,"42":0.043561,"43":0.087122,"44":0.024892,"45":0.161798,"46":0.056007,"47":0.236474,"48":0.267589,"49":0.261366,"50":5.065522,"51":0.049784,"3.6":0.012446},"4":{"11":0.024892,"18":0.006223,"20":0.006223,"21":0.006223,"22":0.012446,"25":0.012446,"26":0.006223,"30":0.006223,"31":0.037338,"32":0.018669,"33":0.024892,"34":0.012446,"35":0.024892,"36":0.18669,"37":0.018669,"38":0.049784,"39":0.043561,"40":0.024892,"41":0.024892,"42":0.087122,"43":0.112014,"44":0.099568,"45":0.572516,"46":0.074676,"47":0.143129,"48":0.118237,"49":2.022475,"50":0.360934,"51":0.510286,"52":0.479171,"53":0.616077,"54":17.567529,"55":15.601061,"56":0.105791,"57":0.056007},"5":{"4":0,"5":0.037338,"6":0.037338,"7":0.105791,"8":0.385826,"9":0.317373,"10":2.61366,"5.1":0.112014,"6.1":0.068453,"7.1":0.018669,"9.1":1.213485},"6":{"36":0.006223,"37":0.012446,"38":0.031115,"41":0.136906,"42":0.06223,"10.0-10.1":0,"12.1":0.018669},"7":{"8":0,"3.2":0,"4.0-4.1":0,"4.2-4.3":0,"5.0-5.1":0,"6.0-6.1":0,"7.0-7.1":0.239044578246,"8.1-8.4":0.362886950108,"9.0-9.2":0.243364660985,"9.3":1.54226953796,"10.0-10.2":11.5533412727},"8":{"0":0.501828864407},"9":{"3":0,"4":0.0286050329392,"2.1":0,"2.2":0,"2.3":0,"4.1":0.0939879653716,"4.2-4.3":0.269120820101,"4.4":0.620554081926,"4.4.3-4.4.4":0.370114099662},"10":{"7":0.00472125},"11":{"0":0.0382821355932,"10":0,"11":0,"12":0,"11.1":0,"11.5":0,"12.1":0},"12":{"0":17.382863},"13":{"0":0.030216},"14":{"10":0.0098202,"11":0.0392808},"15":{"0":0.676083},"16":{"0":4.241571}}