{"1":{"6":0.0184911955594,"7":0.0369823911187,"8":0.419133766012,"9":0.382151374893,"10":0.271204201537,"11":6.08976707088},"2":{"12":0.066495,"13":0.2418,"14":1.819545},"3":{"3":0.006045,"11":0.006045,"12":0.006045,"16":0.018135,"18":0.01209,"26":0.006045,"28":0.01209,"30":0.042315,"31":0.01209,"33":0.03627,"34":0.030225,"35":0.030225,"36":0.01209,"37":0.01209,"38":0.078585,"39":0.042315,"40":0.02418,"41":0.018135,"42":0.042315,"43":0.07254,"44":0.018135,"45":0.151125,"46":0.054405,"47":0.22971,"48":0.25389,"49":0.102765,"50":4.75137,"51":0.465465,"52":0.018135,"3.6":0.02418},"4":{"11":0.018135,"18":0.01209,"21":0.006045,"22":0.01209,"30":0.006045,"31":0.03627,"32":0.018135,"33":0.018135,"34":0.01209,"35":0.02418,"36":0.320385,"37":0.018135,"38":0.054405,"39":0.030225,"40":0.02418,"41":0.02418,"42":0.04836,"43":0.10881,"44":0.078585,"45":0.50778,"46":0.066495,"47":0.13299,"48":0.090675,"49":1.940445,"50":0.308295,"51":0.43524,"52":0.3627,"53":0.43524,"54":0.99138,"55":31.464225,"56":0.392925,"57":0.08463,"58":0.006045},"5":{"4":0,"5":0.030225,"6":0.030225,"7":0.090675,"8":0.31434,"9":0.259935,"10":2.73234,"5.1":0.102765,"6.1":0.066495,"7.1":0.018135,"9.1":1.10019},"6":{"28":0.01209,"36":0.006045,"38":0.03627,"42":0.175305,"10.0-10.1":0,"12.1":0.018135},"7":{"8":0,"3.2":0,"4.0-4.1":0,"4.2-4.3":0,"5.0-5.1":0,"6.0-6.1":0.0625402583538,"7.0-7.1":0.293939214263,"8.1-8.4":0.353352459699,"9.0-9.2":0.159477658802,"9.3":1.37275867087,"10.0-10.2":12.403296738},"8":{"0":0.370958275109},"9":{"3":0,"4":0.02750256745,"2.1":0,"2.2":0,"2.3":0,"4.1":0.0889444734552,"4.2-4.3":0.270929547433,"4.4":0.613833899043,"4.4.3-4.4.4":0.34348951262},"10":{"7":0.00494375},"11":{"0":0.00081172489083,"10":0,"11":0,"12":0,"11.1":0,"11.5":0,"12.1":0},"12":{"0":18.168045},"13":{"0":0.03164},"14":{"10":0.00898514563107,"11":0.0424298543689},"15":{"0":0.78309},"16":{"0":4.425645}}