{"1":{"6":0.0048954,"8":0.220293,"9":0.0832218,"10":0.1174896,"11":1.1406282},"2":{"12":0.114624,"13":0.16716,"14":0.7164},"3":{"3":0.009552,"16":0.009552,"33":0.009552,"35":0.014328,"36":0.004776,"37":0.014328,"38":0.019104,"39":0.014328,"40":0.014328,"41":0.009552,"43":0.04776,"44":0.009552,"45":0.085968,"46":0.038208,"47":0.157608,"48":0.1194,"49":0.04776,"50":0.195816,"51":3.801696,"52":0.038208,"3.6":0.009552},"4":{"11":0.028656,"18":0.019104,"22":0.033432,"24":0.009552,"25":0.004776,"26":0.009552,"28":0.009552,"29":0.009552,"31":0.014328,"32":0.038208,"33":0.009552,"34":0.02388,"35":0.329544,"36":0.491928,"37":0.009552,"38":0.042984,"39":0.028656,"40":0.014328,"41":0.019104,"42":0.004776,"43":0.109848,"44":0.04776,"45":0.042984,"46":0.014328,"47":0.04776,"48":0.066864,"49":1.065048,"50":0.052536,"51":0.224472,"52":0.138504,"53":0.152832,"54":0.234024,"55":7.345488,"56":24.69192,"57":0.057312,"58":0.038208},"5":{"4":0.009552,"5":0.004776,"8":0.124176,"9":0.07164,"10":1.351608,"5.1":0.009552,"6.1":0.014328,"9.1":0.362976},"6":{"29":0.02388,"33":0.009552,"36":0.014328,"37":0.009552,"38":0.038208,"42":0.2388,"43":0.415512,"10.0-10.1":0,"12.1":0.004776},"7":{"8":0,"3.2":0,"4.0-4.1":0,"4.2-4.3":0,"5.0-5.1":0,"6.0-6.1":0.0209453300796,"7.0-7.1":0.0924756082759,"8.1-8.4":0.126067175385,"9.0-9.2":0.0248972791512,"9.3":0.341843594695,"10.0-10.2":3.11848301241},"8":{"0":2.25705315284},"9":{"3":0,"4":0.143038095238,"2.1":0,"2.2":0,"2.3":0,"4.1":0.429114285714,"4.2-4.3":1.381748,"4.4":3.05243295238,"4.4.3-4.4.4":1.72217866667},"10":{"7":0.056158},"11":{"0":0.00493884716157,"10":0,"11":0,"12":0,"11.1":0,"11.5":0,"12.1":0},"12":{"0":35.071912},"13":{"0":0.010448},"14":{"10":0.0712086990291,"11":0.336263300971},"15":{"0":1.170176},"16":{"0":4.252336},"17":{}}