{"1":{"6":0.00478220183486,"8":0.219981284404,"9":0.0860796330275,"10":0.133901651376,"11":1.11903522936},"2":{"12":0.121368,"13":0.18672,"14":0.588168},"3":{"2":0.009336,"3":0.009336,"4":0.009336,"21":0.004668,"31":0.004668,"33":0.004668,"35":0.014004,"37":0.009336,"38":0.018672,"39":0.032676,"40":0.018672,"41":0.004668,"42":0.004668,"43":0.065352,"44":0.014004,"45":0.112032,"46":0.051348,"47":0.219396,"48":0.126036,"49":0.079356,"50":3.468324,"51":0.448128,"53":0.004668,"3.6":0.004668},"4":{"11":0.028008,"18":0.02334,"22":0.032676,"23":0.004668,"25":0.004668,"26":0.009336,"29":0.009336,"31":0.009336,"32":0.04668,"33":0.014004,"34":0.028008,"35":0.196056,"36":0.522816,"37":0.009336,"38":0.04668,"39":0.02334,"40":0.018672,"41":0.02334,"42":0.004668,"43":0.107364,"44":0.037344,"45":0.032676,"46":0.028008,"47":0.042012,"48":0.065352,"49":1.181004,"50":0.084024,"51":0.39678,"52":0.154044,"53":0.158712,"54":0.434124,"55":29.786508,"56":0.471468,"57":0.037344},"5":{"4":0.009336,"5":0.004668,"8":0.121368,"9":0.079356,"10":1.19034,"5.1":0.014004,"6.1":0.009336,"9.1":0.392112},"6":{"27":0.004668,"28":0.009336,"29":0.032676,"33":0.02334,"36":0.02334,"37":0.028008,"38":0.04668,"40":0.004668,"41":0.004668,"42":0.620844,"10.0-10.1":0,"12.1":0.009336},"7":{"8":0,"3.2":0,"4.0-4.1":0,"4.2-4.3":0,"5.0-5.1":0,"6.0-6.1":0.0169858951639,"7.0-7.1":0.0798337072702,"8.1-8.4":0.0959703076759,"9.0-9.2":0.0433140326679,"9.3":0.372840398847,"10.0-10.2":3.36872765838},"8":{"0":2.19198752838},"9":{"3":0,"4":0.148421255004,"2.1":0,"2.2":0,"2.3":0,"4.1":0.480000654482,"4.2-4.3":1.46210725674,"4.4":3.31263609574,"4.4.3-4.4.4":1.85368673803},"10":{"7":0.062651},"11":{"0":0.00479647161572,"10":0,"11":0,"12":0,"11.1":0,"11.5":0,"12.1":0},"12":{"0":35.42896},"13":{"0":0.010664},"14":{"10":0.0819989126214,"11":0.387217087379},"15":{"0":1.269016},"16":{"0":4.409564}}