{"1":{"7":0.00637630847953,"8":0.210418179825,"9":0.165784020468,"10":0.159407711988,"11":3.81940877924},"2":{"12":0.057303,"13":0.235579,"14":1.165161},"3":{"3":0.006367,"12":0.012734,"16":0.006367,"18":0.012734,"19":0.006367,"20":0.025468,"21":0.006367,"24":0.006367,"26":0.012734,"28":0.019101,"29":0.006367,"30":0.006367,"31":0.012734,"32":0.012734,"33":0.012734,"34":0.019101,"35":0.019101,"36":0.012734,"37":0.019101,"38":0.050936,"39":0.057303,"40":0.025468,"41":0.057303,"42":0.038202,"43":0.12734,"44":0.044569,"45":0.140074,"46":0.06367,"47":0.362919,"48":0.241946,"49":0.299249,"50":11.848987,"51":0.095505,"52":0.012734,"3.6":0.019101},"4":{"11":0.019101,"18":0.012734,"21":0.006367,"22":0.044569,"26":0.044569,"30":0.006367,"31":0.044569,"32":0.019101,"33":0.038202,"34":0.057303,"35":0.025468,"36":0.095505,"37":0.031835,"38":0.057303,"39":0.050936,"40":0.019101,"41":0.025468,"42":0.019101,"43":0.171909,"44":0.057303,"45":0.050936,"46":0.044569,"47":0.076404,"48":0.057303,"49":2.451295,"50":0.101872,"51":0.286515,"52":0.165542,"53":0.229212,"54":18.254189,"55":16.859816,"56":0.089138,"57":0.044569},"5":{"4":0,"5":0.019101,"7":0.012734,"8":0.050936,"9":0.050936,"10":0.649434,"5.1":0.038202,"6.1":0.025468,"9.1":0.216478},"6":{"17":0.006367,"28":0.012734,"30":0.012734,"34":0.006367,"36":0.070037,"37":0.031835,"38":0.044569,"40":0.012734,"41":0.776774,"42":0.420222,"10.0-10.1":0,"12.1":0.108239},"7":{"8":0,"3.2":0,"4.0-4.1":0,"4.2-4.3":0,"5.0-5.1":0,"6.0-6.1":0,"7.0-7.1":0.102724472885,"8.1-8.4":0.155943175705,"9.0-9.2":0.104580939262,"9.3":0.662758496746,"10.0-10.2":4.9648099154},"8":{"0":0.432063901387},"9":{"3":0,"4":0.0437524890203,"2.1":0,"2.2":0,"2.3":0,"4.1":0.143758178209,"4.2-4.3":0.411630559966,"4.4":0.949161139358,"4.4.3-4.4.4":0.566103633446},"10":{"7":0.00817425},"11":{"0":0.0329600986133,"10":0,"11":0,"12":0,"11.1":0,"11.5":0,"12.1":0},"12":{"0":23.846435},"13":{"0":0.025431},"14":{"10":0.225246,"11":0.900984},"15":{"0":0.090825},"16":{"0":3.058986}}