{"1":{"8":0.153816,"9":0.121771,"10":0.173043,"11":3.486496},"2":{"12":0.038454,"13":0.173043,"14":1.301027},"3":{"12":0.012818,"16":0.006409,"20":0.038454,"26":0.012818,"28":0.012818,"29":0.006409,"31":0.012818,"32":0.006409,"33":0.012818,"34":0.019227,"35":0.012818,"36":0.012818,"37":0.019227,"38":0.038454,"39":0.038454,"40":0.025636,"41":0.044863,"42":0.032045,"43":0.089726,"44":0.019227,"45":0.102544,"46":0.044863,"47":0.243542,"48":0.230724,"49":0.115362,"50":0.531947,"51":12.119419,"52":0.269178,"53":0.006409,"3.6":0.019227},"4":{"11":0.019227,"18":0.006409,"22":0.032045,"26":0.032045,"29":0.006409,"31":0.032045,"32":0.025636,"33":0.019227,"34":0.038454,"35":0.025636,"36":0.12818,"37":0.032045,"38":0.051272,"39":0.044863,"40":0.019227,"41":0.019227,"42":0.012818,"43":0.166634,"44":0.051272,"45":0.032045,"46":0.032045,"47":0.057681,"48":0.051272,"49":2.332876,"50":0.051272,"51":0.198679,"52":0.051272,"53":0.121771,"54":0.365313,"55":8.13943,"56":27.654835,"57":0.083317,"58":0.051272},"5":{"4":0,"5":0.012818,"7":0.012818,"8":0.044863,"9":0.044863,"10":0.826761,"5.1":0.025636,"6.1":0.025636,"9.1":0.179452},"6":{"28":0.012818,"30":0.025636,"35":0.025636,"36":0.076908,"38":0.025636,"40":0.006409,"41":0.006409,"42":0.390949,"43":0.788307,"10.0-10.1":0,"12.1":0.089726},"7":{"8":0,"3.2":0,"4.0-4.1":0,"4.2-4.3":0,"5.0-5.1":0,"6.0-6.1":0.0311093973475,"7.0-7.1":0.137350924138,"8.1-8.4":0.187243353846,"9.0-9.2":0.0369790949602,"9.3":0.507728843501,"10.0-10.2":4.63177838621},"8":{"0":0.41911290393},"9":{"3":0,"4":0.0371668792517,"2.1":0,"2.2":0,"2.3":0,"4.1":0.111500637755,"4.2-4.3":0.359032053571,"4.4":0.793141203231,"4.4.3-4.4.4":0.44748922619},"10":{"7":0.00718},"11":{"0":0.000917096069869,"10":0,"11":0,"12":0,"11.1":0,"11.5":0,"12.1":0},"12":{"0":24.046905},"13":{"0":0.02154},"14":{"10":0.183194563107,"11":0.865085436893},"15":{"0":0.06821},"16":{"0":3.22382},"17":{}}