{"1":{"6":0.047985247725,"7":0.015268033367,"8":0.418780343782,"9":0.0937893478261,"10":0.176672957533,"11":1.3981156269},"2":{"12":0.15085,"13":0.273685,"14":0.43962},"3":{"3":0.11206,"4":0.002155,"8":0.002155,"11":0.00431,"12":0.01293,"14":0.002155,"15":0.00431,"16":0.00862,"18":0.002155,"19":0.00431,"20":0.006465,"21":0.006465,"22":0.00862,"24":0.002155,"25":0.00431,"26":0.00431,"27":0.00431,"28":0.00862,"29":0.010775,"30":0.00862,"31":0.006465,"32":0.00862,"33":0.010775,"34":0.006465,"35":0.00431,"36":0.01293,"37":0.01293,"38":0.02155,"39":0.00431,"40":0.010775,"41":0.02155,"42":0.00862,"43":0.049565,"44":0.05603,"45":0.02586,"46":0.019395,"47":0.183175,"48":0.092665,"49":0.101285,"50":2.22396,"51":0.2586,"52":0.01724,"3.5":0.00431,"3.6":0.02586},"4":{"8":0.00431,"11":0.178865,"12":0.028015,"13":0.01293,"14":0.00431,"15":0.006465,"16":0.006465,"17":0.00862,"18":0.00431,"23":0.006465,"25":0.010775,"26":0.00431,"27":0.00431,"28":0.01293,"29":0.045255,"30":0.015085,"31":0.010775,"32":0.028015,"33":0.01724,"34":0.023705,"35":0.00862,"36":0.127145,"37":0.006465,"38":0.010775,"39":0.006465,"40":0.006465,"41":0.02155,"42":0.010775,"43":0.049565,"44":0.00862,"45":0.03879,"46":0.010775,"47":0.200415,"48":0.019395,"49":0.3448,"50":0.03879,"51":0.11637,"52":0.10344,"53":0.226275,"54":0.170245,"55":9.031605,"56":0.174555,"57":0.00431},"5":{"4":0.006465,"5":0.028015,"6":0.00431,"7":0.006465,"8":0.05172,"9":0.03879,"10":0.704685,"3.2":0.00431,"5.1":0.040945,"6.1":0.02155,"9.1":0.226275},"6":{"12":0.006465,"18":0.002155,"20":0.00431,"27":0.019395,"28":0.010775,"29":0.10775,"30":0.006465,"33":0.058185,"35":0.002155,"36":0.010775,"37":0.036635,"38":0.01724,"39":0.01724,"40":0.010775,"41":0.01724,"42":0.43962,"10.0-10.1":0,"11.5":0.01293,"11.6":0.01724,"12.1":0.010775},"7":{"8":0,"3.2":0,"4.0-4.1":0,"4.2-4.3":0,"5.0-5.1":0,"6.0-6.1":0.0144387530693,"7.0-7.1":0.0678621394256,"8.1-8.4":0.0815789548415,"9.0-9.2":0.0368188203267,"9.3":0.316930629871,"10.0-10.2":2.86356570247},"8":{"0":17.6596773799},"9":{"3":0,"4":0.247574954308,"2.1":0,"2.2":0,"2.3":0,"4.1":0.800667937337,"4.2-4.3":2.43887667755,"4.4":5.52566227807,"4.4.3-4.4.4":3.09205315274},"10":{"7":0.04903125},"11":{"0":0.0386426200873,"10":0,"11":0,"12":0,"11.1":0,"11.5":0,"12.1":0},"12":{"0":37.10444},"13":{"0":0.01569},"14":{"10":0.159032621359,"11":0.750987378641},"15":{"0":5.970045},"16":{"0":2.188755}}