{"1":{"6":0.00770377514793,"7":0.00770377514793,"8":0.115556627219,"9":0.130964177515,"10":0.0847415266272,"11":2.25720611834},"2":{"12":0.030544,"13":0.11454,"14":1.237032},"3":{"12":0.007636,"15":0.007636,"18":0.007636,"27":0.007636,"28":0.007636,"30":0.015272,"31":0.022908,"32":0.007636,"33":0.015272,"34":0.015272,"35":0.030544,"36":0.007636,"37":0.030544,"38":0.045816,"39":0.030544,"40":0.022908,"41":0.030544,"42":0.030544,"43":0.083996,"44":0.030544,"45":0.183264,"46":2.63442,"47":0.236716,"48":0.15272,"49":6.650956,"50":0.481068,"51":15.676708,"52":0.03818,"3.6":0.015272},"4":{"4":0.022908,"7":0.007636,"10":0.007636,"11":0.007636,"12":0.007636,"22":0.030544,"26":0.030544,"31":0.015272,"32":0.007636,"33":0.015272,"34":0.07636,"35":0.007636,"36":0.022908,"37":0.030544,"38":0.045816,"39":0.045816,"40":0.015272,"41":0.007636,"42":0.007636,"43":0.045816,"44":0.022908,"45":0.015272,"46":0.022908,"47":0.03818,"48":0.053452,"49":3.214756,"50":2.115172,"51":0.15272,"52":0.045816,"53":0.099268,"54":0.106904,"55":6.712044,"56":24.160304,"57":0.07636,"58":0.030544},"5":{"4":0,"7":0.007636,"8":0.030544,"9":0.03818,"10":0.664332,"5.1":0.022908,"6.1":0.015272,"9.1":0.145084,"10.1":0.007636},"6":{"36":0.091632,"37":0.007636,"38":0.015272,"42":0.374164,"43":0.771236,"44":0.015272,"10.0-10.1":0,"12.1":4.719048},"7":{"8":0,"3.2":0,"4.0-4.1":0,"4.2-4.3":0,"5.0-5.1":0,"6.0-6.1":0.0199585122546,"7.0-7.1":0.0881187144828,"8.1-8.4":0.120127649231,"9.0-9.2":0.0237242692838,"9.3":0.325737983024,"10.0-10.2":2.97155887172},"8":{"0":0.66255321179},"9":{"3":0,"4":0.0340083120748,"2.1":0,"2.2":0,"2.3":0,"4.1":0.102024936224,"4.2-4.3":0.328520294643,"4.4":0.725737379677,"4.4.3-4.4.4":0.409460077381},"10":{"7":0.0082705},"11":{"0":0.00144978820961,"10":0,"11":0,"12":0,"11.1":0,"11.5":0,"12.1":0},"12":{"0":15.215073},"13":{"0":0.025993},"14":{"10":0.129253805825,"11":0.610365194175},"15":{"0":0.219759},"16":{"0":1.623381},"17":{}}