{"1":{"6":0.00771941880342,"7":0.00771941880342,"8":0.123510700855,"9":0.146668957265,"10":0.092633025641,"11":2.33126447863},"2":{"12":0.03827,"13":0.15308,"14":1.209332},"3":{"12":0.007654,"15":0.007654,"26":0.007654,"27":0.007654,"28":0.007654,"30":0.015308,"31":0.022962,"32":0.015308,"33":0.015308,"34":0.015308,"35":0.030616,"36":0.015308,"37":0.030616,"38":0.053578,"39":0.030616,"40":0.030616,"41":0.03827,"42":0.03827,"43":0.107156,"44":0.030616,"45":0.160734,"46":4.508206,"47":0.290852,"48":0.183696,"49":7.585114,"50":11.21311,"51":1.5308,"52":0.015308,"3.6":0.015308},"4":{"4":0.022962,"7":0.007654,"11":0.015308,"12":0.007654,"22":0.03827,"26":0.03827,"31":0.015308,"32":0.007654,"33":0.015308,"34":0.084194,"35":0.015308,"36":0.045924,"37":0.030616,"38":0.045924,"39":0.068886,"40":0.015308,"41":0.007654,"42":0.007654,"43":0.053578,"44":0.030616,"45":0.015308,"46":0.022962,"47":0.030616,"48":0.061232,"49":3.17641,"50":3.612688,"51":0.221966,"52":0.068886,"53":0.11481,"54":0.313814,"55":29.39136,"56":0.451586,"57":0.03827},"5":{"4":0,"8":0.03827,"9":0.03827,"10":0.642936,"5.1":0.022962,"6.1":0.022962,"9.1":0.145426},"6":{"36":0.099502,"37":0.015308,"38":0.022962,"41":0.015308,"42":1.140446,"43":0.015308,"44":0.007654,"10.0-10.1":0,"12.1":4.40105},"7":{"8":0,"3.2":0,"4.0-4.1":0,"4.2-4.3":0,"5.0-5.1":0,"6.0-6.1":0.0153978947368,"7.0-7.1":0.0723701052632,"8.1-8.4":0.0869981052632,"9.0-9.2":0.0392646315789,"9.3":0.337983789474,"10.0-10.2":3.05378747368},"8":{"0":0.678854541485},"9":{"3":0,"4":0.0324356449086,"2.1":0,"2.2":0,"2.3":0,"4.1":0.104898255875,"4.2-4.3":0.319525608355,"4.4":0.723935989556,"4.4.3-4.4.4":0.405100501305},"10":{"7":0.008211},"11":{"0":0.00148545851528,"10":0,"11":0,"12":0,"11.1":0,"11.5":0,"12.1":0},"12":{"0":14.946668},"13":{"0":0.028152},"14":{"10":0.131193786408,"11":0.619526213592},"15":{"0":0.22287},"16":{"0":1.670352}}