{"1":{"7":0.00772598833819,"8":0.139067790087,"9":0.193149708455,"10":0.0849858717201,"11":2.2250846414},"2":{"12":0.038295,"13":0.160839,"14":1.07226},"3":{"3":0.007659,"12":0.015318,"26":0.007659,"28":0.007659,"30":0.015318,"31":0.022977,"32":0.007659,"33":0.015318,"34":0.015318,"35":0.030636,"36":0.015318,"37":0.022977,"38":0.053613,"39":0.038295,"40":0.030636,"41":0.038295,"42":0.038295,"43":0.122544,"44":0.045954,"45":0.137862,"46":4.848147,"47":0.344655,"48":0.206793,"49":8.241084,"50":12.131856,"51":0.030636,"52":0.007659,"3.6":0.022977},"4":{"4":0.030636,"11":0.015318,"12":0.015318,"22":0.038295,"26":0.030636,"31":0.022977,"32":0.007659,"33":0.015318,"34":0.07659,"35":0.015318,"36":0.022977,"37":0.030636,"38":0.045954,"39":0.045954,"40":0.022977,"41":0.007659,"42":0.015318,"43":0.061272,"44":0.030636,"45":0.022977,"46":0.022977,"47":0.038295,"48":0.068931,"49":3.36996,"50":3.745251,"51":0.222111,"52":0.122544,"53":0.15318,"54":13.303683,"55":15.685632,"56":0.061272,"57":0.022977},"5":{"4":0,"5":0.007659,"7":0.007659,"8":0.045954,"9":0.045954,"10":0.635697,"5.1":0.022977,"6.1":0.015318,"9.1":0.176157},"6":{"34":0.015318,"36":0.099567,"37":0.030636,"38":0.022977,"40":0.015318,"41":0.742923,"42":0.520812,"43":0.015318,"10.0-10.1":0,"12.1":4.702626},"7":{"8":0,"3.2":0,"4.0-4.1":0,"4.2-4.3":0,"5.0-5.1":0,"6.0-6.1":0,"7.0-7.1":0.0588067131495,"8.1-8.4":0.0892728416486,"9.0-9.2":0.0598694850739,"9.3":0.379409577007,"10.0-10.2":2.84220638312},"8":{"0":0.735174998459},"9":{"3":0,"4":0.0383655101351,"2.1":0,"2.2":0,"2.3":0,"4.1":0.12605810473,"4.2-4.3":0.360948983108,"4.4":0.832296679054,"4.4.3-4.4.4":0.496402722973},"10":{"7":0.009364},"11":{"0":0.0560830015408,"10":0,"11":0,"12":0,"11.1":0,"11.5":0,"12.1":0},"12":{"0":14.711345},"13":{"0":0.025751},"14":{"10":0.1577834,"11":0.6311336},"15":{"0":0.273897},"16":{"0":1.617631}}