{"1":{"6":0.008024,"7":0.00534933333333,"8":0.104312,"9":0.0213973333333,"10":0.0374453333333,"11":0.16048},"2":{"12":0.027258,"13":0.034692,"14":0.1239},"3":{"3":0.213108,"4":0.01239,"5":0.007434,"6":0.004956,"7":0.004956,"8":0.007434,"9":0.007434,"10":0.01239,"11":0.014868,"12":0.029736,"13":0.017346,"14":0.014868,"15":0.014868,"16":0.019824,"17":0.014868,"18":0.014868,"19":0.014868,"20":0.022302,"21":0.017346,"22":0.01239,"23":0.017346,"24":0.017346,"25":0.017346,"26":0.019824,"27":0.019824,"28":0.017346,"29":0.04956,"30":0.052038,"31":0.034692,"32":0.03717,"33":0.042126,"34":0.091686,"35":0.076818,"36":0.089208,"37":0.11151,"38":0.106554,"39":0.096642,"40":0.106554,"41":0.104076,"42":0.076818,"43":0.426216,"44":0.265146,"45":0.163548,"46":0.138768,"47":0.597198,"48":0.292404,"49":0.366744,"50":4.48518,"51":0.79296,"52":0.06195,"3.5":0.004956,"3.6":0.02478},"4":{"4":0.004956,"5":0.007434,"6":0.01239,"7":0.004956,"8":0.002478,"9":0.004956,"10":0.007434,"11":0.029736,"12":0.007434,"13":0.004956,"14":0.004956,"15":0.007434,"16":0.004956,"17":0.004956,"18":0.009912,"19":0.009912,"20":0.007434,"21":0.014868,"22":0.009912,"23":0.009912,"24":0.007434,"25":0.01239,"26":0.014868,"27":0.01239,"28":0.017346,"29":0.022302,"30":0.022302,"31":0.18585,"32":0.047082,"33":0.047082,"34":0.017346,"35":0.014868,"36":0.07434,"37":0.029736,"38":0.019824,"39":0.03717,"40":0.029736,"41":0.014868,"42":0.027258,"43":0.2478,"44":0.044604,"45":0.042126,"46":0.076818,"47":0.056994,"48":0.118944,"49":0.683928,"50":0.069384,"51":0.289926,"52":0.126378,"53":0.19824,"54":0.27258,"55":9.294978,"56":0.178416,"57":0.04956},"5":{"4":0.002478,"5":0.004956,"6":0.004956,"7":0.007434,"8":0.047082,"9":0.039648,"10":0.282492,"5.1":0.01239,"6.1":0.004956,"7.1":0.01239,"9.1":0.109032},"6":{"28":0.004956,"34":0.002478,"35":0.002478,"36":0.014868,"37":0.027258,"38":0.019824,"39":0.004956,"40":0.004956,"41":0.009912,"42":0.245322,"10.0-10.1":0,"12.1":0.01239},"7":{"8":0,"3.2":0,"4.0-4.1":0,"4.2-4.3":0,"5.0-5.1":0,"6.0-6.1":0.00941278531013,"7.0-7.1":0.0442400909576,"8.1-8.4":0.0531822370022,"9.0-9.2":0.0240026025408,"9.3":0.206610637557,"10.0-10.2":1.86679064663},"8":{"0":10.3365527227},"9":{"3":0,"4":0.0677004525674,"2.1":0,"2.2":0,"2.3":0,"4.1":0.218946144473,"4.2-4.3":0.666921479547,"4.4":1.5110164839,"4.4.3-4.4.4":0.845535439513},"10":{"7":0.26518575},"11":{"0":0.0226182772926,"10":0,"11":0,"12":0,"11.1":0,"11.5":0,"12.1":0},"12":{"0":19.834652},"13":{"0":0.037615},"14":{"10":0.0394409708738,"11":0.186249029126},"15":{"0":35.553698},"16":{"0":2.625527}}