{"1":{"6":0.0150431428571,"7":0.00601725714286,"8":0.138396914286,"9":0.0240690285714,"10":0.0481380571429,"11":0.1895436},"2":{"12":0.034152,"13":0.04269,"14":0.136608},"3":{"3":0.25614,"4":0.01423,"5":0.008538,"6":0.005692,"7":0.005692,"8":0.008538,"9":0.008538,"10":0.01423,"11":0.017076,"12":0.034152,"13":0.017076,"14":0.017076,"15":0.017076,"16":0.022768,"17":0.017076,"18":0.017076,"19":0.017076,"20":0.031306,"21":0.022768,"22":0.01423,"23":0.017076,"24":0.019922,"25":0.022768,"26":0.022768,"27":0.025614,"28":0.019922,"29":0.05692,"30":0.062612,"31":0.039844,"32":0.04269,"33":0.045536,"34":0.105302,"35":0.216296,"36":0.110994,"37":0.125224,"38":0.119532,"39":0.119532,"40":0.125224,"41":0.125224,"42":0.093918,"43":0.532202,"44":0.338674,"45":0.202066,"46":0.173606,"47":0.78265,"48":0.372826,"49":0.591968,"50":5.085802,"51":0.506588,"52":0.008538,"53":0.002846,"3.5":0.005692,"3.6":0.02846},"4":{"4":0.005692,"5":0.008538,"6":0.01423,"7":0.008538,"8":0.002846,"9":0.002846,"10":0.008538,"11":0.025614,"12":0.008538,"13":0.002846,"14":0.005692,"15":0.008538,"16":0.008538,"17":0.005692,"18":0.008538,"19":0.008538,"20":0.008538,"21":0.019922,"22":0.008538,"23":0.011384,"24":0.008538,"25":0.01423,"26":0.017076,"27":0.01423,"28":0.017076,"29":0.019922,"30":0.025614,"31":0.179298,"32":0.036998,"33":0.054074,"34":0.019922,"35":0.019922,"36":0.054074,"37":0.034152,"38":0.019922,"39":0.036998,"40":0.031306,"41":0.019922,"42":0.034152,"43":0.287446,"44":0.045536,"45":0.051228,"46":0.093918,"47":0.065458,"48":0.133762,"49":0.776958,"50":0.082534,"51":0.358596,"52":0.176452,"53":0.264678,"54":5.228102,"55":5.646464,"56":0.059766,"57":0.031306},"5":{"4":0,"5":0.005692,"6":0.005692,"7":0.008538,"8":0.05692,"9":0.051228,"10":0.31306,"5.1":0.01423,"6.1":0.008538,"7.1":0.01423,"9.1":0.1423},"6":{"28":0.008538,"34":0.008538,"35":0.002846,"36":0.017076,"37":0.051228,"38":0.022768,"39":0.005692,"40":0.008538,"41":0.207758,"42":0.102456,"10.0-10.1":0,"11.6":0.002846,"12.1":0.01423},"7":{"8":0,"3.2":0,"4.0-4.1":0,"4.2-4.3":0,"5.0-5.1":0,"6.0-6.1":0,"7.0-7.1":0.0425663369487,"8.1-8.4":0.0646187765727,"9.0-9.2":0.0433356080983,"9.3":0.274629800434,"10.0-10.2":2.05728747795},"8":{"0":9.9371705547},"9":{"3":0,"4":0.0666155827703,"2.1":0,"2.2":0,"2.3":0,"4.1":0.218879771959,"4.2-4.3":0.626730278716,"4.4":1.44515029561,"4.4.3-4.4.4":0.861924070946},"10":{"7":0.2664865},"11":{"0":0.7580594453,"10":0,"11":0,"12":0,"11.1":0,"11.5":0,"12.1":0},"12":{"0":19.878508},"13":{"0":0.042924},"14":{"10":0.050078,"11":0.200312},"15":{"0":31.58491},"16":{"0":2.582594}}