{"1":{"6":0.120797565217,"7":0.132877321739,"8":1.31669346087,"9":0.616067582609,"10":0.827463321739,"11":3.93196074783},"2":{"12":0.11067,"13":0.38471,"14":1.80761},"3":{"3":0.07378,"16":0.03689,"22":0.01054,"31":0.00527,"33":0.01054,"35":0.00527,"36":0.00527,"37":0.00527,"38":0.07905,"39":0.02635,"41":0.01581,"42":0.01054,"43":0.19499,"44":0.02635,"45":0.20553,"46":0.19499,"47":0.92752,"48":0.77996,"49":0.10013,"50":3.4782,"51":0.44268,"52":0.01581,"3.6":0.01581},"4":{"11":0.02108,"18":0.01054,"22":0.0527,"26":0.00527,"29":0.08959,"31":0.01054,"32":0.03689,"33":0.02108,"34":0.02635,"35":0.04216,"36":0.0527,"37":0.13702,"38":0.08432,"39":0.07378,"40":0.02108,"41":0.02108,"42":0.01054,"43":0.24242,"44":0.07378,"45":0.11067,"46":0.03689,"47":0.03689,"48":0.35309,"49":1.38601,"50":0.36363,"51":2.3188,"52":0.28985,"53":0.30039,"54":0.60078,"55":24.02066,"56":0.32147,"57":0.03162},"5":{"4":0.08959,"5":0.04216,"6":0.01054,"7":0.02635,"8":0.12648,"9":0.12121,"10":1.62316,"5.1":0.06851,"6.1":0.05797,"7.1":0.01054,"9.1":0.66402},"6":{"28":0.01054,"36":0.01581,"37":0.00527,"38":0.40052,"39":0.01054,"40":0.00527,"42":0.22661,"9.5-9.6":0.00527,"10.0-10.1":0,"12.1":0.03162},"7":{"8":0,"3.2":0,"4.0-4.1":0,"4.2-4.3":0,"5.0-5.1":0,"6.0-6.1":0.0805114978115,"7.0-7.1":0.378404039714,"8.1-8.4":0.454889962635,"9.0-9.2":0.205304319419,"9.3":1.76722737696,"10.0-10.2":15.9674428035},"8":{"0":0.141590174672},"9":{"3":0,"4":0.0217666449086,"2.1":0,"2.2":0,"2.3":0,"4.1":0.0703942558747,"4.2-4.3":0.214424608355,"4.4":0.485812989556,"4.4.3-4.4.4":0.271851501305},"10":{"7":0.0082775},"11":{"0":0.000309825327511,"10":0,"11":0,"12":0,"11.1":0,"11.5":0,"12.1":0},"12":{"0":22.7483},"13":{"0":0.02838},"14":{"10":0.0826601941748,"11":0.390339805825},"15":{"0":0.08987},"16":{"0":3.75562}}