{"1":{"6":0.0711397880795,"7":0.0766120794702,"8":0.798954543046,"9":0.459672476821,"10":0.481561642384,"11":3.8962714702},"2":{"12":0.07422,"13":0.262244,"14":2.00394},"3":{"3":0.059376,"16":0.059376,"30":0.009896,"31":0.004948,"33":0.009896,"34":0.004948,"36":0.004948,"37":0.004948,"38":0.04948,"39":0.019792,"40":0.004948,"41":0.014844,"42":0.009896,"43":0.09896,"44":0.009896,"45":0.286984,"46":0.113804,"47":0.400788,"48":0.430476,"49":0.07422,"50":0.32162,"51":3.943556,"52":0.029688,"53":0.009896,"3.6":0.004948},"4":{"11":0.014844,"18":0.004948,"21":0.004948,"22":0.039584,"26":0.004948,"29":0.059376,"31":0.009896,"32":0.029688,"33":0.019792,"34":0.029688,"35":0.044532,"36":0.054428,"37":0.212764,"38":0.089064,"39":0.039584,"40":0.014844,"41":0.02474,"42":0.009896,"43":0.128648,"44":0.07422,"45":0.1237,"46":0.029688,"47":0.034636,"48":0.202868,"49":1.281532,"50":0.17318,"51":1.103404,"52":0.207816,"53":0.212764,"54":0.227608,"55":7.14986,"56":18.62922,"57":0.059376,"58":0.034636},"5":{"4":0.059376,"5":0.034636,"6":0.019792,"7":0.029688,"8":0.143492,"9":0.133596,"10":1.83076,"5.1":0.064324,"6.1":0.04948,"7.1":0.009896,"9.1":0.59376,"10.1":0.009896},"6":{"28":0.004948,"36":0.014844,"37":0.009896,"38":0.158336,"42":0.103908,"43":0.178128,"10.0-10.1":0,"12.1":0.019792},"7":{"8":0,"3.2":0,"4.0-4.1":0,"4.2-4.3":0,"5.0-5.1":0,"6.0-6.1":0.113011497931,"7.0-7.1":0.498956424828,"8.1-8.4":0.68020128,"9.0-9.2":0.134334422069,"9.3":1.84443293793,"10.0-10.2":16.8259194372},"8":{"0":0.151229082969},"9":{"3":0,"4":0.0211573979592,"2.1":0,"2.2":0,"2.3":0,"4.1":0.0634721938776,"4.2-4.3":0.204380464286,"4.4":0.451498872449,"4.4.3-4.4.4":0.254735071429},"10":{"7":0.006315},"11":{"0":0.000330917030568,"10":0,"11":0,"12":0,"11.1":0,"11.5":0,"12.1":0},"12":{"0":24.47278},"13":{"0":0.030312},"14":{"10":0.0838730097087,"11":0.396066990291},"15":{"0":0.10104},"16":{"0":4.051704},"17":{}}