{"1":{"6":0.00626710344828,"7":0.0125342068966,"8":0.300820965517,"9":0.213081517241,"10":0.275752551724,"11":4.64392365517},"2":{"12":0.04347,"13":0.21114,"14":1.70154},"3":{"3":0.01863,"4":0.01242,"7":0.00621,"9":0.03726,"11":0.01863,"16":0.01863,"21":0.01242,"22":0.00621,"23":0.00621,"24":0.01242,"25":0.01863,"26":0.04347,"27":0.00621,"28":0.00621,"31":0.00621,"33":0.00621,"34":0.02484,"36":0.01242,"37":0.01863,"38":0.01863,"39":0.00621,"40":0.01242,"42":0.01242,"43":0.04968,"44":0.03726,"45":0.09936,"46":0.03726,"47":0.1863,"48":0.19872,"49":0.06831,"50":2.97459,"51":0.36639,"52":0.00621,"3.5":0.02484,"3.6":0.09936},"4":{"11":0.04968,"12":0.00621,"13":0.00621,"15":0.00621,"16":0.00621,"17":0.00621,"18":0.01242,"19":0.01242,"20":0.00621,"21":0.02484,"22":0.02484,"23":0.00621,"24":0.01863,"25":0.00621,"26":0.01863,"27":0.01863,"29":0.02484,"30":0.00621,"31":0.08073,"32":0.03105,"33":0.01242,"34":0.02484,"35":0.03105,"36":0.18009,"37":0.03726,"38":0.04347,"39":0.06831,"40":0.04968,"41":0.03105,"42":0.01863,"43":0.14283,"44":0.04347,"45":0.04347,"46":0.16146,"47":0.05589,"48":0.08073,"49":1.97478,"50":0.09315,"51":0.40365,"52":0.17388,"53":0.3105,"54":0.57132,"55":41.25924,"56":0.62721,"57":0.09936},"5":{"4":0.00621,"5":0.02484,"6":0.01242,"7":0.01863,"8":0.08073,"9":0.09936,"10":0.86319,"5.1":0.05589,"6.1":0.04347,"9.1":0.32292},"6":{"12":0.03105,"27":0.01242,"28":0.00621,"34":0.01242,"36":0.01242,"38":0.05589,"39":0.04347,"42":0.21735,"10.0-10.1":0,"11.6":0.02484,"12.1":0.09315},"7":{"8":0,"3.2":0,"4.0-4.1":0,"4.2-4.3":0,"5.0-5.1":0,"6.0-6.1":0.0385676096936,"7.0-7.1":0.18126776556,"8.1-8.4":0.217906994769,"9.0-9.2":0.0983474047187,"9.3":0.846559032775,"10.0-10.2":7.64892119248},"8":{"0":0.151268995633},"9":{"3":0,"4":0.0248823890339,"2.1":0,"2.2":0,"2.3":0,"4.1":0.0804707049608,"4.2-4.3":0.245118002611,"4.4":0.555353746736,"4.4.3-4.4.4":0.310765156658},"10":{"7":0.00379},"11":{"0":0.000331004366812,"10":0,"11":0,"12":0,"11.1":0,"11.5":0,"12.1":0},"12":{"0":23.85923},"13":{"0":0.01516},"14":{"10":0.0112596116505,"11":0.0531703883495},"15":{"0":0.10233},"16":{"0":3.74452}}