{"1":{"6":0.0124664920273,"7":0.0124664920273,"8":0.30542905467,"9":0.236863348519,"10":0.249329840547,"11":4.65623477221},"2":{"12":0.04319,"13":0.26531,"14":1.70909},"3":{"3":0.01851,"4":0.00617,"8":0.00617,"9":0.03702,"11":0.00617,"15":0.00617,"16":0.00617,"21":0.01234,"23":0.00617,"24":0.01234,"25":0.01234,"26":0.01851,"30":0.00617,"31":0.00617,"34":0.03085,"36":0.01234,"37":0.01851,"38":0.01851,"39":0.01234,"40":0.01234,"41":0.00617,"42":0.01234,"43":0.04936,"44":0.11723,"45":0.08021,"46":0.04319,"47":0.20361,"48":0.19127,"49":0.09872,"50":3.2084,"51":0.02468,"3.5":0.03085,"3.6":0.09872},"4":{"4":0.01234,"10":0.00617,"11":0.04319,"12":0.01234,"13":0.00617,"14":0.01234,"15":0.00617,"17":0.01234,"18":0.01851,"19":0.01234,"20":0.01234,"21":0.01851,"22":0.03085,"23":0.01851,"24":0.01234,"25":0.01234,"26":0.01851,"27":0.01234,"29":0.02468,"30":0.00617,"31":0.04936,"32":0.01851,"33":0.01851,"34":0.02468,"35":0.03085,"36":0.13574,"37":0.03085,"38":0.04936,"39":0.07404,"40":0.04319,"41":0.03702,"42":0.02468,"43":0.12957,"44":0.04936,"45":0.06787,"46":0.08638,"47":0.0617,"48":0.08021,"49":1.94972,"50":0.08638,"51":0.4319,"52":0.20978,"53":0.33318,"54":21.0397,"55":20.72503,"56":0.16042,"57":0.04936},"5":{"4":0.01851,"5":0.02468,"6":0.00617,"7":0.01234,"8":0.11106,"9":0.07404,"10":0.76508,"5.1":0.0617,"6.1":0.03085,"9.1":0.32084},"6":{"12":0.03085,"27":0.01234,"28":0.01234,"34":0.00617,"36":0.00617,"38":0.06787,"39":0.01851,"41":0.37637,"42":0.08021,"10.0-10.1":0,"10.5":0.00617,"10.6":0.00617,"11.5":0.00617,"11.6":0.01851,"12.1":0.08021},"7":{"8":0,"3.2":0,"4.0-4.1":0,"4.2-4.3":0,"5.0-5.1":0,"6.0-6.1":0,"7.0-7.1":0.158403198017,"8.1-8.4":0.240467505423,"9.0-9.2":0.161265906415,"9.3":1.02198689805,"10.0-10.2":7.6558364921},"8":{"0":0.138782912173},"9":{"3":0,"4":0.0259948310811,"2.1":0,"2.2":0,"2.3":0,"4.1":0.0854115878378,"4.2-4.3":0.244563614865,"4.4":0.563928682432,"4.4.3-4.4.4":0.336341283784},"10":{"7":0.0067025},"11":{"0":0.0105870878274,"10":0,"11":0,"12":0,"11.1":0,"11.5":0,"12.1":0},"12":{"0":24.31514},"13":{"0":0.01915},"14":{"10":0.013788,"11":0.055152},"15":{"0":0.09958},"16":{"0":3.50828}}