{"1":{"6":0.00604113068182,"7":0.0483290454545,"8":0.247686357955,"9":0.187275051136,"10":0.205398443182,"11":4.62146497159},"2":{"12":0.048056,"13":0.162189,"14":1.808107},"3":{"9":0.030035,"16":0.012014,"24":0.012014,"25":0.018021,"26":0.042049,"27":0.006007,"31":0.006007,"33":0.006007,"34":0.006007,"36":0.012014,"37":0.012014,"38":0.018021,"39":0.012014,"40":0.012014,"41":0.006007,"42":0.006007,"43":0.036042,"44":0.006007,"45":0.066077,"46":0.036042,"47":0.150175,"48":0.204238,"49":0.054063,"50":0.222259,"51":3.075584,"52":0.06007,"3.5":0.018021,"3.6":0.06007},"4":{"6":0.006007,"11":0.048056,"12":0.006007,"14":0.006007,"17":0.012014,"18":0.012014,"21":0.012014,"22":0.024028,"24":0.018021,"25":0.006007,"26":0.018021,"27":0.012014,"29":0.042049,"30":0.006007,"31":0.084098,"32":0.030035,"33":0.012014,"34":0.024028,"35":0.024028,"36":0.096112,"37":0.036042,"38":0.048056,"39":0.066077,"40":0.030035,"41":0.030035,"42":0.018021,"43":0.144168,"44":0.042049,"45":0.024028,"46":0.168196,"47":0.048056,"48":0.06007,"49":1.86217,"50":0.072084,"51":0.324378,"52":0.162189,"53":0.312364,"54":0.24028,"55":10.698467,"56":30.353371,"57":0.114133,"58":0.090105},"5":{"4":0.012014,"5":0.024028,"6":0.012014,"7":0.018021,"8":0.066077,"9":0.084098,"10":0.931085,"5.1":0.054063,"6.1":0.036042,"9.1":0.288336,"10.1":0.012014},"6":{"12":0.018021,"27":0.012014,"34":0.012014,"36":0.012014,"38":0.036042,"42":0.078091,"43":0.132154,"10.0-10.1":0,"11.6":0.012014,"12.1":0.06007},"7":{"8":0,"3.2":0,"4.0-4.1":0,"4.2-4.3":0,"5.0-5.1":0,"6.0-6.1":0.0526097344297,"7.0-7.1":0.23227694069,"8.1-8.4":0.316651043077,"9.0-9.2":0.0625360994164,"9.3":0.858630571353,"10.0-10.2":7.83289461103},"8":{"0":0.151402703057},"9":{"3":0,"4":0.0230887755102,"2.1":0,"2.2":0,"2.3":0,"4.1":0.0692663265306,"4.2-4.3":0.223037571429,"4.4":0.492714469388,"4.4.3-4.4.4":0.277988857143},"10":{"7":0.00299475},"11":{"0":0.000331296943231,"10":0,"11":0,"12":0,"11.1":0,"11.5":0,"12.1":0},"12":{"0":25.472292},"13":{"0":0.015972},"14":{"10":0.0097692815534,"11":0.0461327184466},"15":{"0":0.103818},"16":{"0":3.937098},"17":{}}