{"1":{"8":0.320331,"9":0.665786,"10":0.163306,"11":8.755714},"2":{"12":0.037686,"13":0.332893,"14":5.90414},"3":{"22":0.138182,"26":0.012562,"35":0.069091,"39":0.006281,"42":0.012562,"43":0.050248,"44":0.012562,"45":0.043967,"46":0.012562,"47":0.025124,"48":0.069091,"49":0.043967,"50":0.169587,"51":4.346452,"52":0.025124},"4":{"32":0.056529,"38":0.018843,"39":0.018843,"43":0.012562,"45":0.018843,"47":0.025124,"48":0.012562,"49":1.237357,"51":0.050248,"52":0.012562,"53":0.018843,"54":0.131901,"55":14.57192,"56":19.703497,"57":0.06281,"58":0.018843},"5":{"4":0.012562,"5":0.069091,"7":0.025124,"8":0.087934,"9":0.351736,"10":2.795045,"5.1":0.232397,"6.1":0.018843,"7.1":0.006281,"9.1":1.111737,"10.1":0.012562},"6":{"36":0.012562,"42":0.056529,"43":0.207273,"10.0-10.1":0},"7":{"8":0,"3.2":0,"4.0-4.1":0,"4.2-4.3":0,"5.0-5.1":0,"6.0-6.1":0.115827577719,"7.0-7.1":0.511389682759,"8.1-8.4":0.697150892308,"9.0-9.2":0.137681837666,"9.3":1.89039348541,"10.0-10.2":17.2451965241},"8":{"0":0.0185593886463},"9":{"3":0,"4":0.00988520408163,"2.1":0,"2.2":0,"2.3":0,"4.1":0.0296556122449,"4.2-4.3":0.0954910714286,"4.4":0.210950255102,"4.4.3-4.4.4":0.119017857143},"10":{"7":0.00372},"11":{"0":0.0000406113537118,"10":0,"11":0,"12":0,"11.1":0,"11.5":0,"12.1":0},"12":{"0":10.62389},"13":{"0":0.02232},"14":{"10":0.131969708738,"11":0.623190291262},"15":{"0":0.01488},"16":{"0":4.30776},"17":{}}