{"1":{"7":0.0123928205128,"8":0.371784615385,"9":0.731176410256,"10":0.15491025641,"11":7.42949589744},"2":{"12":0.043344,"13":0.482976,"14":5.120784},"3":{"22":0.068112,"26":0.012384,"34":0.006192,"38":0.012384,"39":0.006192,"41":0.012384,"42":0.024768,"43":0.012384,"45":0.049536,"46":0.018576,"47":0.03096,"48":0.105264,"49":0.037152,"50":4.105296,"51":0.297216},"4":{"11":0.006192,"22":0.006192,"30":0.006192,"32":0.18576,"34":0.006192,"36":0.006192,"38":0.006192,"41":0.006192,"43":0.006192,"45":0.012384,"47":0.018576,"48":0.03096,"49":1.411776,"50":0.012384,"51":0.105264,"52":0.024768,"53":0.037152,"54":0.396288,"55":34.266528,"56":0.222912,"57":0.012384},"5":{"4":0.037152,"5":0.06192,"7":0.012384,"8":0.074304,"9":0.439632,"10":2.718288,"5.1":0.34056,"6.1":0.074304,"7.1":0.012384,"9.1":1.30032},"6":{"28":0.018576,"42":0.086688,"10.0-10.1":0},"7":{"8":0,"3.2":0,"4.0-4.1":0,"4.2-4.3":0,"5.0-5.1":0,"6.0-6.1":0.0879413430127,"7.0-7.1":0.41332431216,"8.1-8.4":0.496868588022,"9.0-9.2":0.224250424682,"9.3":1.93031247913,"10.0-10.2":17.440966853},"8":{"0":0.0151987423581},"9":{"3":0,"4":0.0110594395126,"2.1":0,"2.2":0,"2.3":0,"4.1":0.0357666979983,"4.2-4.3":0.10894724456,"4.4":0.246837277633,"4.4.3-4.4.4":0.138125340296},"10":{"7":0.018088},"11":{"0":0.0000332576419214,"10":0,"11":0,"12":0,"11.1":0,"11.5":0,"12.1":0},"12":{"0":10.693392},"13":{"0":0.01904},"14":{"10":0.130433242718,"11":0.615934757282},"15":{"0":0.026656},"16":{"0":5.079872}}