{"1":{"8":0.390271102736,"9":0.914897831003,"10":0.236721816413,"11":8.98263324985},"2":{"12":0.102304,"13":0.422004,"14":5.677872},"3":{"26":0.012788,"32":0.019182,"38":0.025576,"39":0.134274,"41":0.019182,"42":0.076728,"43":0.012788,"45":0.03197,"46":0.006394,"47":0.044758,"48":0.12788,"49":0.204608,"50":4.578104,"51":0.03197},"4":{"11":0.012788,"12":0.006394,"22":0.012788,"32":0.038364,"38":0.012788,"42":0.006394,"43":0.038364,"44":0.012788,"45":0.019182,"47":0.03197,"48":0.03197,"49":1.579318,"50":0.025576,"51":0.070334,"52":0.025576,"53":0.12788,"54":22.417364,"55":11.016862,"56":0.057546,"57":0.012788},"5":{"4":0.038364,"5":0.108698,"6":0.006394,"7":0.03197,"8":0.172638,"9":0.57546,"10":3.337668,"5.1":0.198214,"6.1":0.083122,"7.1":0.012788,"9.1":0.914342},"6":{"28":0.012788,"35":0.006394,"36":0.006394,"41":0.051152,"42":0.025576,"10.0-10.1":0},"7":{"8":0,"3.2":0,"4.0-4.1":0,"4.2-4.3":0,"5.0-5.1":0,"6.0-6.1":0,"7.0-7.1":0.321402955067,"8.1-8.4":0.48791291974,"9.0-9.2":0.327211442206,"9.3":2.07362990889,"10.0-10.2":15.5338307741},"8":{"0":0.0636578459168},"9":{"3":0,"4":0.0128341925676,"2.1":0,"2.2":0,"2.3":0,"4.1":0.0421694898649,"4.2-4.3":0.120746179054,"4.4":0.278423402027,"4.4.3-4.4.4":0.166058736486},"10":{"7":0.007212},"11":{"0":0.0048561540832,"10":0,"11":0,"12":0,"11.1":0,"11.5":0,"12.1":0},"12":{"0":10.569854},"13":{"0":0.01803},"14":{"10":0.158664,"11":0.634656},"15":{"0":0.039666},"16":{"0":4.803192}}