{"1":{"6":0.00525083622351,"7":0.00525083622351,"8":0.215284285164,"9":0.0997658882466,"10":0.118143815029,"11":0.918896339114},"2":{"12":0.027808,"13":0.055616,"14":0.217408},"3":{"3":0.005056,"5":0.002528,"6":0.017696,"8":0.002528,"9":0.002528,"10":0.007584,"11":0.010112,"12":0.027808,"13":0.015168,"14":0.005056,"15":0.005056,"16":0.002528,"17":0.002528,"18":0.007584,"19":0.005056,"20":0.005056,"21":0.005056,"22":0.005056,"23":0.005056,"24":0.005056,"25":0.007584,"26":0.005056,"27":0.010112,"28":0.005056,"29":0.01264,"30":0.010112,"31":0.010112,"32":0.007584,"33":0.01264,"34":0.007584,"35":0.010112,"36":0.007584,"37":0.02528,"38":0.015168,"39":0.020224,"40":0.007584,"41":0.01264,"42":0.01264,"43":0.10112,"44":0.070784,"45":0.035392,"46":0.030336,"47":0.217408,"48":0.078368,"49":0.1264,"50":2.320704,"51":0.187072,"52":0.005056,"53":0.005056,"3.5":0.002528,"3.6":0.017696},"4":{"4":0.005056,"5":0.005056,"6":0.010112,"8":0.005056,"10":0.002528,"11":0.030336,"12":0.005056,"13":0.017696,"14":0.010112,"15":0.01264,"16":0.002528,"17":0.005056,"18":0.020224,"19":0.010112,"20":0.007584,"21":0.020224,"22":0.020224,"23":0.017696,"24":0.01264,"25":0.017696,"26":0.017696,"27":0.017696,"28":0.01264,"29":0.020224,"30":0.030336,"31":0.058144,"32":0.030336,"33":0.103648,"34":0.035392,"35":0.010112,"36":0.02528,"37":0.005056,"38":0.07584,"39":0.03792,"40":0.05056,"41":0.017696,"42":0.020224,"43":1.395456,"44":0.05056,"45":0.03792,"46":0.022752,"47":0.0632,"48":0.040448,"49":0.30336,"50":0.042976,"51":0.262912,"52":0.369088,"53":0.209824,"54":6.66128,"55":7.879776,"56":0.058144,"57":0.035392},"5":{"4":0.007584,"7":0.002528,"8":0.017696,"9":0.010112,"10":0.154208,"5.1":0.007584,"9.1":0.03792},"6":{"28":0.005056,"34":0.005056,"36":0.015168,"37":0.010112,"38":0.015168,"39":0.005056,"40":0.010112,"41":0.321056,"42":0.184544,"43":0.005056,"10.0-10.1":0,"12.1":0.010112},"7":{"8":0,"3.2":0,"4.0-4.1":0,"4.2-4.3":0,"5.0-5.1":0,"6.0-6.1":0,"7.0-7.1":0.278281638674,"8.1-8.4":0.422451644252,"9.0-9.2":0.283310824915,"9.3":1.79541948807,"10.0-10.2":13.4497204041},"8":{"0":0.610930983051},"9":{"3":0,"4":0.150594878378,"2.1":0,"2.2":0,"2.3":0,"4.1":0.494811743243,"4.2-4.3":1.4168212027,"4.4":3.26698685135,"4.4.3-4.4.4":1.94851332432},"10":{"7":0.005604},"11":{"0":0.0466050169492,"10":0,"11":0,"12":0,"11.1":0,"11.5":0,"12.1":0},"12":{"0":40.674688},"13":{"0":0.052304},"14":{"10":0.029888,"11":0.119552},"15":{"0":0.5604},"16":{"0":9.19056}}