{"1":{"7":0.00689965392354,"8":0.0620968853119,"9":0.0551972313883,"10":0.0413979235412,"11":3.26353630584},"2":{"12":0.041232,"13":0.20616,"14":2.61136},"3":{"7":0.013744,"16":0.020616,"24":0.006872,"29":0.006872,"33":0.013744,"35":0.03436,"36":0.027488,"37":0.006872,"38":0.027488,"39":0.006872,"41":0.041232,"42":0.082464,"43":0.020616,"44":0.006872,"45":0.522272,"46":0.020616,"47":0.089336,"48":0.178672,"49":0.061848,"50":0.302368,"51":6.08172,"52":0.048104,"3.6":0.006872},"4":{"31":0.013744,"34":0.041232,"36":0.020616,"37":0.006872,"38":0.061848,"39":0.075592,"41":0.013744,"43":0.020616,"44":0.06872,"45":0.013744,"46":0.020616,"47":0.013744,"48":0.10308,"49":1.243832,"50":0.096208,"51":0.096208,"52":0.185544,"53":0.164928,"54":0.247392,"55":11.448752,"56":29.61832,"57":0.089336,"58":0.027488},"5":{"4":0.006872,"5":0.13744,"7":0.03436,"8":0.219904,"9":0.254264,"10":7.545456,"5.1":0.096208,"6.1":0.10308,"7.1":0.020616,"9.1":1.147624,"10.1":0.048104},"6":{"29":0.006872,"36":0.013744,"42":0.1718,"43":0.288624,"44":0.020616,"10.0-10.1":0,"12.1":0.054976},"7":{"8":0,"3.2":0,"4.0-4.1":0,"4.2-4.3":0,"5.0-5.1":0,"6.0-6.1":0.0772544645093,"7.0-7.1":0.341085748966,"8.1-8.4":0.464984418462,"9.0-9.2":0.0918307785676,"9.3":1.26085116605,"10.0-10.2":11.5021694234},"8":{"0":0.0998774497817},"9":{"3":0,"4":0.00651666666667,"2.1":0,"2.2":0,"2.3":0,"4.1":0.01955,"4.2-4.3":0.062951,"4.4":0.139065666667,"4.4.3-4.4.4":0.0784606666667},"10":{"7":0.002346},"11":{"0":0.000218550218341,"10":0,"11":0,"12":0,"11.1":0,"11.5":0,"12.1":0},"12":{"0":12.702144},"13":{"0":0.01564},"14":{"10":0.0317051650485,"11":0.149718834951},"15":{"0":0.01564},"16":{"0":4.047632},"17":{}}