{"1":{"7":0.00701489208633,"8":0.161342517986,"9":0.063134028777,"10":0.0701489208633,"11":3.59863964029},"2":{"12":0.0694,"13":0.26372,"14":2.37348},"3":{"13":0.00694,"16":0.01388,"35":0.05552,"36":0.02776,"37":0.00694,"38":0.04858,"39":0.02082,"40":0.01388,"41":0.07634,"42":0.01388,"43":0.0347,"44":0.02082,"45":0.1041,"46":0.05552,"47":0.16656,"48":0.22902,"49":0.27066,"50":6.47502,"51":0.06246,"3.6":0.01388},"4":{"21":0.00694,"29":0.00694,"31":0.02082,"33":0.04164,"34":0.05552,"35":0.12492,"36":0.0347,"37":0.00694,"38":0.04164,"39":0.02776,"40":0.01388,"41":0.01388,"42":0.00694,"43":0.06246,"44":0.13186,"45":0.0347,"46":0.02082,"47":0.04164,"48":0.11104,"49":1.61008,"50":0.12492,"51":0.22208,"52":0.18738,"53":0.21514,"54":22.78402,"55":18.4604,"56":0.08328,"57":0.0347},"5":{"4":0.02776,"5":0.06246,"7":0.0347,"8":0.31924,"9":0.42334,"10":3.3659,"5.1":0.08328,"6.1":0.11104,"9.1":1.6309},"6":{"25":0.00694,"28":0.00694,"36":0.01388,"38":0.01388,"40":0.01388,"41":0.3123,"42":0.15268,"10.0-10.1":0,"12.1":0.15962},"7":{"8":0,"3.2":0,"4.0-4.1":0,"4.2-4.3":0,"5.0-5.1":0,"6.0-6.1":0,"7.0-7.1":0.227434643529,"8.1-8.4":0.345262229935,"9.0-9.2":0.231544908171,"9.3":1.46736447722,"10.0-10.2":10.9922177411},"8":{"0":0.133582617874},"9":{"3":0,"4":0.00734263344595,"2.1":0,"2.2":0,"2.3":0,"4.1":0.0241257956081,"4.2-4.3":0.0690806942568,"4.4":0.159290190878,"4.4.3-4.4.4":0.0950046858108},"10":{"7":0.00229425},"11":{"0":0.0101903821263,"10":0,"11":0,"12":0,"11.1":0,"11.5":0,"12.1":0},"12":{"0":12.93108},"13":{"0":0.021413},"14":{"10":0.055062,"11":0.220248},"15":{"0":0.015295},"16":{"0":3.42608}}