{"1":{"6":0.019156778157,"7":0.025542370876,"8":0.38313556314,"9":0.274580486917,"10":0.261809301479,"11":4.64871149943},"2":{"12":0.12656,"13":0.367024,"14":2.176832},"3":{"11":0.012656,"12":0.012656,"16":0.025312,"20":0.006328,"21":0.025312,"24":0.006328,"25":0.006328,"26":0.006328,"27":0.006328,"28":0.012656,"29":0.012656,"30":0.012656,"31":0.018984,"32":0.012656,"33":0.012656,"34":0.037968,"35":0.03164,"36":0.025312,"37":0.037968,"38":0.056952,"39":0.03164,"40":0.025312,"41":0.03164,"42":0.037968,"43":0.202496,"44":0.044296,"45":0.18984,"46":0.09492,"47":0.582176,"48":0.550536,"49":0.512568,"50":8.751624,"51":0.120232,"52":0.006328,"3.6":0.025312},"4":{"11":0.025312,"21":0.012656,"22":0.044296,"25":0.050624,"26":0.03164,"27":0.006328,"29":0.012656,"30":0.006328,"31":0.025312,"32":0.139216,"33":0.012656,"34":0.09492,"35":0.170856,"36":0.75936,"37":0.025312,"38":0.056952,"39":0.044296,"40":0.025312,"41":0.069608,"42":0.037968,"43":0.215152,"44":0.044296,"45":0.06328,"46":0.050624,"47":0.09492,"48":0.09492,"49":2.550184,"50":0.145544,"51":0.582176,"52":0.177184,"53":0.423976,"54":15.40868,"55":14.155736,"56":0.075936,"57":0.03164},"5":{"4":0.025312,"5":0.069608,"6":0.012656,"7":0.037968,"8":0.177184,"9":0.265776,"10":2.834944,"5.1":0.202496,"6.1":0.107576,"7.1":0.012656,"9.1":0.88592},"6":{"28":0.037968,"36":0.037968,"37":0.012656,"38":0.06328,"41":0.56952,"42":0.170856,"10.0-10.1":0,"12.1":0.037968},"7":{"8":0,"3.2":0,"4.0-4.1":0,"4.2-4.3":0,"5.0-5.1":0,"6.0-6.1":0,"7.0-7.1":0.15652786613,"8.1-8.4":0.237620616052,"9.0-9.2":0.159356682987,"9.3":1.00988761822,"10.0-10.2":7.56519921661},"8":{"0":0.218351038521},"9":{"3":0,"4":0.0395871993243,"2.1":0,"2.2":0,"2.3":0,"4.1":0.130072226351,"4.2-4.3":0.372442834459,"4.4":0.85879985473,"4.4.3-4.4.4":0.512209885135},"10":{"7":0.016524},"11":{"0":0.0166569614792,"10":0,"11":0,"12":0,"11.1":0,"11.5":0,"12.1":0},"12":{"0":19.937376},"13":{"0":0.058752},"14":{"10":0.2548368,"11":1.0193472},"15":{"0":0.396576},"16":{"0":3.719736}}