{"1":{"8":0.125074,"9":0.206644,"10":0.750444,"11":10.756364},"2":{"12":0.076132,"13":0.24471,"14":2.985462},"3":{"12":0.021752,"16":0.016314,"19":0.043504,"21":0.010876,"26":0.010876,"33":0.065256,"43":0.016314,"45":0.059818,"46":0.010876,"47":0.076132,"48":0.152264,"49":0.076132,"50":0.29909,"51":3.69784,"52":0.201206,"3.6":0.010876},"4":{"11":0.005438,"22":0.016314,"32":0.048942,"34":0.010876,"38":0.021752,"39":0.070694,"41":0.043504,"42":0.038066,"43":0.02719,"45":0.010876,"46":0.02719,"47":0.010876,"48":0.016314,"49":0.913584,"51":0.016314,"52":0.02719,"53":0.179454,"54":0.087008,"55":6.166692,"56":18.396754,"57":0.016314,"58":0.005438},"5":{"4":0,"5":0.010876,"6":0.010876,"7":0.097884,"8":0.250148,"9":0.2719,"10":5.00296,"5.1":0.206644,"6.1":0.146826,"7.1":0.016314,"9.1":1.256178,"10.1":0.010876},"6":{"28":0.016314,"42":0.065256,"43":0.114198,"10.0-10.1":0,"12.1":0.010876},"7":{"8":0,"3.2":0,"4.0-4.1":0,"4.2-4.3":0,"5.0-5.1":0,"6.0-6.1":0.157513638196,"7.0-7.1":0.695437572414,"8.1-8.4":0.948053784615,"9.0-9.2":0.187233192573,"9.3":2.57074145358,"10.0-10.2":23.4517003586},"8":{"0":0.100144864629},"9":{"3":0,"4":0.0101830357143,"2.1":0,"2.2":0,"2.3":0,"4.1":0.0305491071429,"4.2-4.3":0.098368125,"4.4":0.217305982143,"4.4.3-4.4.4":0.12260375},"10":{"7":0.072992},"11":{"0":0.000219135371179,"10":0,"11":0,"12":0,"11.1":0,"11.5":0,"12.1":0},"12":{"0":11.631826},"13":{"0":0.036496},"14":{"10":0.0908856699029,"11":0.429182330097},"15":{"0":0.223538},"16":{"0":4.26547},"17":{}}