{"1":{"8":0.157731,"9":0.261072,"10":0.592851,"11":11.329437},"2":{"12":0.103341,"13":0.342657,"14":3.225327},"3":{"12":0.021756,"16":0.016317,"19":0.016317,"21":0.005439,"33":0.05439,"40":0.005439,"41":0.010878,"42":0.005439,"43":0.010878,"44":0.081585,"45":0.021756,"46":0.021756,"47":0.103341,"48":0.125097,"49":0.076146,"50":3.965031,"51":0.484071,"52":0.032634,"3.6":0.010878},"4":{"14":0.005439,"21":0.005439,"22":0.05439,"32":0.103341,"38":0.021756,"39":0.043512,"43":0.021756,"44":0.027195,"45":0.010878,"46":0.038073,"47":0.027195,"48":0.021756,"49":1.038849,"50":0.016317,"51":0.027195,"52":0.065268,"53":0.342657,"54":0.358974,"55":21.565635,"56":0.261072},"5":{"4":0.010878,"5":0.010878,"6":0.010878,"7":0.027195,"8":0.266511,"9":0.310023,"10":5.254074,"5.1":0.233877,"6.1":0.212121,"7.1":0.010878,"9.1":1.653456},"6":{"36":0.021756,"41":0.027195,"42":0.174048,"10.0-10.1":0,"12.1":0.027195},"7":{"8":0,"3.2":0,"4.0-4.1":0,"4.2-4.3":0,"5.0-5.1":0,"6.0-6.1":0.123522416996,"7.0-7.1":0.58055535988,"8.1-8.4":0.697901656026,"9.0-9.2":0.314982163339,"9.3":2.71131705306,"10.0-10.2":24.4975833507},"8":{"0":0.131980203057},"9":{"3":0,"4":0.00970155265448,"2.1":0,"2.2":0,"2.3":0,"4.1":0.0313752341166,"4.2-4.3":0.0955706144473,"4.4":0.216530398607,"4.4.3-4.4.4":0.121166200174},"10":{"7":0.059293},"11":{"0":0.000288796943231,"10":0,"11":0,"12":0,"11.1":0,"11.5":0,"12.1":0},"12":{"0":10.875374},"13":{"0":0.072976},"14":{"10":0.101227631068,"11":0.478019368932},"15":{"0":0.191562},"16":{"0":3.863167}}