{"1":{"7":0.005329,"8":0.21316,"9":0.314411,"10":0.452965,"11":9.810689},"2":{"12":0.090593,"13":0.357043,"14":2.909634},"3":{"12":0.010658,"13":0.021316,"16":0.015987,"18":0.005329,"19":0.031974,"21":0.021316,"26":0.010658,"33":0.047961,"35":0.005329,"40":0.010658,"41":0.015987,"42":0.010658,"43":0.026645,"44":0.010658,"45":0.026645,"46":0.010658,"47":0.095922,"48":0.143883,"49":0.127896,"50":4.364451,"51":0.133225},"4":{"15":0.010658,"22":0.058619,"26":0.005329,"28":0.021316,"32":0.042632,"33":0.005329,"34":0.005329,"38":0.05329,"39":0.010658,"41":0.010658,"43":0.015987,"44":0.021316,"46":0.015987,"47":0.010658,"48":0.010658,"49":0.900601,"50":0.015987,"51":0.042632,"52":0.090593,"53":0.250463,"54":11.025701,"55":12.166107,"56":0.031974,"57":0.058619},"5":{"4":0.021316,"5":0.031974,"6":0.015987,"7":0.037303,"8":0.490268,"9":0.31974,"10":4.63623,"5.1":0.341056,"6.1":0.175857,"7.1":0.021316,"9.1":1.742583},"6":{"17":0.010658,"28":0.005329,"36":0.010658,"41":0.117238,"42":0.090593,"10.0-10.1":0,"12.1":0.010658},"7":{"8":0,"3.2":0,"4.0-4.1":0,"4.2-4.3":0,"5.0-5.1":0,"6.0-6.1":0,"7.0-7.1":0.48186605516,"8.1-8.4":0.731507505423,"9.0-9.2":0.490574477843,"9.3":3.10890689805,"10.0-10.2":23.2892250635},"8":{"0":0.0694537072419},"9":{"3":0,"4":0.0134379189189,"2.1":0,"2.2":0,"2.3":0,"4.1":0.0441531621622,"4.2-4.3":0.126426135135,"4.4":0.291520567568,"4.4.3-4.4.4":0.173870216216},"10":{"7":0.074752},"11":{"0":0.00529829275809,"10":0,"11":0,"12":0,"11.1":0,"11.5":0,"12.1":0},"12":{"0":11.556922},"13":{"0":0.037376},"14":{"10":0.1560448,"11":0.6241792},"15":{"0":0.168192},"16":{"0":4.774784}}