{"1":{"6":0.00576030443975,"7":0.0172809133192,"8":0.178569437632,"9":0.184329742072,"10":0.201610655391,"11":2.13131264271},"2":{"12":0.177072,"13":0.439824,"14":2.244816},"3":{"4":0.011424,"5":0.011424,"6":0.011424,"22":0.011424,"28":0.005712,"29":0.005712,"31":0.005712,"33":0.005712,"34":0.005712,"37":0.017136,"38":0.034272,"39":0.017136,"40":0.011424,"41":0.017136,"42":0.045696,"43":0.068544,"44":0.034272,"45":0.051408,"46":0.02856,"47":0.205632,"48":0.234192,"49":0.091392,"50":3.672816,"51":0.65688,"52":0.051408,"3.5":0.011424,"3.6":0.005712},"4":{"10":0.011424,"11":0.017136,"12":0.011424,"16":0.011424,"18":0.017136,"20":0.005712,"21":0.011424,"22":0.062832,"24":0.005712,"26":0.017136,"28":0.02856,"29":0.005712,"30":0.005712,"31":0.034272,"32":0.097104,"33":0.017136,"34":0.017136,"35":0.011424,"36":0.559776,"37":0.02856,"38":0.017136,"39":0.045696,"40":0.011424,"41":0.022848,"42":0.017136,"43":0.125664,"44":0.039984,"45":0.108528,"46":0.039984,"47":0.05712,"48":0.045696,"49":1.39944,"50":0.108528,"51":0.502656,"52":0.297024,"53":0.851088,"54":0.48552,"55":33.409488,"56":0.594048,"57":0.319872,"58":0.005712},"5":{"4":0.005712,"5":0.017136,"6":0.02856,"7":0.005712,"8":0.079968,"9":0.091392,"10":1.393728,"5.1":0.068544,"6.1":0.022848,"7.1":0.011424,"9.1":0.405552},"6":{"27":0.005712,"28":0.005712,"29":0.039984,"33":0.034272,"36":0.011424,"37":0.051408,"38":0.039984,"40":0.011424,"41":0.017136,"42":0.451248,"10.0-10.1":0,"12.1":0.045696},"7":{"8":0,"3.2":0,"4.0-4.1":0,"4.2-4.3":0,"5.0-5.1":0,"6.0-6.1":0.0290712330522,"7.0-7.1":0.136634795345,"8.1-8.4":0.164252466745,"9.0-9.2":0.0741316442831,"9.3":0.638113565496,"10.0-10.2":5.76555229508},"8":{"0":1.45011987118},"9":{"3":0,"4":0.0972372937337,"2.1":0,"2.2":0,"2.3":0,"4.1":0.314469545692,"4.2-4.3":0.957890787206,"4.4":2.17025364099,"4.4.3-4.4.4":1.21443173238},"10":{"7":0.09324225},"11":{"0":0.00317312882096,"10":0,"11":0,"12":0,"11.1":0,"11.5":0,"12.1":0},"12":{"0":26.670489},"13":{"0":0.017148},"14":{"10":0.0689249708738,"11":0.325479029126},"15":{"0":1.723374},"16":{"0":2.868003}}