{"1":{"6":0.00579675720165,"7":0.0173902716049,"8":0.168105958848,"9":0.231870288066,"10":0.173902716049,"11":2.20276773663},"2":{"12":0.161644,"13":0.421429,"14":2.638261},"3":{"3":0.005773,"4":0.011546,"5":0.011546,"6":0.017319,"11":0.023092,"21":0.017319,"22":0.011546,"25":0.005773,"28":0.011546,"29":0.017319,"31":0.017319,"33":0.011546,"34":0.017319,"35":0.005773,"36":0.011546,"37":0.034638,"38":0.028865,"39":0.017319,"40":0.011546,"41":0.034638,"42":0.005773,"43":0.051957,"44":0.023092,"45":0.046184,"46":0.017319,"47":0.190509,"48":0.282877,"49":0.063503,"50":0.282877,"51":3.989143,"52":0.357926,"53":0.011546,"3.5":0.017319,"3.6":0.005773},"4":{"4":0.011546,"9":0.011546,"11":0.011546,"12":0.011546,"16":0.017319,"18":0.017319,"21":0.011546,"22":0.080822,"24":0.011546,"26":0.011546,"27":0.011546,"28":0.011546,"29":0.011546,"30":0.005773,"31":0.034638,"32":0.103914,"33":0.017319,"34":0.023092,"35":0.017319,"36":0.392564,"37":0.034638,"38":0.028865,"39":0.040411,"40":0.011546,"41":0.034638,"42":0.017319,"43":0.144325,"44":0.017319,"45":0.034638,"46":0.028865,"47":0.040411,"48":0.040411,"49":1.373974,"50":0.05773,"51":0.311742,"52":0.167417,"53":0.733171,"54":0.236693,"55":9.184843,"56":25.74758,"57":0.167417,"58":0.219374},"5":{"4":0.005773,"5":0.028865,"6":0.017319,"7":0.011546,"8":0.069276,"9":0.069276,"10":1.622213,"5.1":0.051957,"6.1":0.017319,"7.1":0.005773,"9.1":0.386791,"10.1":0.011546},"6":{"12":0.028865,"28":0.028865,"29":0.023092,"30":0.005773,"36":0.005773,"37":0.017319,"38":0.017319,"42":0.23092,"43":0.300196,"10.0-10.1":0,"11.6":0.011546,"12.1":0.034638},"7":{"8":0,"3.2":0,"4.0-4.1":0,"4.2-4.3":0,"5.0-5.1":0,"6.0-6.1":0.0334679732626,"7.0-7.1":0.14776425931,"8.1-8.4":0.201439310769,"9.0-9.2":0.0397826851989,"9.3":0.546222582493,"10.0-10.2":4.98293918897},"8":{"0":1.47200198908},"9":{"3":0,"4":0.0985760841837,"2.1":0,"2.2":0,"2.3":0,"4.1":0.295728252551,"4.2-4.3":0.952244973214,"4.4":2.10361363648,"4.4.3-4.4.4":1.18685605357},"10":{"7":0.08982375},"11":{"0":0.00322101091703,"10":0,"11":0,"12":0,"11.1":0,"11.5":0,"12.1":0},"12":{"0":26.555076},"13":{"0":0.033816},"14":{"10":0.100463067961,"11":0.474408932039},"15":{"0":1.826064},"16":{"0":2.717961},"17":{}}