{"1":{"6":0.0209126618304,"7":0.0167301294643,"8":0.631562387277,"9":0.309507395089,"10":0.33042005692,"11":2.43841636942},"2":{"12":0.065104,"13":0.179036,"14":0.634764},"3":{"3":0.008138,"10":0.004069,"11":0.004069,"12":0.008138,"13":0.008138,"16":0.004069,"18":0.008138,"21":0.004069,"24":0.004069,"27":0.004069,"29":0.008138,"30":0.008138,"31":0.008138,"32":0.004069,"33":0.012207,"34":0.012207,"35":0.028483,"36":0.008138,"37":0.016276,"38":0.024414,"39":0.012207,"40":0.020345,"41":0.024414,"42":0.008138,"43":0.093587,"44":0.044759,"45":0.061035,"46":0.048828,"47":0.240071,"48":0.179036,"49":0.134277,"50":2.893059,"51":0.113932,"52":0.004069,"3.6":0.016276},"4":{"6":0.004069,"7":0.004069,"8":0.008138,"10":0.004069,"11":0.028483,"12":0.008138,"13":0.008138,"14":0.008138,"15":0.004069,"17":0.012207,"18":0.020345,"19":0.020345,"20":0.008138,"21":0.008138,"22":0.024414,"23":0.020345,"24":0.016276,"25":0.012207,"26":0.012207,"27":0.024414,"28":0.032552,"29":0.024414,"30":0.048828,"31":0.048828,"32":0.04069,"33":0.069173,"34":0.012207,"35":0.020345,"36":0.069173,"37":0.016276,"38":0.036621,"39":0.036621,"40":0.036621,"41":0.028483,"42":0.016276,"43":0.231933,"44":0.073242,"45":0.028483,"46":0.024414,"47":0.089518,"48":0.073242,"49":1.444495,"50":0.08138,"51":0.288899,"52":0.382486,"53":0.264485,"54":11.747203,"55":13.26494,"56":0.089518,"57":0.048828},"5":{"4":0.008138,"5":0.016276,"6":0.008138,"7":0.024414,"8":0.061035,"9":0.069173,"10":0.642902,"5.1":0.04069,"6.1":0.012207,"9.1":0.317382},"6":{"19":0.008138,"28":0.008138,"36":0.016276,"37":0.012207,"38":0.04069,"40":0.008138,"41":0.297037,"42":0.154622,"10.0-10.1":0,"12.1":0.012207},"7":{"8":0,"3.2":0,"4.0-4.1":0,"4.2-4.3":0,"5.0-5.1":0,"6.0-6.1":0,"7.0-7.1":0.11807229687,"8.1-8.4":0.179242281996,"9.0-9.2":0.120206133561,"9.3":0.761779698482,"10.0-10.2":5.70659058909},"8":{"0":1.54297386749},"9":{"3":0,"4":0.119782155405,"2.1":0,"2.2":0,"2.3":0,"4.1":0.393569939189,"4.2-4.3":1.12693007432,"4.4":2.59853941216,"4.4.3-4.4.4":1.54983441892},"10":{"7":0.0148275},"11":{"0":0.117706132512,"10":0,"11":0,"12":0,"11.1":0,"11.5":0,"12.1":0},"12":{"0":37.64151},"13":{"0":0.029655},"14":{"10":0.1459026,"11":0.5836104},"15":{"0":1.316682},"16":{"0":5.272659}}