{"1":{"6":0.012560792752,"7":0.351702197055,"8":0.715965186863,"9":0.205159614949,"10":0.242841993205,"11":2.15208249151},"2":{"12":0.070618,"13":0.095542,"14":0.672948},"3":{"3":0.004154,"4":0.004154,"5":0.008308,"10":0.008308,"11":0.004154,"12":0.008308,"13":0.004154,"16":0.008308,"22":0.004154,"29":0.008308,"30":0.008308,"31":0.008308,"32":0.008308,"33":0.016616,"34":0.008308,"35":0.029078,"36":0.016616,"37":0.008308,"38":0.024924,"39":0.008308,"40":0.008308,"41":0.02077,"42":0.012462,"43":0.06231,"44":0.02077,"45":0.045694,"46":0.033232,"47":0.182776,"48":0.16616,"49":0.06231,"50":0.236778,"51":2.787334,"52":0.120466,"3.6":0.024924},"4":{"6":0.004154,"7":0.004154,"8":0.008308,"11":0.037386,"12":0.004154,"13":0.008308,"14":0.008308,"15":0.004154,"17":0.012462,"18":0.037386,"19":0.033232,"20":0.004154,"21":0.008308,"22":0.02077,"23":0.033232,"24":0.008308,"25":0.016616,"26":0.012462,"27":0.024924,"28":0.024924,"29":0.012462,"30":0.049848,"31":0.037386,"32":0.058156,"33":0.06231,"34":0.012462,"35":0.016616,"36":0.066464,"37":0.016616,"38":0.04154,"39":0.02077,"40":0.04154,"41":0.024924,"42":0.012462,"43":0.22847,"44":0.045694,"45":0.02077,"46":0.024924,"47":0.099696,"48":0.054002,"49":1.32928,"50":0.078926,"51":0.245086,"52":0.12462,"53":0.51925,"54":0.199392,"55":6.372236,"56":19.760578,"57":0.087234,"58":0.074772},"5":{"4":0.008308,"5":0.037386,"6":0.012462,"7":0.02077,"8":0.04154,"9":0.045694,"10":0.72695,"5.1":0.037386,"6.1":0.008308,"9.1":0.224316,"10.1":0.004154},"6":{"11":0.008308,"36":0.012462,"38":0.037386,"39":0.004154,"40":0.008308,"41":0.008308,"42":0.294934,"43":0.157852,"10.0-10.1":0.016616,"12.1":0.008308},"7":{"8":0,"3.2":0,"4.0-4.1":0,"4.2-4.3":0,"5.0-5.1":0,"6.0-6.1":0.0331041767639,"7.0-7.1":0.146158063448,"8.1-8.4":0.199249667692,"9.0-9.2":0.0393502478515,"9.3":0.540285149072,"10.0-10.2":4.92877469517},"8":{"0":1.00914979476},"9":{"3":0,"4":0.106381292517,"2.1":0,"2.2":0,"2.3":0,"4.1":0.319143877551,"4.2-4.3":1.02764328571,"4.4":2.27017678231,"4.4.3-4.4.4":1.2808307619},"10":{"7":0.0131535},"11":{"0":0.00220820524017,"10":0,"11":0,"12":0,"11.1":0,"11.5":0,"12.1":0},"12":{"0":38.873144},"13":{"0":0.023384},"14":{"10":0.106249631068,"11":0.501734368932},"15":{"0":1.239352},"16":{"0":5.682312},"17":{}}