{"1":{"6":0.112118729494,"7":0.0981038883072,"8":1.06512793019,"9":0.742786582897,"10":0.574608488656,"11":13.4682623805},"2":{"12":0.047159,"13":0.323376,"14":2.789118},"3":{"3":0.040422,"10":0.013474,"12":0.013474,"13":0.006737,"16":0.033685,"19":0.013474,"21":0.013474,"24":0.013474,"25":0.006737,"28":0.013474,"29":0.006737,"31":0.013474,"33":0.020211,"34":0.020211,"35":0.047159,"36":0.040422,"37":0.026948,"38":0.080844,"39":0.033685,"40":0.026948,"41":0.026948,"42":0.033685,"43":0.175162,"44":0.047159,"45":0.242532,"46":0.154951,"47":0.660226,"48":0.714122,"49":0.262743,"50":8.791785,"51":0.053896,"52":0.013474,"3.6":0.026948},"4":{"11":0.013474,"17":0.020211,"21":0.013474,"22":0.013474,"27":0.013474,"29":0.040422,"31":0.013474,"32":0.006737,"33":0.013474,"34":0.006737,"35":0.013474,"36":0.053896,"37":0.006737,"38":0.013474,"39":0.128003,"40":0.013474,"41":0.047159,"42":0.074107,"43":0.20211,"44":0.026948,"45":0.208847,"46":0.026948,"47":0.060633,"48":0.296428,"49":1.744883,"50":0.262743,"51":1.401296,"52":0.397483,"53":0.397483,"54":10.583827,"55":10.118974,"56":0.074107,"57":0.047159},"5":{"4":0.087581,"5":0.121266,"6":0.080844,"7":0.094318,"8":0.229058,"9":0.208847,"10":2.128892,"5.1":0.343587,"6.1":0.235795,"7.1":0.033685,"9.1":1.071183},"6":{"28":0.013474,"36":0.026948,"37":0.026948,"38":0.208847,"39":0.013474,"40":0.006737,"41":0.20211,"42":0.121266,"10.0-10.1":0,"10.6":0.026948,"11.6":0.006737,"12.1":0.188636},"7":{"8":0,"3.2":0,"4.0-4.1":0,"4.2-4.3":0,"5.0-5.1":0,"6.0-6.1":0,"7.0-7.1":0.389024695176,"8.1-8.4":0.590567609544,"9.0-9.2":0.396055261956,"9.3":2.50991234056,"10.0-10.2":18.8020790928},"8":{"0":0.0909517257319},"9":{"3":0,"4":0.0278181773649,"2.1":0,"2.2":0,"2.3":0,"4.1":0.0914025827703,"4.2-4.3":0.261717954392,"4.4":0.603484133446,"4.4.3-4.4.4":0.359933152027},"10":{"7":0.009789},"11":{"0":0.0069382742681,"10":0,"11":0,"12":0,"11.1":0,"11.5":0,"12.1":0},"12":{"0":9.178562},"13":{"0":0.039156},"14":{"10":0.0117468,"11":0.0469872},"15":{"0":0.212095},"16":{"0":0.730912}}