{"1":{"8":0.0325563333333,"9":0.0137460074074,"10":0.0137460074074,"11":0.135289651852},"2":{"12":0.017758,"13":0.021173,"14":0.062153},"3":{"3":0.004098,"4":0.001366,"5":0.000683,"7":0.001366,"9":0.000683,"10":0.002049,"11":0.002049,"12":0.004098,"13":0.002049,"14":0.003415,"15":0.002732,"16":0.004098,"17":0.001366,"18":0.003415,"19":0.002732,"20":0.010928,"21":0.002732,"22":0.001366,"23":0.001366,"24":0.002732,"25":0.002049,"26":0.001366,"27":0.002049,"28":0.002732,"29":0.005464,"30":0.009562,"31":0.006147,"32":0.006147,"33":0.00683,"34":0.010245,"35":0.007513,"36":0.00683,"37":0.010245,"38":0.012977,"39":0.010928,"40":0.008879,"41":0.014343,"42":0.010928,"43":0.062153,"44":0.077862,"45":0.03415,"46":0.028686,"47":0.137283,"48":0.060787,"49":0.128404,"50":1.456156,"51":0.201485,"52":0.002049,"3.6":0.002732},"4":{"11":0.016392,"18":0.000683,"22":0.001366,"24":0.000683,"25":0.003415,"26":0.000683,"27":0.002049,"28":0.001366,"29":0.002732,"30":0.002049,"31":0.00683,"32":0.006147,"33":0.004781,"34":0.004781,"35":0.002049,"36":0.016392,"37":0.001366,"38":0.004098,"39":0.003415,"40":0.003415,"41":0.001366,"42":0.001366,"43":0.019124,"44":0.002732,"45":0.006147,"46":0.004098,"47":0.005464,"48":0.003415,"49":0.124306,"50":0.012294,"51":0.028003,"52":0.04098,"53":0.038248,"54":1.331167,"55":1.171345,"56":0.015026,"57":0.00683},"5":{"4":0.001366,"5":0.001366,"6":0.000683,"7":0.001366,"8":0.008196,"9":0.00683,"10":0.079911,"5.1":0.002049,"6.1":0.000683,"7.1":0.003415,"9.1":0.019124},"6":{"15":0.000683,"18":0.000683,"19":0.000683,"27":0.000683,"28":0.002732,"29":0.005464,"30":0.002049,"31":0.000683,"32":0.004781,"33":0.015709,"34":0.005464,"35":0.006147,"36":0.008196,"37":0.121574,"38":0.007513,"39":0.002732,"40":0.003415,"41":0.091522,"42":0.038931,"43":0.000683,"10.0-10.1":0,"11.6":0.001366,"12.1":0.011611},"7":{"8":0,"3.2":0,"4.0-4.1":0,"4.2-4.3":0,"5.0-5.1":0,"6.0-6.1":0,"7.0-7.1":0.00575068856523,"8.1-8.4":0.00872996095445,"9.0-9.2":0.00585461667183,"9.3":0.0371023340564,"10.0-10.2":0.277938399752},"8":{"0":74.1793318336},"9":{"3":0,"4":0.0506990253378,"2.1":0,"2.2":0,"2.3":0,"4.1":0.166582511824,"4.2-4.3":0.47698470777,"4.4":1.09985844764,"4.4.3-4.4.4":0.655983307432},"10":{"7":0.027948},"11":{"0":5.65878816641,"10":0,"11":0,"12":0,"11.1":0,"11.5":0,"12.1":0},"12":{"0":6.637235},"13":{"0":0.018632},"14":{"10":0.177004,"11":0.708016},"15":{"0":2.366264},"16":{"0":0.74528}}