{"1":{"6":0.00663127741935,"7":0.0132625548387,"8":0.915116283871,"9":0.159150658065,"10":0.324932593548,"11":0.636602632258},"2":{"12":0.018192,"13":0.072768,"14":0.351712},"3":{"2":0.06064,"3":0.115216,"4":0.084896,"5":0.012128,"6":0.018192,"8":0.006064,"9":0.018192,"10":0.03032,"11":0.018192,"12":0.036384,"13":0.018192,"14":0.036384,"15":0.042448,"16":0.012128,"17":0.024256,"18":0.012128,"19":0.042448,"20":0.024256,"21":0.018192,"22":0.03032,"23":0.054576,"24":0.042448,"25":0.048512,"26":0.006064,"28":0.012128,"29":0.012128,"30":0.012128,"31":0.018192,"32":0.018192,"33":0.042448,"34":0.072768,"35":0.054576,"36":0.06064,"37":0.006064,"38":0.006064,"39":0.012128,"41":0.006064,"42":0.018192,"43":0.048512,"44":0.018192,"45":0.03032,"46":0.03032,"47":0.139472,"48":0.036384,"49":0.048512,"50":2.443792,"51":0.309264,"52":0.006064,"3.5":0.206176,"3.6":0.824704},"4":{"4":0.048512,"5":0.024256,"6":0.024256,"7":0.012128,"8":0.024256,"9":0.03032,"10":0.048512,"11":0.078832,"12":0.115216,"13":0.169792,"14":0.09096,"15":0.127344,"16":0.048512,"17":0.115216,"18":0.072768,"19":0.06064,"20":0.072768,"21":0.127344,"22":0.139472,"23":0.187984,"24":0.145536,"25":0.12128,"26":0.139472,"27":0.133408,"28":0.054576,"29":0.072768,"30":0.018192,"31":0.06064,"32":0.012128,"33":0.006064,"34":0.084896,"35":0.066704,"36":0.072768,"37":0.036384,"38":0.072768,"39":0.175856,"40":0.133408,"41":0.097024,"42":0.09096,"43":0.097024,"44":0.078832,"45":0.327456,"46":0.012128,"47":0.12128,"48":0.03032,"49":2.03144,"50":0.09096,"51":0.236496,"52":0.285008,"53":0.236496,"54":0.54576,"55":32.939648,"56":0.745872,"57":0.18192},"5":{"4":0.127344,"5":0.145536,"6":0.042448,"7":0.024256,"8":0.048512,"9":0.097024,"10":0.521504,"3.1":0.012128,"5.1":0.103088,"6.1":0.006064,"9.1":0.066704,"10.1":0.006064},"6":{"11":0.036384,"12":0.236496,"18":0.03032,"19":0.024256,"20":0.024256,"24":0.018192,"25":0.024256,"26":0.036384,"27":0.127344,"28":0.024256,"29":0.024256,"32":0.012128,"33":0.006064,"34":0.006064,"35":0.006064,"36":0.187984,"37":0.036384,"38":0.036384,"39":0.012128,"40":0.006064,"41":0.084896,"42":2.97136,"10.0-10.1":0.042448,"10.5":0.048512,"10.6":0.145536,"11.1":0.048512,"11.5":0.066704,"11.6":0.127344,"12.1":0.648848},"7":{"8":0,"3.2":0,"4.0-4.1":0,"4.2-4.3":0,"5.0-5.1":0,"6.0-6.1":0.0190049535604,"7.0-7.1":0.0893232817337,"8.1-8.4":0.107377987616,"9.0-9.2":0.0484626315789,"9.3":0.41715873065,"10.0-10.2":3.76915741486},"8":{"0":4.60175052402},"9":{"3":0,"4":0.0585095800696,"2.1":0,"2.2":0,"2.3":0,"4.1":0.189222471715,"4.2-4.3":0.57638160792,"4.4":1.30588403177,"4.4.3-4.4.4":0.730747308529},"10":{"7":0.00688625},"11":{"0":0.0100694759825,"10":0,"11":0,"12":0,"11.1":0,"11.5":0,"12.1":0},"12":{"0":19.999049},"13":{"0":0.003935},"14":{"10":0.0453862135922,"11":0.214323786408},"15":{"0":3.76186},"16":{"0":3.37623}}