{"1":{"6":0.0437797247706,"7":0.0273623279817,"8":0.875594495413,"9":0.251733417431,"10":0.229843555046,"11":0.946736548165},"2":{"12":0.050963,"13":0.166788,"14":0.384539},"3":{"3":0.018532,"10":0.009266,"11":0.009266,"12":0.018532,"13":0.004633,"14":0.009266,"15":0.004633,"16":0.013899,"17":0.004633,"18":0.004633,"19":0.004633,"21":0.018532,"22":0.009266,"23":0.013899,"24":0.004633,"25":0.013899,"26":0.013899,"27":0.018532,"29":0.04633,"30":0.041697,"31":0.078761,"32":0.023165,"33":0.101926,"34":0.04633,"35":0.060229,"36":0.055596,"37":0.078761,"38":0.115825,"39":0.101926,"40":0.074128,"41":0.106559,"42":0.101926,"43":0.440135,"44":0.338209,"45":0.227017,"46":0.18532,"47":1.11192,"48":0.546694,"49":0.551327,"50":5.323317,"51":0.773711,"52":0.023165,"3.6":0.013899},"4":{"11":0.050963,"12":0.004633,"19":0.004633,"20":0.009266,"22":0.004633,"23":0.027798,"24":0.004633,"25":0.018532,"26":0.009266,"27":0.013899,"28":0.018532,"29":0.055596,"30":0.023165,"31":0.032431,"32":0.060229,"33":0.069495,"34":0.027798,"35":0.004633,"36":0.013899,"38":0.027798,"39":0.027798,"40":0.018532,"41":0.032431,"42":0.064862,"43":1.088755,"44":0.083394,"45":0.152889,"46":0.041697,"47":0.069495,"48":0.115825,"49":0.681051,"50":0.162155,"51":1.80687,"52":1.663247,"53":1.033159,"54":8.969488,"55":10.558607,"56":0.338209,"57":0.264081},"5":{"4":0.023165,"6":0.013899,"7":0.023165,"8":0.106559,"9":0.120458,"10":0.801509,"5.1":0.013899,"9.1":0.328943},"6":{"36":0.009266,"37":0.018532,"38":0.171421,"39":0.060229,"40":0.032431,"41":0.384539,"42":0.180687,"10.0-10.1":0,"12.1":0.032431},"7":{"8":0,"3.2":0,"4.0-4.1":0,"4.2-4.3":0,"5.0-5.1":0,"6.0-6.1":0,"7.0-7.1":0.373011550873,"8.1-8.4":0.566258498915,"9.0-9.2":0.379752723479,"9.3":2.40659862039,"10.0-10.2":18.0281426063},"8":{"0":1.54555682589},"9":{"3":0,"4":0.129246273649,"2.1":0,"2.2":0,"2.3":0,"4.1":0.424666327703,"4.2-4.3":1.21597004392,"4.4":2.80385283446,"4.4.3-4.4.4":1.67228852027},"10":{"7":0.0389035},"11":{"0":0.117903174114,"10":0,"11":0,"12":0,"11.1":0,"11.5":0,"12.1":0},"12":{"0":19.718388},"13":{"0":0.032196},"14":{"10":0.0815632,"11":0.3262528},"15":{"0":0.67075},"16":{"0":3.482534}}