{"1":{"8":0.33732361809,"9":0.11244120603,"10":0.304679396985,"11":2.13275577889},"2":{"12":1.1016,"13":0.2232,"14":0.1476},"3":{"4":0.252,"6":0.0144,"16":0.0144,"17":0.0216,"19":0.0756,"22":0.0756,"24":0.0072,"25":0.0432,"29":0.0576,"31":0.0072,"32":0.3096,"33":0.0684,"35":0.0288,"36":0.0288,"37":0.0216,"38":1.5696,"40":0.3492,"43":0.3348,"44":0.2448,"46":0.0288,"47":0.8136,"48":0.1908,"49":0.7776,"50":8.4708,"51":2.0592,"52":0.0288,"3.6":0.0828},"4":{"13":0.0144,"19":0.0144,"20":0.0432,"22":0.0288,"25":0.0144,"26":0.0072,"29":0.0072,"30":0.0072,"31":0.1404,"40":0.0576,"41":0.0216,"43":0.0432,"44":0.0072,"45":0.0288,"46":0.1116,"47":0.0072,"49":0.0288,"51":0.162,"52":0.1044,"53":0.2736,"54":0.7704,"55":9.9828,"56":0.1116,"57":0.0756},"5":{"4":0,"7":0.0216,"9":0.0072,"10":0.2304,"9.1":0.0288},"6":{"34":0.0144,"35":0.0288,"39":0.0072,"42":1.8,"10.0-10.1":0.0072,"12.1":0.0288},"7":{"8":0,"3.2":0,"4.0-4.1":0,"4.2-4.3":0,"5.0-5.1":0,"6.0-6.1":0.00978413579588,"7.0-7.1":0.0459854382406,"8.1-8.4":0.0552803672467,"9.0-9.2":0.0249495462795,"9.3":0.21476178072,"10.0-10.2":1.94043873172},"8":{"0":1.53264628821},"9":{"3":0,"4":0.147389382071,"2.1":0,"2.2":0,"2.3":0,"4.1":0.476663533507,"4.2-4.3":1.45194221062,"4.4":3.28960557006,"4.4.3-4.4.4":1.84079930374},"10":{"7":0.0016},"11":{"0":0.00335371179039,"10":0,"11":0,"12":0,"11.1":0,"11.5":0,"12.1":0},"12":{"0":45.8028},"13":{"0":0.0064},"14":{"10":0.540209708738,"11":2.55099029126},"15":{"0":2.656},"16":{"0":2.5088}}