{"1":{"7":0.0319806939502,"8":0.287826245552,"10":0.16345688019,"11":2.50515435943},"2":{"12":0.31905,"13":0.677095,"14":0.046085},"3":{"4":0.09217,"13":0.00709,"14":0.024815,"17":0.024815,"19":0.01418,"22":0.00709,"32":0.102805,"33":0.00709,"34":0.031905,"35":0.053175,"37":0.01418,"38":0.07799,"39":0.024815,"40":0.32614,"42":0.00709,"43":0.194975,"44":0.194975,"45":0.116985,"46":0.00709,"47":0.577835,"48":0.280055,"49":0.96424,"50":7.412595,"51":2.321975,"3.5":0.046085},"4":{"12":0.024815,"18":0.038995,"28":0.053175,"30":0.07799,"31":0.046085,"38":0.00709,"39":0.00709,"40":0.024815,"43":0.0709,"44":0.01418,"46":0.08508,"47":0.01418,"48":0.031905,"49":0.053175,"51":0.21979,"52":0.63101,"53":0.55302,"54":6.590155,"55":4.009395},"5":{"4":0,"5":0.00709,"10":0.287145,"6.1":0.031905,"9.1":0.031905},"6":{"21":0.00709,"29":0.046085,"34":0.00709,"41":3.456375,"42":0.428945,"10.0-10.1":0},"7":{"8":0,"3.2":0,"4.0-4.1":0,"4.2-4.3":0,"5.0-5.1":0,"6.0-6.1":0,"7.0-7.1":0.0966269693214,"8.1-8.4":0.146686724512,"9.0-9.2":0.0983732398513,"9.3":0.623418579176,"10.0-10.2":4.67010948714},"8":{"0":2.97475044684},"9":{"3":0,"4":0.144122595017,"2.1":0,"2.2":0,"2.3":0,"4.1":0.473545669341,"4.2-4.3":1.35592890414,"4.4":3.12657792863,"4.4.3-4.4.4":1.86476990287},"10":{"7":0},"11":{"0":0.226929553159,"10":0,"11":0,"12":0,"11.1":0,"11.5":0,"12.1":0},"12":{"0":43.692325},"13":{},"14":{"10":0.382136,"11":1.528544},"15":{"0":2.05269},"16":{"0":2.226975}}