{"1":{"8":0.296726917431,"9":0.0809255229358,"10":0.385359633028,"11":2.58961673394},"2":{"12":0.548548,"13":1.0549,"14":0.260848},"3":{"4":0.103572,"8":0.049868,"10":0.007672,"11":0.007672,"15":0.007672,"16":0.007672,"19":0.015344,"21":0.015344,"22":0.061376,"24":0.007672,"29":0.015344,"31":0.034524,"32":0.30688,"33":0.103572,"34":0.049868,"37":0.111244,"38":1.22752,"39":0.007672,"40":0.007672,"42":0.015344,"43":0.410452,"44":0.659792,"45":0.122752,"46":0.015344,"47":0.337568,"48":0.276192,"49":0.801724,"50":1.262044,"51":6.54038,"52":1.530564,"3.6":0.042196},"4":{"19":0.026852,"21":0.01918,"22":0.07672,"23":0.007672,"29":0.034524,"30":0.015344,"31":0.007672,"36":0.007672,"40":0.015344,"43":0.164948,"44":0.053704,"45":0.042196,"47":0.01918,"48":0.034524,"49":0.034524,"51":0.337568,"52":0.015344,"53":0.514024,"54":0.233996,"55":4.265632,"56":6.774376,"57":0.034524},"5":{"4":0,"7":0.01918,"10":0.245504,"5.1":0.0959,"9.1":0.007672},"6":{"36":0.026852,"38":0.007672,"42":1.350272,"43":3.210732,"10.0-10.1":0},"7":{"8":0,"3.2":0,"4.0-4.1":0,"4.2-4.3":0,"5.0-5.1":0,"6.0-6.1":0.00862950779841,"7.0-7.1":0.0381000910345,"8.1-8.4":0.0519398676923,"9.0-9.2":0.010257716817,"9.3":0.140840080106,"10.0-10.2":1.28481973655},"8":{"0":1.51278774236},"9":{"3":0,"4":0.153812967687,"2.1":0,"2.2":0,"2.3":0,"4.1":0.461438903061,"4.2-4.3":1.48583326786,"4.4":3.28236873044,"4.4.3-4.4.4":1.85190813095},"10":{"7":0.0030815},"11":{"0":0.00331025764192,"10":0,"11":0,"12":0,"11.1":0,"11.5":0,"12.1":0},"12":{"0":46.042417},"13":{"0":0.203379},"14":{"10":0.334956058252,"11":1.58173694175},"15":{"0":0.918287},"16":{"0":3.136967},"17":{}}