{"1":{"7":0.00839066666667,"8":0.151032,"9":0.012586,"10":0.192985333333,"11":1.44739},"2":{"12":0.258912,"13":0.39672,"14":0.263088},"3":{"3":0.04176,"4":0.016704,"6":0.016704,"10":0.79344,"11":0.033408,"12":0.150336,"13":0.016704,"14":0.079344,"16":0.033408,"17":0.008352,"18":0.008352,"19":0.012528,"22":0.025056,"25":0.004176,"28":0.058464,"29":0.029232,"30":0.045936,"31":0.60552,"32":0.008352,"33":0.129456,"35":0.016704,"36":0.409248,"37":0.087696,"38":0.016704,"39":0.008352,"40":0.058464,"41":0.054288,"42":0.033408,"43":1.223568,"44":0.171216,"45":0.22968,"46":0.04176,"47":0.317376,"48":1.135872,"49":0.768384,"50":4.597776,"51":0.4176,"52":0.096048,"3.5":0.02088,"3.6":0.008352},"4":{"9":0.012528,"10":0.45936,"11":0.06264,"12":0.016704,"13":0.012528,"17":0.004176,"18":0.016704,"21":0.225504,"23":0.108576,"24":0.004176,"25":0.008352,"28":0.008352,"29":0.045936,"30":0.016704,"32":0.463536,"33":0.02088,"34":0.008352,"35":0.04176,"36":0.04176,"37":0.004176,"39":0.04176,"40":0.02088,"41":0.200448,"42":0.04176,"43":1.707984,"44":0.037584,"45":0.455184,"46":0.029232,"47":0.04176,"48":0.025056,"49":0.638928,"50":0.016704,"51":0.505296,"52":1.499184,"53":0.906192,"54":7.278768,"55":8.134848,"56":0.029232},"5":{"4":0,"6":0.033408,"8":0.016704,"9":0.004176,"10":0.075168,"5.1":0.029232,"6.1":0.037584,"9.1":0.029232},"6":{"12":0.012528,"15":0.016704,"16":0.16704,"20":0.016704,"22":0.02088,"34":0.004176,"36":0.300672,"37":0.04176,"40":0.06264,"41":0.801792,"42":0.342432,"10.0-10.1":0.016704,"12.1":0.008352},"7":{"8":0,"3.2":0,"4.0-4.1":0,"4.2-4.3":0,"5.0-5.1":0,"6.0-6.1":0,"7.0-7.1":0.0227690065076,"8.1-8.4":0.0345649978308,"9.0-9.2":0.023180494577,"9.3":0.146901240781,"10.0-10.2":1.1004562603},"8":{"0":19.664318718},"9":{"3":0,"4":0.165826594595,"2.1":0,"2.2":0,"2.3":0,"4.1":0.544858810811,"4.2-4.3":1.56012367568,"4.4":3.59742183784,"4.4.3-4.4.4":2.14559308108},"10":{"7":0.02912},"11":{"0":1.50009728197,"10":0,"11":0,"12":0,"11.1":0,"11.5":0,"12.1":0},"12":{"0":24.613632},"13":{"0":0.011648},"14":{"10":0.0733824,"11":0.2935296},"15":{"0":1.490944},"16":{"0":1.461824}}