{"1":{"8":0.19853811985,"9":0.00536589513109,"10":0.171708644195,"11":1.05708134082},"2":{"12":0.165106,"13":0.165106,"14":0.351516},"3":{"3":0.111846,"4":0.05326,"6":0.010652,"10":0.681728,"11":0.015978,"12":0.047934,"13":0.010652,"14":0.122498,"15":0.015978,"16":0.042608,"17":0.021304,"18":0.05326,"23":0.005326,"24":0.090542,"25":0.015978,"29":0.010652,"30":0.037282,"31":0.117172,"32":0.005326,"33":0.010652,"35":0.005326,"36":0.39945,"37":0.010652,"38":0.037282,"39":0.314234,"40":0.015978,"41":0.005326,"42":0.021304,"43":0.244996,"44":0.02663,"45":0.2663,"46":0.197062,"47":0.527274,"48":0.10652,"49":0.575208,"50":17.517214,"51":0.756292,"52":0.090542,"3.6":0.010652},"4":{"9":0.074564,"10":0.021304,"12":0.02663,"13":0.010652,"14":0.010652,"16":0.05326,"17":0.010652,"18":0.021304,"21":0.07989,"22":0.005326,"29":0.010652,"31":0.042608,"32":0.77227,"33":0.037282,"35":0.010652,"38":0.010652,"39":0.037282,"40":0.010652,"41":0.021304,"42":0.02663,"43":2.465938,"44":0.02663,"45":0.628468,"47":0.037282,"48":0.010652,"49":0.926724,"50":0.031956,"51":0.442058,"52":0.223692,"53":0.969332,"54":0.191736,"55":18.284158,"56":0.223692},"5":{"4":0,"8":0.090542,"9":0.02663,"10":0.308908,"5.1":0.005326,"6.1":0.015978,"9.1":0.015978},"6":{"12":0.015978,"28":0.005326,"38":0.005326,"40":0.015978,"41":0.058586,"42":0.671076,"10.0-10.1":0.015978},"7":{"8":0,"3.2":0,"4.0-4.1":0,"4.2-4.3":0,"5.0-5.1":0,"6.0-6.1":0.00694588235294,"7.0-7.1":0.0326456470588,"8.1-8.4":0.0392442352941,"9.0-9.2":0.017712,"9.3":0.152462117647,"10.0-10.2":1.37754211765},"8":{"0":6.97237316594},"9":{"3":0,"4":0.134980563969,"2.1":0,"2.2":0,"2.3":0,"4.1":0.436532887728,"4.2-4.3":1.32970215144,"4.4":3.0126513107,"4.4.3-4.4.4":1.68582108616},"10":{"7":0.009348},"11":{"0":0.0152568340611,"10":0,"11":0,"12":0,"11.1":0,"11.5":0,"12.1":0},"12":{"0":27.44286},"13":{"0":0.014022},"14":{"10":0.0694293203883,"11":0.327860679612},"15":{"0":3.159624},"16":{"0":0.855342}}