{"1":{"8":0.055323,"9":0.06147,"10":0.12294,"11":3.159558},"2":{"12":0.258174,"13":0.547083,"14":3.798846},"3":{"12":0.006147,"31":0.006147,"34":0.030735,"39":0.018441,"42":0.030735,"43":0.012294,"44":0.024588,"45":0.043029,"46":0.006147,"47":0.092205,"48":0.12294,"49":0.227439,"50":3.952521,"51":0.086058,"3.6":0.006147},"4":{"11":0.012294,"18":0.006147,"32":0.24588,"33":0.006147,"34":0.043029,"39":0.012294,"40":0.018441,"41":0.006147,"43":0.049176,"44":0.006147,"46":0.018441,"47":0.036882,"49":1.241694,"50":0.036882,"51":0.153675,"52":0.178263,"53":0.190557,"54":21.45303,"55":16.848927,"56":0.055323,"57":0.036882},"5":{"4":0,"5":0.036882,"6":0.012294,"7":0.012294,"8":0.06147,"9":0.116793,"10":2.993589,"5.1":0.055323,"6.1":0.049176,"9.1":0.688464},"6":{"35":0.006147,"36":0.006147,"37":0.030735,"41":0.497907,"42":0.110646,"10.0-10.1":0,"12.1":0.018441},"7":{"8":0,"3.2":0,"4.0-4.1":0,"4.2-4.3":0,"5.0-5.1":0,"6.0-6.1":0,"7.0-7.1":0.134214009297,"8.1-8.4":0.20374656833,"9.0-9.2":0.136639563681,"9.3":0.865922915401,"10.0-10.2":6.48674094329},"8":{"0":0.139580098613},"9":{"3":0,"4":0.0579475489865,"2.1":0,"2.2":0,"2.3":0,"4.1":0.190399089527,"4.2-4.3":0.545180001689,"4.4":1.25710703209,"4.4.3-4.4.4":0.749770327703},"10":{"7":0.062595},"11":{"0":0.0106479013867,"10":0,"11":0,"12":0,"11.1":0,"11.5":0,"12.1":0},"12":{"0":24.021711},"13":{"0":0.007704},"14":{"10":0.0362088,"11":0.1448352},"15":{"0":0.496908},"16":{"0":4.741812}}