{"1":{"6":0.018588,"8":0.105332,"9":0.049568,"10":0.353172,"11":3.333448},"2":{"12":0.142508,"13":0.576228,"14":4.46112},"3":{"5":0.006196,"10":0.074352,"17":0.006196,"22":0.006196,"24":0.043372,"29":0.086744,"31":0.1549,"33":0.012392,"37":0.006196,"38":0.037176,"39":0.043372,"41":0.012392,"42":0.1549,"43":0.018588,"45":2.38546,"46":0.006196,"47":0.117724,"48":0.346976,"49":0.148704,"50":3.723796,"51":0.365564},"4":{"11":0.024784,"22":0.037176,"23":0.018588,"32":0.204468,"34":0.297408,"36":0.018588,"38":0.012392,"39":0.018588,"40":0.012392,"41":0.006196,"42":0.006196,"43":0.055764,"45":0.018588,"46":0.03098,"47":0.006196,"49":1.127672,"50":0.043372,"51":0.161096,"52":0.068156,"53":0.210664,"54":0.80548,"55":33.123816,"56":0.638188,"57":0.105332},"5":{"4":0.012392,"7":0.018588,"8":0.272624,"9":0.136312,"10":3.742384,"5.1":0.06196,"6.1":0.018588,"9.1":0.501876},"6":{"21":0.006196,"37":0.018588,"38":0.012392,"41":0.012392,"42":0.520464,"10.0-10.1":0,"12.1":0.049568},"7":{"8":0,"3.2":0,"4.0-4.1":0,"4.2-4.3":0,"5.0-5.1":0,"6.0-6.1":0.0432909576172,"7.0-7.1":0.203467500801,"8.1-8.4":0.244593910537,"9.0-9.2":0.110391941924,"9.3":0.950236519697,"10.0-10.2":8.58567916942},"8":{"0":0.284677074236},"9":{"3":0,"4":0.0380449660574,"2.1":0,"2.2":0,"2.3":0,"4.1":0.123039039164,"4.2-4.3":0.374783389034,"4.4":0.849131263708,"4.4.3-4.4.4":0.475157342037},"10":{"7":0.02853},"11":{"0":0.000622925764192,"10":0,"11":0,"12":0,"11.1":0,"11.5":0,"12.1":0},"12":{"0":22.110632},"13":{"0":0.034236},"14":{"10":0.0545116893204,"11":0.25741631068},"15":{"0":0.300516},"16":{"0":4.4697}}