{"1":{"6":0.006155,"8":0.06155,"9":0.030775,"10":0.07386,"11":2.38814},"2":{"12":0.29544,"13":0.45547,"14":4.11154},"3":{"17":0.01231,"20":0.006155,"24":0.067705,"29":0.06155,"31":0.030775,"34":0.02462,"37":0.006155,"38":0.092325,"39":0.030775,"41":0.01231,"42":0.092325,"43":0.018465,"45":4.14847,"46":0.006155,"47":0.03693,"48":0.18465,"49":0.22158,"50":0.81246,"51":3.440645,"52":0.055395},"4":{"22":0.006155,"23":0.043085,"32":0.116945,"34":0.178495,"36":0.043085,"39":0.006155,"41":0.018465,"42":0.018465,"43":0.07386,"44":0.02462,"45":0.006155,"46":0.030775,"47":0.01231,"48":0.01231,"49":1.14483,"50":0.055395,"51":0.043085,"52":0.01231,"53":0.424695,"54":0.2462,"55":9.250965,"56":24.810805,"57":0.06155,"58":0.030775},"5":{"4":0,"8":0.400075,"9":0.116945,"10":3.50835,"5.1":0.04924,"6.1":0.04924,"9.1":0.597035,"10.1":0.006155},"6":{"27":0.018465,"37":0.006155,"38":0.018465,"41":0.006155,"42":0.203115,"43":0.8617,"10.0-10.1":0,"12.1":0.018465},"7":{"8":0,"3.2":0,"4.0-4.1":0,"4.2-4.3":0,"5.0-5.1":0,"6.0-6.1":0.0546239537401,"7.0-7.1":0.241169908966,"8.1-8.4":0.328774363077,"9.0-9.2":0.0649303601061,"9.3":0.891504150663,"10.0-10.2":8.13278526345},"8":{"0":0.241643240175},"9":{"3":0,"4":0.0407771258503,"2.1":0,"2.2":0,"2.3":0,"4.1":0.122331377551,"4.2-4.3":0.393907035714,"4.4":0.870183865646,"4.4.3-4.4.4":0.490956595238},"10":{"7":0.022103},"11":{"0":0.000528759825328,"10":0,"11":0,"12":0,"11.1":0,"11.5":0,"12.1":0},"12":{"0":20.916285},"13":{"0":0.13454},"14":{"10":0.0490389902913,"11":0.231573009709},"15":{"0":0.661168},"16":{"0":5.789064},"17":{}}