{"1":{"6":0.0554141340483,"8":0.147771024129,"9":0.258599292225,"10":0.0554141340483,"11":2.92771341555},"2":{"13":0.348156,"14":0.348156},"3":{"28":0.027486,"33":0.027486,"37":0.054972,"38":0.146592,"39":0.119106,"40":0.054972,"43":0.348156,"45":0.119106,"46":0.027486,"47":0.9162,"48":0.119106,"49":0.119106,"50":0.311508,"51":13.440654},"4":{"22":3.16089,"23":0.027486,"28":0.9162,"30":0.082458,"31":3.61899,"32":0.054972,"34":3.591504,"35":0.027486,"40":9.702558,"43":0.632178,"44":6.120216,"45":0.201564,"46":0.027486,"47":0.9162,"48":0.348156,"49":5.918652,"50":0.201564,"51":5.946138,"52":0.68715,"53":9.592614,"54":1.978992,"55":4.159548,"56":11.626578},"5":{"4":0,"7":0.027486,"9":0.256536,"10":0.174078,"5.1":0.119106,"9.1":0.284022},"6":{"41":0.201564,"42":0.119106,"43":0.174078,"10.0-10.1":0},"7":{"8":0,"3.2":0,"4.0-4.1":0,"4.2-4.3":0,"5.0-5.1":0,"6.0-6.1":0.0126950998408,"7.0-7.1":0.0560500634483,"8.1-8.4":0.0764101292308,"9.0-9.2":0.0150904016976,"9.3":0.20719361061,"10.0-10.2":1.89013269517},"8":{"0":0},"9":{"3":0,"4":0.0079987670068,"2.1":0,"2.2":0,"2.3":0,"4.1":0.0239963010204,"4.2-4.3":0.0772680892857,"4.4":0.170693687925,"4.4.3-4.4.4":0.0963051547619},"10":{"7":0.017179},"11":{"0":0,"10":0,"11":0,"12":0,"11.1":0,"11.5":0,"12.1":0},"12":{"0":5.78365},"13":{},"14":{"10":0,"11":0},"15":{"0":0.034358},"16":{"0":0.034358},"17":{}}