{"1":{"6":0.0382354503171,"8":0.353677915433,"9":0.315442465116,"10":1.30000531078,"11":2.51398085835},"2":{"13":1.080401,"14":0.299607},"3":{"10":0.108948,"17":0.036316,"18":0.036316,"24":2.651068,"33":0.036316,"38":1.116717,"39":0.226975,"43":1.416324,"45":0.226975,"46":0.526582,"47":0.226975,"48":0.108948,"49":1.942906,"50":13.654816,"51":0.444871},"4":{"11":0.226975,"22":4.031076,"23":0.036316,"27":0.036316,"28":2.760016,"29":0.036316,"31":0.072632,"33":0.036316,"40":6.26451,"43":0.744478,"44":1.861195,"45":0.780794,"46":0.036316,"47":1.189349,"48":0.744478,"49":7.462938,"50":0.145264,"51":3.913049,"52":2.614752,"53":3.241203,"54":5.220425,"55":9.142553},"5":{"4":0.036316,"7":0.108948,"9":0.036316,"10":2.160802,"5.1":0.108948},"6":{"36":0.671846,"41":0.599214,"42":5.147793,"10.0-10.1":0},"7":{"8":0,"3.2":0,"4.0-4.1":0,"4.2-4.3":0,"5.0-5.1":0,"6.0-6.1":0.0174537247785,"7.0-7.1":0.0820325064588,"8.1-8.4":0.0986135449984,"9.0-9.2":0.0445069981851,"9.3":0.383109258888,"10.0-10.2":3.46150996669},"8":{"0":0},"9":{"3":0,"4":0.0136149469104,"2.1":0,"2.2":0,"2.3":0,"4.1":0.0440313176675,"4.2-4.3":0.134121711053,"4.4":0.30387402785,"4.4.3-4.4.4":0.170041996519},"10":{"7":0.047483},"11":{"0":0,"10":0,"11":0,"12":0,"11.1":0,"11.5":0,"12.1":0},"12":{"0":3.184588},"13":{},"14":{"10":0.0083785631068,"11":0.0395654368932},"15":{},"16":{"0":1.045548}}