{"1":{"6":0.0909298125,"8":0.3738225625,"9":0.12123975,"10":0.12123975,"11":3.010787125},"2":{"12":0.019018,"13":0.019018,"14":0.247234},"3":{"5":0.066563,"6":0.047545,"24":0.066563,"30":0.047545,"38":0.199689,"39":0.180671,"40":0.085581,"43":0.465941,"44":0.133126,"45":0.532504,"46":0.085581,"47":1.217152,"48":1.131571,"49":4.202978,"50":14.196937,"51":0.066563},"4":{"11":0.019018,"12":0.114108,"18":0.047545,"22":6.076251,"27":0.066563,"28":0.684648,"29":0.313797,"30":0.152144,"31":6.190359,"34":0.085581,"35":0.047545,"37":0.019018,"39":0.019018,"40":5.458166,"41":0.019018,"43":1.549967,"44":13.835595,"45":6.694336,"46":0.133126,"47":0.047545,"48":0.199689,"49":3.670474,"50":0.114108,"51":0.817774,"52":0.931882,"53":4.440703,"54":6.808444,"55":3.651456},"5":{"4":0,"8":0.066563,"9":0.019018,"10":2.719574,"5.1":0.066563,"9.1":0.019018},"6":{"41":0.399378,"42":0.903355,"10.0-10.1":0},"7":{"8":0,"3.2":0,"4.0-4.1":0,"4.2-4.3":0,"5.0-5.1":0,"6.0-6.1":0,"7.0-7.1":0.0261050903832,"8.1-8.4":0.0396294143167,"9.0-9.2":0.0265768691251,"9.3":0.168425010846,"10.0-10.2":1.26169361533},"8":{"0":0.0223082126348},"9":{"3":0,"4":0.0073814527027,"2.1":0,"2.2":0,"2.3":0,"4.1":0.0242533445946,"4.2-4.3":0.0694459121622,"4.4":0.160132331081,"4.4.3-4.4.4":0.0955069594595},"10":{"7":0.023765},"11":{"0":0.00170178736518,"10":0,"11":0,"12":0,"11.1":0,"11.5":0,"12.1":0},"12":{"0":2.464041},"13":{},"14":{"10":0.004802,"11":0.019208},"15":{"0":0.23765},"16":{"0":0.26166}}