{"1":{"6":0.0291184099397,"7":0.0349420919276,"8":0.838610206263,"9":0.955083846021,"10":1.18803112554,"11":17.2264513203},"2":{"12":0.011614,"13":0.081298,"14":1.300768},"3":{"43":0.005807,"45":0.023228,"46":0.005807,"47":0.034842,"48":0.046456,"49":0.011614,"50":0.052263,"51":0.952348,"52":0.023228,"3.6":0.011614},"4":{"11":0.011614,"18":0.017421,"22":0.011614,"26":0.005807,"27":0.046456,"29":0.011614,"31":0.81298,"32":0.005807,"33":0.005807,"34":0.017421,"36":0.011614,"38":0.023228,"39":0.005807,"41":0.011614,"42":0.145175,"43":0.075491,"44":0.034842,"45":0.052263,"46":0.023228,"47":0.040649,"48":0.052263,"49":1.143979,"50":0.063877,"51":0.127754,"52":0.139368,"53":0.11614,"54":0.156789,"55":6.44577,"56":21.706566,"57":0.052263,"58":0.069684},"5":{"4":0.005807,"6":0.023228,"7":0.029035,"8":0.087105,"9":0.069684,"10":0.905892,"5.1":0.046456,"6.1":0.023228,"7.1":0.011614,"9.1":0.272929,"10.1":0.011614},"6":{"36":0.029035,"38":0.011614,"42":0.104526,"43":0.220666,"10.0-10.1":0,"12.1":0.005807},"7":{"8":0,"3.2":0,"4.0-4.1":0,"4.2-4.3":0,"5.0-5.1":0,"6.0-6.1":0.0388955331565,"7.0-7.1":0.171727448276,"8.1-8.4":0.234107076923,"9.0-9.2":0.0462343129973,"9.3":0.634804456233,"10.0-10.2":5.79103117241},"8":{"0":0.0836569432314},"9":{"3":0,"4":0.0335965986395,"2.1":0,"2.2":0,"2.3":0,"4.1":0.100789795918,"4.2-4.3":0.324543142857,"4.4":0.716951414966,"4.4.3-4.4.4":0.404503047619},"10":{"7":0.004192},"11":{"0":0.000183056768559,"10":0,"11":0,"12":0,"11.1":0,"11.5":0,"12.1":0},"12":{"0":22.330277},"13":{"0":0.012576},"14":{"10":0.00146516504854,"11":0.00691883495146},"15":{"0":0.176064},"16":{"0":11.27648},"17":{}}