{"1":{"6":0.0378712457241,"7":0.0378712457241,"8":1.0477711317,"9":1.0477711317,"10":1.5464092004,"11":18.4243610448},"2":{"12":0.02514,"13":0.15084,"14":1.363845},"3":{"3":0.006285,"38":0.006285,"43":0.01257,"44":0.01257,"45":0.031425,"46":0.018855,"47":0.056565,"48":0.106845,"49":0.02514,"50":1.10616,"51":0.031425,"3.6":0.018855},"4":{"11":0.01257,"18":0.018855,"22":0.018855,"26":0.006285,"27":0.06285,"29":0.018855,"30":0.006285,"31":0.91761,"32":0.006285,"33":0.006285,"34":0.01257,"35":0.006285,"36":0.006285,"38":0.02514,"39":0.01257,"40":0.006285,"41":0.006285,"42":0.16341,"43":0.094275,"44":0.03771,"45":0.069135,"46":0.031425,"47":0.031425,"48":0.10056,"49":1.275855,"50":0.10056,"51":0.21369,"52":0.194835,"53":0.207405,"54":14.084685,"55":14.68176,"56":0.05028,"57":0.03771},"5":{"4":0.018855,"5":0.01257,"6":0.02514,"7":0.031425,"8":0.1257,"9":0.10056,"10":0.961605,"5.1":0.043995,"6.1":0.02514,"7.1":0.006285,"9.1":0.358245},"6":{"36":0.02514,"37":0.01257,"38":0.02514,"41":0.18855,"42":0.131985,"10.0-10.1":0,"12.1":0.01257},"7":{"8":0,"3.2":0,"4.0-4.1":0,"4.2-4.3":0,"5.0-5.1":0,"6.0-6.1":0,"7.0-7.1":0.106855439727,"8.1-8.4":0.162214281996,"9.0-9.2":0.108786562132,"9.3":0.689410698482,"10.0-10.2":5.16446501766},"8":{"0":0.0932206409861},"9":{"3":0,"4":0.0314494746622,"2.1":0,"2.2":0,"2.3":0,"4.1":0.103333988176,"4.2-4.3":0.29588179223,"4.4":0.682261052365,"4.4.3-4.4.4":0.406917692568},"10":{"7":0.003716},"11":{"0":0.00711135901387,"10":0,"11":0,"12":0,"11.1":0,"11.5":0,"12.1":0},"12":{"0":20.593447},"13":{"0":0.011148},"14":{"10":0.0014864,"11":0.0059456},"15":{"0":0.163504},"16":{"0":10.036916}}