{"1":{"6":0.0409458708551,"7":0.0409458708551,"8":0.877411518325,"9":0.976851490401,"10":1.44480430017,"11":16.7293129494},"2":{"12":0.02912,"13":0.128128,"14":1.292928},"3":{"3":0.005824,"21":0.023296,"28":0.005824,"31":0.005824,"37":0.023296,"38":0.005824,"43":0.017472,"44":0.011648,"45":0.02912,"46":0.017472,"47":0.05824,"48":0.151424,"49":0.017472,"50":0.937664,"51":0.11648,"52":0.005824,"3.6":0.017472},"4":{"11":0.011648,"18":0.017472,"22":0.017472,"26":0.005824,"27":0.064064,"28":0.011648,"29":0.023296,"30":0.005824,"31":0.955136,"32":0.011648,"33":0.005824,"34":0.017472,"35":0.011648,"36":0.017472,"37":0.005824,"38":0.040768,"39":0.011648,"41":0.046592,"42":0.1456,"43":0.08736,"44":0.034944,"45":0.05824,"46":0.023296,"47":0.023296,"48":0.081536,"49":1.188096,"50":0.075712,"51":0.198016,"52":0.1456,"53":0.139776,"54":0.384384,"55":26.435136,"56":0.384384,"57":0.052416,"58":0.011648},"5":{"4":0.005824,"5":0.011648,"6":0.017472,"7":0.02912,"8":0.110656,"9":0.081536,"10":0.891072,"5.1":0.040768,"6.1":0.02912,"7.1":0.005824,"9.1":0.297024},"6":{"12":0.005824,"28":0.034944,"36":0.034944,"38":0.02912,"42":0.355264,"10.0-10.1":0,"12.1":0.017472},"7":{"8":0,"3.2":0,"4.0-4.1":0,"4.2-4.3":0,"5.0-5.1":0,"6.0-6.1":0.0296845307996,"7.0-7.1":0.139517294758,"8.1-8.4":0.167717599018,"9.0-9.2":0.075695553539,"9.3":0.651575451052,"10.0-10.2":5.88718457083},"8":{"0":0.0999812227074},"9":{"3":0,"4":0.0342411771105,"2.1":0,"2.2":0,"2.3":0,"4.1":0.110737423847,"4.2-4.3":0.337312021323,"4.4":0.76423393168,"4.4.3-4.4.4":0.42765044604},"10":{"7":0.00521875},"11":{"0":0.000218777292576,"10":0,"11":0,"12":0,"11.1":0,"11.5":0,"12.1":0},"12":{"0":22.531962},"13":{"0":0.012525},"14":{"10":0.00291844660194,"11":0.0137815533981},"15":{"0":0.19205},"16":{"0":11.18065}}