{"1":{"6":0.00268393146853,"7":0.0107357258741,"8":0.230818106294,"9":0.36501467972,"10":0.217398448951,"11":3.00063538182},"2":{"12":0.056049,"13":0.162809,"14":0.792693},"3":{"3":0.005338,"6":0.005338,"10":0.008007,"11":0.008007,"12":0.010676,"27":0.005338,"28":0.002669,"29":0.005338,"31":0.002669,"32":0.002669,"35":0.002669,"37":0.002669,"38":0.010676,"39":0.013345,"40":0.008007,"41":0.02669,"42":0.005338,"43":0.024021,"44":0.034697,"45":0.042704,"46":0.042704,"47":0.090746,"48":0.221527,"49":0.069394,"50":1.78823,"51":0.282914,"52":0.077401,"3.5":0.002669,"3.6":0.024021},"4":{"11":0.002669,"18":0.008007,"19":0.008007,"20":0.005338,"21":0.002669,"22":0.005338,"23":0.002669,"24":0.002669,"26":0.008007,"27":0.005338,"28":0.008007,"29":0.005338,"30":0.024021,"31":0.069394,"32":0.032028,"33":0.016014,"34":0.016014,"35":0.005338,"36":0.032028,"37":0.002669,"38":0.018683,"39":0.032028,"40":0.002669,"41":0.008007,"42":0.005338,"43":0.178823,"44":0.021352,"45":0.016014,"46":0.016014,"47":0.016014,"48":0.016014,"49":0.696609,"50":0.024021,"51":0.141457,"52":0.061387,"53":0.165478,"54":0.224196,"55":13.820082,"56":0.24021,"57":0.08007},"5":{"4":0,"5":0.018683,"6":0.02669,"7":0.024021,"8":0.154802,"9":0.096084,"10":1.107635,"5.1":0.037366,"6.1":0.013345,"7.1":0.005338,"9.1":0.376329},"6":{"34":0.002669,"36":0.005338,"38":0.016014,"39":0.005338,"40":0.002669,"41":0.010676,"42":0.256224,"10.0-10.1":0.002669,"12.1":0.005338},"7":{"8":0,"3.2":0,"4.0-4.1":0,"4.2-4.3":0,"5.0-5.1":0,"6.0-6.1":0.05950391801,"7.0-7.1":0.279668414647,"8.1-8.4":0.336197136757,"9.0-9.2":0.151734990926,"9.3":1.30611100032,"10.0-10.2":11.8011145393},"8":{"0":4.71021318777},"9":{"3":0,"4":0.0424266013925,"2.1":0,"2.2":0,"2.3":0,"4.1":0.137209434291,"4.2-4.3":0.417947158399,"4.4":0.946925635335,"4.4.3-4.4.4":0.529881170583},"10":{"7":0.00733},"11":{"0":0.0103068122271,"10":0,"11":0,"12":0,"11.1":0,"11.5":0,"12.1":0},"12":{"0":23.11714},"13":{"0":0.02199},"14":{"10":0.0281813592233,"11":0.133078640777},"15":{"0":21.97534},"16":{"0":4.80848}}