{"1":{"6":0.00263156854839,"7":0.0105262741935,"8":0.234209600806,"9":0.421050967742,"10":0.244735875,"11":2.99472500806},"2":{"12":0.05242,"13":0.193954,"14":0.781058},"3":{"3":0.005242,"6":0.002621,"10":0.010484,"11":0.007863,"12":0.015726,"16":0.005242,"22":0.005242,"27":0.007863,"28":0.002621,"29":0.002621,"33":0.002621,"34":0.002621,"35":0.002621,"37":0.005242,"38":0.015726,"39":0.013105,"40":0.005242,"41":0.010484,"42":0.007863,"43":0.031452,"44":0.034073,"45":0.049799,"46":0.068146,"47":0.13105,"48":0.204438,"49":0.094356,"50":1.871394,"51":0.099598,"3.5":0.002621,"3.6":0.013105},"4":{"11":0.005242,"18":0.005242,"19":0.005242,"20":0.002621,"21":0.005242,"22":0.005242,"26":0.007863,"27":0.005242,"28":0.010484,"29":0.005242,"30":0.015726,"31":0.060283,"32":0.02621,"33":0.020968,"34":0.015726,"35":0.007863,"36":0.02621,"37":0.002621,"38":0.018347,"39":0.020968,"40":0.007863,"41":0.013105,"42":0.007863,"43":0.196575,"44":0.034073,"45":0.023589,"46":0.020968,"47":0.023589,"48":0.020968,"49":0.720775,"50":0.028831,"51":0.162502,"52":0.107461,"53":0.141534,"54":6.628509,"55":6.903714,"56":0.083872,"57":0.044557},"5":{"4":0.002621,"5":0.028831,"6":0.031452,"7":0.034073,"8":0.162502,"9":0.128429,"10":1.07461,"5.1":0.047178,"6.1":0.013105,"7.1":0.007863,"9.1":0.401013},"6":{"28":0.002621,"36":0.007863,"37":0.005242,"38":0.015726,"39":0.007863,"40":0.002621,"41":0.193954,"42":0.110082,"10.0-10.1":0,"12.1":0.005242},"7":{"8":0,"3.2":0,"4.0-4.1":0,"4.2-4.3":0,"5.0-5.1":0,"6.0-6.1":0,"7.0-7.1":0.243153151121,"8.1-8.4":0.369124060738,"9.0-9.2":0.247547485177,"9.3":1.56877725813,"10.0-10.2":11.7519140448},"8":{"0":6.41633624653},"9":{"3":0,"4":0.0476329662162,"2.1":0,"2.2":0,"2.3":0,"4.1":0.156508317568,"4.2-4.3":0.448138722973,"4.4":1.03334373649,"4.4.3-4.4.4":0.616312256757},"10":{"7":0.0092225},"11":{"0":0.489471753467,"10":0,"11":0,"12":0,"11.1":0,"11.5":0,"12.1":0},"12":{"0":23.315729},"13":{"0":0.022134},"14":{"10":0.0383656,"11":0.1534624},"15":{"0":19.470542},"16":{"0":4.773566}}