{"1":{"7":0.00543674131274,"8":0.203877799228,"9":0.255526841699,"10":0.233779876448,"11":2.81351362934},"2":{"12":0.04607,"13":0.14092,"14":0.79403},"3":{"3":0.00542,"6":0.00542,"10":0.00813,"11":0.01084,"12":0.01355,"16":0.00542,"20":0.00542,"23":0.00271,"27":0.00542,"28":0.00271,"29":0.00542,"33":0.00271,"35":0.00271,"36":0.00271,"38":0.01084,"39":0.01355,"40":0.00813,"41":0.01897,"42":0.00813,"43":0.0271,"44":0.02439,"45":0.03523,"46":0.04878,"47":0.07859,"48":0.19783,"49":0.04065,"50":0.16531,"51":1.86448,"52":0.4878,"3.5":0.00542,"3.6":0.01084},"4":{"11":0.00271,"15":0.00813,"18":0.00542,"19":0.00542,"20":0.00271,"21":0.00542,"22":0.00813,"24":0.00542,"25":0.00271,"26":0.00813,"27":0.00813,"28":0.00813,"29":0.00542,"30":0.0271,"31":0.09214,"32":0.02168,"33":0.01897,"34":0.01355,"35":0.00542,"36":0.01897,"38":0.01626,"39":0.01626,"40":0.00542,"41":0.00813,"42":0.00542,"43":0.17073,"44":0.02168,"45":0.01897,"46":0.01626,"47":0.02168,"48":0.01084,"49":0.67479,"50":0.02168,"51":0.10298,"52":0.06775,"53":0.15447,"54":0.12195,"55":3.65579,"56":10.80477,"57":0.07859,"58":0.06504},"5":{"4":0,"5":0.02981,"6":0.02168,"7":0.0271,"8":0.12195,"9":0.11653,"10":1.27912,"5.1":0.03252,"6.1":0.02981,"7.1":0.00271,"9.1":0.36585,"10.1":0.00813},"6":{"20":0.01355,"25":0.00542,"36":0.00542,"38":0.00813,"39":0.00271,"41":0.00542,"42":0.1084,"43":0.13821,"44":0.00542,"10.0-10.1":0,"12.1":0.00542},"7":{"8":0,"3.2":0,"4.0-4.1":0,"4.2-4.3":0,"5.0-5.1":0,"6.0-6.1":0.0810864572944,"7.0-7.1":0.358004358621,"8.1-8.4":0.488048676923,"9.0-9.2":0.0963857888594,"9.3":1.32339218037,"10.0-10.2":12.0727025379},"8":{"0":3.58612290393},"9":{"3":0,"4":0.0430829081633,"2.1":0,"2.2":0,"2.3":0,"4.1":0.12924872449,"4.2-4.3":0.416180892857,"4.4":0.919389260204,"4.4.3-4.4.4":0.518718214286},"10":{"7":0.0091125},"11":{"0":0.00784709606987,"10":0,"11":0,"12":0,"11.1":0,"11.5":0,"12.1":0},"12":{"0":24.82765},"13":{"0":0.02187},"14":{"10":0.0356714563107,"11":0.168448543689},"15":{"0":21.11913},"16":{"0":4.91346},"17":{}}