{"1":{"8":0.158396,"9":0.316792,"10":0.271536,"11":5.821053},"2":{"12":0.045256,"13":0.265879,"14":2.279771},"3":{"2":0.016971,"3":0.028285,"8":0.067884,"9":0.011314,"19":0.005657,"21":0.005657,"22":0.011314,"23":0.084855,"24":0.016971,"26":0.028285,"27":0.379019,"29":0.050913,"31":0.011314,"32":0.016971,"33":0.016971,"34":0.124454,"35":0.022628,"36":0.028285,"38":0.016971,"39":0.016971,"40":0.011314,"41":0.039599,"42":0.011314,"43":0.05657,"44":0.016971,"45":0.084855,"46":0.016971,"47":0.446903,"48":0.130111,"49":0.084855,"50":5.736198,"51":0.407304,"3.5":0.079198,"3.6":0.203652},"4":{"11":0.011314,"15":0.005657,"16":0.005657,"22":0.028285,"26":0.016971,"27":0.022628,"28":0.005657,"32":0.005657,"34":0.033942,"36":1.046545,"37":0.050913,"38":0.022628,"39":0.011314,"41":0.050913,"42":0.011314,"43":0.033942,"44":0.022628,"45":0.045256,"46":0.028285,"47":0.096169,"48":0.011314,"49":1.352023,"50":0.022628,"51":0.050913,"52":0.164053,"53":0.248908,"54":0.599642,"55":27.238455,"56":0.311135,"57":0.028285},"5":{"4":0,"5":0.005657,"7":0.124454,"8":0.231937,"9":0.22628,"10":3.778876,"5.1":0.084855,"6.1":0.079198,"9.1":1.663158},"6":{"33":0.033942,"36":0.011314,"37":0.011314,"39":0.005657,"42":0.248908,"10.0-10.1":0,"12.1":0.005657},"7":{"8":0,"3.2":0,"4.0-4.1":0,"4.2-4.3":0,"5.0-5.1":0,"6.0-6.1":0.0831415351767,"7.0-7.1":0.39076521533,"8.1-8.4":0.469749673748,"9.0-9.2":0.212010914701,"9.3":1.82495669713,"10.0-10.2":16.4890449639},"8":{"0":0.433351746725},"9":{"3":0,"4":0.021229294604,"2.1":0,"2.2":0,"2.3":0,"4.1":0.0686564421236,"4.2-4.3":0.209131136205,"4.4":0.473819788077,"4.4.3-4.4.4":0.26514033899},"10":{"7":0.0846885},"11":{"0":0.000948253275109,"10":0,"11":0,"12":0,"11.1":0,"11.5":0,"12.1":0},"12":{"0":17.43654},"13":{"0":0.039087},"14":{"10":0.0417433980583,"11":0.197121601942},"15":{"0":0.568933},"16":{"0":4.25614}}