{"1":{"7":0.00545502402651,"8":0.174560768848,"9":0.305481345485,"10":0.256386129246,"11":5.84233073239},"2":{"12":0.223286,"13":0.304976,"14":2.597742},"3":{"3":0.005446,"6":0.010892,"8":0.049014,"12":0.016338,"16":0.010892,"24":0.010892,"27":0.239624,"29":0.076244,"31":0.02723,"32":0.005446,"33":0.010892,"34":0.375774,"35":0.021784,"36":0.059906,"37":0.174272,"38":0.02723,"39":0.010892,"40":0.021784,"41":0.032676,"42":0.005446,"43":0.08169,"44":0.021784,"45":0.098028,"46":0.02723,"47":0.403004,"48":0.179718,"49":0.196056,"50":5.36431,"51":0.070798,"3.5":0.076244,"3.6":0.038122},"4":{"6":0.02723,"11":0.005446,"12":0.02723,"21":0.005446,"22":0.032676,"25":0.049014,"26":0.021784,"28":0.005446,"31":0.010892,"34":0.032676,"35":0.049014,"36":0.185164,"37":0.103474,"38":0.032676,"40":0.010892,"41":0.059906,"42":0.010892,"43":0.016338,"44":0.043568,"45":0.038122,"46":0.010892,"47":0.032676,"48":0.010892,"49":1.339716,"50":0.032676,"51":0.049014,"52":0.266854,"53":0.114366,"54":14.92204,"55":12.22627,"56":0.043568,"57":0.016338},"5":{"4":0,"5":0.005446,"6":0.010892,"7":0.076244,"8":0.32676,"9":0.152488,"10":3.381966,"5.1":0.076244,"6.1":0.065352,"7.1":0.043568,"9.1":1.27981},"6":{"27":0.005446,"37":0.010892,"41":0.16338,"42":0.141596,"10.0-10.1":0,"12.1":0.005446},"7":{"8":0,"3.2":0,"4.0-4.1":0,"4.2-4.3":0,"5.0-5.1":0,"6.0-6.1":0,"7.0-7.1":0.357093280859,"8.1-8.4":0.542093414317,"9.0-9.2":0.363546773887,"9.3":2.30389701085,"10.0-10.2":17.2587915201},"8":{"0":0.274968929122},"9":{"3":0,"4":0.0291118973818,"2.1":0,"2.2":0,"2.3":0,"4.1":0.0956533771115,"4.2-4.3":0.27388948353,"4.4":0.631549937078,"4.4.3-4.4.4":0.376672304899},"10":{"7":0.132037},"11":{"0":0.0209760708783,"10":0,"11":0,"12":0,"11.1":0,"11.5":0,"12.1":0},"12":{"0":17.310369},"13":{"0":0.027318},"14":{"10":0.0491724,"11":0.1966896},"15":{"0":0.54636},"16":{"0":5.072042}}