{"1":{"8":0.181731,"9":0.280857,"10":0.126661,"11":6.041179},"2":{"12":0.066084,"13":0.214773,"14":2.224828},"3":{"2":0.011014,"3":0.033042,"6":0.005507,"8":0.082605,"12":0.011014,"14":0.011014,"21":0.005507,"22":0.011014,"23":0.082605,"24":0.005507,"26":0.022028,"27":0.258829,"28":0.011014,"29":0.005507,"31":0.022028,"32":0.016521,"33":0.038549,"34":0.044056,"35":0.027535,"36":0.016521,"37":0.016521,"38":0.011014,"39":0.033042,"40":0.044056,"41":0.016521,"42":0.016521,"43":0.038549,"44":0.016521,"45":0.088112,"46":0.044056,"47":0.225787,"48":0.143182,"49":0.060577,"50":0.506644,"51":4.576317,"52":0.071591,"3.5":0.033042,"3.6":0.126661},"4":{"11":0.016521,"12":0.011014,"16":0.016521,"21":0.005507,"22":0.022028,"25":0.011014,"26":0.016521,"27":0.033042,"31":0.011014,"34":0.038549,"36":0.649826,"37":0.033042,"38":0.044056,"39":0.016521,"40":0.011014,"41":0.05507,"42":0.011014,"43":0.05507,"44":0.016521,"45":0.016521,"46":0.027535,"47":0.071591,"48":0.424039,"49":1.26661,"50":0.038549,"51":0.049563,"52":0.027535,"53":0.198252,"54":0.192745,"55":7.665744,"56":21.179922,"57":0.071591,"58":0.044056},"5":{"4":0,"5":0.011014,"7":0.05507,"8":0.214773,"9":0.121154,"10":4.168799,"5.1":0.071591,"6.1":0.066084,"9.1":0.765473,"10.1":0.022028},"6":{"33":0.033042,"36":0.044056,"42":0.05507,"43":0.148689,"10.0-10.1":0},"7":{"8":0,"3.2":0,"4.0-4.1":0,"4.2-4.3":0,"5.0-5.1":0,"6.0-6.1":0.114074528912,"7.0-7.1":0.503649806897,"8.1-8.4":0.686599523077,"9.0-9.2":0.135598024934,"9.3":1.86178240584,"10.0-10.2":16.9841907103},"8":{"0":0.412453475983},"9":{"3":0,"4":0.023687585034,"2.1":0,"2.2":0,"2.3":0,"4.1":0.071062755102,"4.2-4.3":0.228822071429,"4.4":0.505493064626,"4.4.3-4.4.4":0.28519852381},"10":{"7":0.06177875},"11":{"0":0.000902524017467,"10":0,"11":0,"12":0,"11.1":0,"11.5":0,"12.1":0},"12":{"0":17.863103},"13":{"0":0.04493},"14":{"10":0.0353333009709,"11":0.166851699029},"15":{"0":0.561625},"16":{"0":4.493},"17":{}}