{"1":{"8":0.0643509127789,"9":0.0429006085193,"10":0.0240243407708,"11":0.291724137931},"2":{"12":0.011844,"13":0.018612,"14":0.065988},"3":{"3":0.000846,"4":0.002538,"5":0.000846,"6":0.003384,"7":0.003384,"8":0.000846,"9":0.003384,"10":0.002538,"11":0.00423,"12":0.003384,"13":0.001692,"14":0.002538,"15":0.001692,"16":0.001692,"17":0.001692,"18":0.001692,"19":0.001692,"21":0.003384,"22":0.000846,"23":0.005922,"24":0.001692,"25":0.000846,"26":0.006768,"27":0.000846,"28":0.001692,"29":0.005922,"30":0.01269,"31":0.003384,"32":0.001692,"33":0.005922,"34":0.00423,"35":0.021996,"36":0.002538,"37":0.002538,"38":0.005922,"39":0.010998,"40":0.007614,"41":0.003384,"42":0.006768,"43":0.038916,"44":0.036378,"45":0.026226,"46":0.01269,"47":0.124362,"48":0.04653,"49":0.076986,"50":0.8037,"51":0.098982,"3.6":0.003384},"4":{"5":0.001692,"9":0.002538,"10":0.001692,"11":0.117594,"12":0.00846,"15":0.002538,"16":0.001692,"17":0.000846,"18":0.003384,"19":0.000846,"20":0.013536,"21":0.001692,"22":0.003384,"23":0.001692,"24":0.001692,"25":0.002538,"26":0.006768,"27":0.007614,"28":0.005076,"29":0.003384,"30":0.002538,"31":0.021996,"32":0.00846,"33":0.045684,"34":0.00423,"35":0.00423,"36":0.003384,"37":0.001692,"38":0.030456,"39":0.00423,"40":0.020304,"41":0.001692,"42":0.001692,"43":1.109952,"44":0.020304,"45":0.027072,"46":0.005922,"47":0.00846,"48":0.005922,"49":0.058374,"50":0.022842,"51":0.02961,"52":0.04653,"53":0.056682,"54":1.465272,"55":1.6074,"56":0.023688,"57":0.014382},"5":{"4":0,"6":0.002538,"7":0.001692,"8":0.013536,"9":0.01269,"10":0.103212,"5.1":0.005076,"6.1":0.002538,"9.1":0.037224},"6":{"21":0.003384,"22":0.000846,"28":0.002538,"29":0.005922,"30":0.000846,"34":0.001692,"35":0.000846,"37":0.030456,"40":0.005076,"41":0.027072,"42":0.01692,"10.0-10.1":0},"7":{"8":0,"3.2":0,"4.0-4.1":0,"4.2-4.3":0,"5.0-5.1":0,"6.0-6.1":0,"7.0-7.1":0.281121694453,"8.1-8.4":0.42676305423,"9.0-9.2":0.286202207003,"9.3":1.81374298048,"10.0-10.2":13.5869840638},"8":{"0":1.04613717411},"9":{"3":0,"4":0.202489727196,"2.1":0,"2.2":0,"2.3":0,"4.1":0.665323389358,"4.2-4.3":1.90505641301,"4.4":4.39278734713,"4.4.3-4.4.4":2.61996912331},"10":{"7":0},"11":{"0":0.079804825886,"10":0,"11":0,"12":0,"11.1":0,"11.5":0,"12.1":0},"12":{"0":49.544896},"13":{"0":0.027462},"14":{"10":0.2434964,"11":0.9739856},"15":{"0":0.860476},"16":{"0":13.59369}}