{"1":{"8":0.057467963964,"9":0.0329595675676,"10":0.0228181621622,"11":0.261986306306},"2":{"12":0.013312,"13":0.011648,"14":0.071552},"3":{"2":0.001664,"4":0.000832,"5":0.000832,"6":0.00416,"9":0.003328,"10":0.001664,"11":0.000832,"12":0.003328,"13":0.003328,"15":0.002496,"16":0.000832,"17":0.001664,"18":0.001664,"19":0.000832,"20":0.000832,"21":0.001664,"22":0.001664,"23":0.001664,"24":0.002496,"25":0.002496,"26":0.003328,"29":0.004992,"30":0.01248,"31":0.00416,"32":0.000832,"33":0.007488,"34":0.00416,"35":0.024128,"36":0.003328,"37":0.00416,"38":0.003328,"39":0.009984,"40":0.009984,"41":0.006656,"42":0.005824,"43":0.038272,"44":0.015808,"45":0.014144,"46":0.006656,"47":0.07488,"48":0.03328,"49":0.02912,"50":0.096512,"51":0.916864,"52":0.106496,"53":0.000832,"3.6":0.001664},"4":{"8":0.000832,"10":0.000832,"11":0.110656,"12":0.005824,"13":0.000832,"15":0.002496,"16":0.002496,"17":0.000832,"18":0.001664,"19":0.001664,"20":0.014144,"21":0.003328,"22":0.000832,"23":0.002496,"25":0.003328,"26":0.004992,"27":0.004992,"28":0.009152,"29":0.005824,"30":0.00416,"31":0.024128,"32":0.01248,"33":0.0416,"34":0.007488,"35":0.003328,"36":0.003328,"37":0.002496,"38":0.02496,"39":0.004992,"40":0.021632,"41":0.002496,"42":0.00832,"43":1.16896,"44":0.009152,"45":0.019136,"46":0.005824,"47":0.006656,"48":0.00416,"49":0.056576,"50":0.014976,"51":0.0208,"52":0.019136,"53":0.044928,"54":0.035776,"55":0.826176,"56":2.401152,"57":0.022464,"58":0.02912},"5":{"4":0,"6":0.003328,"7":0.001664,"8":0.009152,"9":0.009984,"10":0.121472,"5.1":0.003328,"6.1":0.000832,"7.1":0.001664,"9.1":0.039936},"6":{"21":0.004992,"28":0.001664,"29":0.003328,"32":0.000832,"35":0.000832,"37":0.005824,"38":0.001664,"42":0.019968,"43":0.035776,"10.0-10.1":0},"7":{"8":0,"3.2":0,"4.0-4.1":0,"4.2-4.3":0,"5.0-5.1":0,"6.0-6.1":0.102851828117,"7.0-7.1":0.454100524138,"8.1-8.4":0.619051569231,"9.0-9.2":0.122257833422,"9.3":1.67861945889,"10.0-10.2":15.3132787862},"8":{"0":1.07946193886},"9":{"3":0,"4":0.173459183673,"2.1":0,"2.2":0,"2.3":0,"4.1":0.52037755102,"4.2-4.3":1.67561571429,"4.4":3.70161897959,"4.4.3-4.4.4":2.08844857143},"10":{"7":0},"11":{"0":0.00236206113537,"10":0,"11":0,"12":0,"11.1":0,"11.5":0,"12.1":0},"12":{"0":50.05576},"13":{"0":0.027504},"14":{"10":0.166626174757,"11":0.786845825243},"15":{"0":0.925968},"16":{"0":12.862704},"17":{}}