{"1":{"6":0.00433376884422,"7":0.00866753768844,"8":0.437710653266,"9":0.27736120603,"10":0.234023517588,"11":2.48758331658},"2":{"12":0.13696,"13":0.23968,"14":0.58208},"3":{"3":0.01284,"4":0.00428,"5":0.01712,"10":0.01712,"12":0.01712,"13":0.00428,"15":0.07276,"16":0.01284,"18":0.00428,"21":0.01712,"24":0.00428,"27":0.00428,"29":0.00856,"30":0.00428,"31":0.00856,"33":0.01284,"34":0.00856,"35":0.00856,"36":0.00856,"37":0.0214,"38":0.02568,"39":0.03852,"40":0.0214,"41":0.0428,"42":0.01284,"43":0.09416,"44":0.03424,"45":0.0428,"46":0.04708,"47":0.3852,"48":0.428,"49":0.23112,"50":3.9162,"51":0.19688,"3.6":0.01712},"4":{"4":0.00428,"5":0.00428,"8":0.00856,"10":0.00428,"11":0.0214,"12":0.00428,"14":0.00428,"15":0.01284,"16":0.01284,"17":0.01284,"19":0.00856,"20":0.00428,"22":0.00856,"24":0.00428,"25":0.01284,"26":0.01712,"27":0.00856,"29":0.01712,"30":0.00856,"31":0.04708,"32":0.0428,"33":0.04708,"34":0.01712,"35":0.03852,"36":0.19688,"37":0.01284,"38":0.03852,"39":0.01712,"40":0.0428,"41":0.01712,"42":0.01284,"43":0.14124,"44":0.03852,"45":0.01712,"46":0.03424,"47":0.03424,"48":0.08988,"49":1.11708,"50":0.08132,"51":0.19688,"52":0.27392,"53":0.31672,"54":12.53612,"55":11.50892,"56":0.13268,"57":0.03424},"5":{"4":0.00428,"5":0.0214,"6":0.03424,"7":0.08132,"8":0.35096,"9":0.46652,"10":1.5408,"5.1":0.12412,"6.1":0.05564,"7.1":0.01284,"9.1":1.15132},"6":{"36":0.00856,"37":0.00428,"38":0.13696,"41":0.19688,"42":0.09844,"43":0.00428,"10.0-10.1":0,"11.6":0.02996,"12.1":0.00428},"7":{"8":0,"3.2":0,"4.0-4.1":0,"4.2-4.3":0,"5.0-5.1":0,"6.0-6.1":0,"7.0-7.1":0.233374960645,"8.1-8.4":0.354280060738,"9.0-9.2":0.237592580415,"9.3":1.50569025813,"10.0-10.2":11.2793211401},"8":{"0":1.28103679969},"9":{"3":0,"4":0.114593949324,"2.1":0,"2.2":0,"2.3":0,"4.1":0.376522976351,"4.2-4.3":1.07811858446,"4.4":2.48598710473,"4.4.3-4.4.4":1.48270538514},"10":{"7":0.02717475},"11":{"0":0.0977242003082,"10":0,"11":0,"12":0,"11.1":0,"11.5":0,"12.1":0},"12":{"0":25.49226},"13":{"0":0.017163},"14":{"10":0.0137304,"11":0.0549216},"15":{"0":2.477193},"16":{"0":8.592942}}