{"1":{"8":0.214128,"9":0.113012,"10":0.136804,"11":3.50932},"2":{"12":0.26766,"13":0.731604,"14":3.98516},"3":{"3":0.023792,"31":0.023792,"36":0.041636,"37":0.011896,"38":0.011896,"40":0.005948,"41":0.005948,"43":0.041636,"44":0.011896,"45":0.017844,"46":0.011896,"47":0.08922,"48":0.17844,"49":0.071376,"50":0.202232,"51":4.050588,"52":0.172492},"4":{"11":0.02974,"18":0.005948,"22":0.035688,"26":0.011896,"29":0.011896,"30":0.017844,"32":0.511528,"34":0.023792,"35":0.005948,"36":0.202232,"37":0.047584,"38":0.107064,"39":0.017844,"40":0.017844,"42":0.023792,"43":0.124908,"44":0.023792,"45":0.023792,"46":0.011896,"47":0.005948,"48":0.017844,"49":0.933836,"50":0.077324,"51":0.154648,"52":0.11896,"53":0.410412,"54":0.226024,"55":9.362152,"56":25.742944,"57":0.047584,"58":0.08922},"5":{"4":0,"5":0.011896,"7":0.035688,"8":0.041636,"9":0.077324,"10":1.956892,"5.1":0.023792,"6.1":0.047584,"9.1":0.339036},"6":{"29":0.011896,"37":0.005948,"40":0.017844,"41":0.017844,"42":0.136804,"43":0.362828,"10.0-10.1":0,"12.1":0.017844},"7":{"8":0,"3.2":0,"4.0-4.1":0,"4.2-4.3":0,"5.0-5.1":0,"6.0-6.1":0.0315583087533,"7.0-7.1":0.139332910345,"8.1-8.4":0.189945292308,"9.0-9.2":0.0375127066313,"9.3":0.515055416446,"10.0-10.2":4.69861536552},"8":{"0":1.02696082096},"9":{"3":0,"4":0.0688254251701,"2.1":0,"2.2":0,"2.3":0,"4.1":0.20647627551,"4.2-4.3":0.664853607143,"4.4":1.46873457313,"4.4.3-4.4.4":0.828658119048},"10":{"7":0.073949},"11":{"0":0.0022471790393,"10":0,"11":0,"12":0,"11.1":0,"11.5":0,"12.1":0},"12":{"0":27.828372},"13":{"0":0.012156},"14":{"10":0.128877203883,"11":0.608586796117},"15":{"0":1.15482},"16":{"0":3.184872},"17":{}}