{"1":{"7":0.012042,"8":0.132462,"9":0.06021,"10":0.072252,"11":3.43197},"2":{"12":0.391365,"13":0.632205,"14":3.97386},"3":{"5":0.006021,"11":0.006021,"12":0.012042,"25":0.006021,"31":0.012042,"36":0.024084,"37":0.030105,"38":0.042147,"39":0.018063,"40":0.030105,"41":0.006021,"42":0.006021,"43":0.06021,"44":0.036126,"45":0.078273,"46":0.012042,"47":0.174609,"48":0.18063,"49":0.12042,"50":4.003965,"51":0.186651,"52":0.024084,"3.6":0.030105},"4":{"11":0.102357,"18":0.036126,"22":0.048168,"24":0.006021,"27":0.078273,"29":0.030105,"30":0.018063,"32":0.156546,"34":0.06021,"35":0.024084,"36":0.084294,"37":0.054189,"38":0.036126,"39":0.030105,"40":0.042147,"41":0.012042,"42":0.012042,"43":0.210735,"44":0.018063,"45":0.012042,"46":0.096336,"47":0.024084,"48":0.042147,"49":0.776709,"50":0.054189,"51":0.198693,"52":0.493722,"53":0.295029,"54":17.870328,"55":16.786548,"56":0.084294,"57":0.054189},"5":{"4":0,"5":0.018063,"8":0.054189,"9":0.06021,"10":1.944783,"5.1":0.030105,"6.1":0.012042,"7.1":0.006021,"9.1":0.608121},"6":{"29":0.030105,"36":0.012042,"37":0.036126,"40":0.006021,"41":0.499743,"42":0.198693,"10.0-10.1":0,"12.1":0.012042},"7":{"8":0,"3.2":0,"4.0-4.1":0,"4.2-4.3":0,"5.0-5.1":0,"6.0-6.1":0,"7.0-7.1":0.0852166084082,"8.1-8.4":0.1293649718,"9.0-9.2":0.0867566675963,"9.3":0.549801130152,"10.0-10.2":4.11863162204},"8":{"0":1.31982019877},"9":{"3":0,"4":0.0937803923142,"2.1":0,"2.2":0,"2.3":0,"4.1":0.308135574747,"4.2-4.3":0.882301241976,"4.4":2.03446034755,"4.4.3-4.4.4":1.21340344341},"10":{"7":0.1134015},"11":{"0":0.100682801233,"10":0,"11":0,"12":0,"11.1":0,"11.5":0,"12.1":0},"12":{"0":27.558233},"13":{"0":0.011937},"14":{"10":0.1464272,"11":0.5857088},"15":{"0":0.970876},"16":{"0":3.02404}}