{"1":{"8":0.18279,"9":0.12186,"10":0.12186,"11":3.735009},"2":{"12":0.194976,"13":0.700695,"14":3.862962},"3":{"31":0.018279,"36":0.036558,"38":0.012186,"39":0.012186,"40":0.012186,"42":0.006093,"43":0.054837,"44":0.006093,"45":0.030465,"46":0.006093,"47":0.164511,"48":0.274185,"49":0.091395,"50":3.728916,"51":0.414324,"52":0.024372},"4":{"11":0.079209,"18":0.012186,"22":0.030465,"26":0.006093,"31":0.006093,"32":0.286371,"34":0.018279,"35":0.006093,"36":0.231534,"37":0.024372,"38":0.030465,"39":0.036558,"40":0.024372,"41":0.006093,"42":0.006093,"43":0.18279,"44":0.018279,"45":0.024372,"46":0.024372,"47":0.018279,"48":0.06093,"49":0.73116,"50":0.054837,"51":0.201069,"52":0.231534,"53":0.517905,"54":0.560556,"55":35.199261,"56":0.481347,"57":0.12186,"58":0.012186},"5":{"4":0,"5":0.018279,"6":0.006093,"8":0.079209,"9":0.054837,"10":2.181294,"5.1":0.024372,"6.1":0.054837,"7.1":0.012186,"9.1":0.298557},"6":{"29":0.018279,"36":0.006093,"37":0.030465,"38":0.024372,"40":0.012186,"42":0.499626,"43":0.018279,"10.0-10.1":0,"12.1":0.115767},"7":{"8":0,"3.2":0,"4.0-4.1":0,"4.2-4.3":0,"5.0-5.1":0,"6.0-6.1":0.0210666296573,"7.0-7.1":0.0990131593893,"8.1-8.4":0.119026457564,"9.0-9.2":0.0537199056261,"9.3":0.462412520978,"10.0-10.2":4.17803932679},"8":{"0":1.0406249214},"9":{"3":0,"4":0.0746151383812,"2.1":0,"2.2":0,"2.3":0,"4.1":0.241308532637,"4.2-4.3":0.735038490862,"4.4":1.66534638642,"4.4.3-4.4.4":0.931895451697},"10":{"7":0.119133},"11":{"0":0.00227707860262,"10":0,"11":0,"12":0,"11.1":0,"11.5":0,"12.1":0},"12":{"0":26.666055},"13":{"0":0.015624},"14":{"10":0.140616,"11":0.66402},"15":{"0":1.011654},"16":{"0":3.765384}}