{"1":{"6":0.0391600861141,"7":0.0195800430571,"8":0.124006939361,"9":0.228433835666,"10":0.306754007894,"11":17.4719250879},"2":{"12":0.123652,"13":0.481592,"14":4.444964},"3":{"15":0.006508,"16":0.013016,"18":0.006508,"26":0.013016,"30":0.045556,"34":0.013016,"35":0.026032,"36":0.006508,"38":0.279844,"39":0.019524,"40":0.019524,"42":0.052064,"43":0.026032,"44":0.013016,"45":0.143176,"46":0.03254,"47":0.305876,"48":0.39048,"49":0.396988,"50":10.80328,"51":0.019524},"4":{"22":0.013016,"29":0.006508,"34":0.006508,"36":0.234288,"38":0.006508,"39":0.006508,"40":0.019524,"43":0.019524,"47":0.110636,"48":0.071588,"49":0.42302,"50":0.026032,"51":0.305876,"52":2.023988,"53":0.55318,"54":7.412612,"55":8.187064,"56":0.019524,"57":0.013016},"5":{"4":0.006508,"5":0.175716,"6":0.013016,"7":0.084604,"8":0.234288,"9":0.253812,"10":5.551324,"5.1":0.175716,"6.1":0.091112,"7.1":0.019524,"9.1":1.581444},"6":{"36":0.123652,"41":0.156192,"42":0.078096,"10.0-10.1":0,"12.1":0.026032},"7":{"8":0,"3.2":0,"4.0-4.1":0,"4.2-4.3":0,"5.0-5.1":0,"6.0-6.1":0,"7.0-7.1":0.337408503254,"8.1-8.4":0.512210498915,"9.0-9.2":0.343506247289,"9.3":2.17689462039,"10.0-10.2":16.3074001302},"8":{"0":0.0227114514638},"9":{"3":0,"4":0.0097548902027,"2.1":0,"2.2":0,"2.3":0,"4.1":0.0320517820946,"4.2-4.3":0.0917755996622,"4.4":0.211621393581,"4.4.3-4.4.4":0.126216334459},"10":{"7":0.001746},"11":{"0":0.00173254853621,"10":0,"11":0,"12":0,"11.1":0,"11.5":0,"12.1":0},"12":{"0":8.751588},"13":{"0":0.055872},"14":{"10":0.0544752,"11":0.2179008},"15":{"0":0.024444},"16":{"0":4.490712}}