{"1":{"7":0.0258136322625,"8":0.0709874887218,"9":0.238776098428,"10":0.529179461381,"11":18.0179153192},"2":{"12":0.019347,"13":0.380491,"14":3.953237},"3":{"9":0.051592,"16":0.006449,"26":0.006449,"30":0.045143,"31":0.019347,"33":0.032245,"34":0.019347,"35":0.012898,"36":0.006449,"37":0.077388,"38":0.399838,"39":0.038694,"42":0.090286,"43":0.019347,"44":0.006449,"45":0.090286,"46":0.019347,"47":0.335348,"48":0.412736,"49":0.212817,"50":9.409091,"51":1.644495,"52":0.038694,"53":0.012898,"54":0.025796},"4":{"22":0.006449,"23":1.425229,"26":0.012898,"29":0.045143,"36":0.219266,"38":0.006449,"42":0.012898,"43":0.025796,"44":0.012898,"47":0.103184,"48":0.070939,"49":0.38694,"50":0.038694,"51":0.096735,"52":0.915758,"53":0.19347,"54":0.154776,"55":13.594492,"56":0.141878,"57":0.006449},"5":{"4":0,"5":0.199919,"7":0.038694,"8":0.154776,"9":0.309552,"10":4.752913,"5.1":0.303103,"6.1":0.116082,"7.1":0.012898,"9.1":2.405477},"6":{"36":0.090286,"39":0.844819,"42":0.109633,"10.0-10.1":0,"12.1":0.025796},"7":{"8":0,"3.2":0,"4.0-4.1":0,"4.2-4.3":0,"5.0-5.1":0,"6.0-6.1":0.0808537717519,"7.0-7.1":0.380012727234,"8.1-8.4":0.456823810398,"9.0-9.2":0.206177117967,"9.3":1.77474028995,"10.0-10.2":16.0353242827},"8":{"0":0.0177162336245},"9":{"3":0,"4":0.0143075322019,"2.1":0,"2.2":0,"2.3":0,"4.1":0.0462711679721,"4.2-4.3":0.140944412968,"4.4":0.319331942124,"4.4.3-4.4.4":0.178691944735},"10":{"7":0.003551},"11":{"0":0.0000387663755459,"10":0,"11":0,"12":0,"11.1":0,"11.5":0,"12.1":0},"12":{"0":7.364407},"13":{"0":0.056816},"14":{"10":0.027304776699,"11":0.128939223301},"15":{"0":0.014204},"16":{"0":6.970613}}