{"1":{"7":0.044604,"8":0.101952,"9":0.452412,"10":0.38232,"11":19.396368},"2":{"12":0.025488,"13":0.216648,"14":5.51178},"3":{"9":0.012744,"16":0.006372,"30":0.076464,"33":0.025488,"34":0.012744,"37":0.019116,"38":0.484272,"39":0.108324,"40":0.006372,"41":0.012744,"42":0.076464,"43":0.038232,"44":0.025488,"45":0.108324,"46":0.012744,"47":0.152928,"48":0.229392,"49":0.248508,"50":0.484272,"51":10.176084,"52":0.012744,"53":0.006372,"54":0.012744},"4":{"18":0.012744,"21":0.012744,"22":0.025488,"36":0.50976,"37":0.012744,"39":0.012744,"44":0.012744,"47":0.06372,"48":0.025488,"49":0.38232,"51":0.22302,"52":0.03186,"53":0.172044,"54":0.06372,"55":3.05856,"56":10.443708,"57":0.019116,"58":0.012744},"5":{"4":0,"5":0.140184,"6":0.012744,"7":0.025488,"8":0.273996,"9":0.133812,"10":5.817636,"5.1":0.344088,"6.1":0.070092,"7.1":0.082836,"9.1":1.796904},"6":{"36":0.06372,"39":0.006372,"42":0.12744,"43":0.089208,"10.0-10.1":0,"12.1":0.019116},"7":{"8":0,"3.2":0,"4.0-4.1":0,"4.2-4.3":0,"5.0-5.1":0,"6.0-6.1":0.113207842546,"7.0-7.1":0.499823304828,"8.1-8.4":0.681383052308,"9.0-9.2":0.134567812838,"9.3":1.84763743024,"10.0-10.2":16.8551525572},"8":{"0":0.0181003930131},"9":{"3":0,"4":0.0110289965986,"2.1":0,"2.2":0,"2.3":0,"4.1":0.0330869897959,"4.2-4.3":0.106540107143,"4.4":0.235358787415,"4.4.3-4.4.4":0.132789119048},"10":{"7":0.000907},"11":{"0":0.0000396069868996,"10":0,"11":0,"12":0,"11.1":0,"11.5":0,"12.1":0},"12":{"0":7.511028},"13":{"0":0.032652},"14":{"10":0.0317009708738,"11":0.149699029126},"15":{},"16":{"0":6.269184},"17":{}}