{"1":{"6":0.0111874782609,"7":0.00839060869565,"8":0.204171478261,"9":0.0559373913043,"10":0.0867029565217,"11":0.662858086957},"2":{"12":0.093568,"13":0.12384,"14":0.277952},"3":{"3":0.01376,"4":0.008256,"5":0.008256,"6":0.005504,"7":0.002752,"8":0.005504,"9":0.005504,"10":0.008256,"11":0.016512,"12":0.022016,"13":0.01376,"14":0.016512,"15":0.016512,"16":0.016512,"17":0.011008,"18":0.011008,"19":0.011008,"20":0.011008,"21":0.019264,"22":0.011008,"23":0.011008,"24":0.01376,"25":0.011008,"26":0.008256,"27":0.011008,"28":0.011008,"29":0.01376,"30":0.019264,"31":0.016512,"32":0.01376,"33":0.011008,"34":0.019264,"35":0.019264,"36":0.016512,"37":0.016512,"38":0.030272,"39":0.035776,"40":0.02752,"41":0.022016,"42":0.016512,"43":0.15136,"44":0.079808,"45":0.049536,"46":0.044032,"47":0.266944,"48":0.12384,"49":0.134848,"50":3.272128,"51":0.45408,"52":0.024768,"53":0.002752,"3.5":0.005504,"3.6":0.022016},"4":{"4":0.002752,"5":0.008256,"6":0.005504,"7":0.011008,"9":0.005504,"10":0.008256,"11":0.066048,"12":0.016512,"13":0.008256,"14":0.005504,"15":0.002752,"16":0.011008,"17":0.008256,"18":0.011008,"19":0.01376,"20":0.01376,"21":0.019264,"22":0.01376,"23":0.01376,"24":0.008256,"25":0.019264,"26":0.01376,"27":0.011008,"28":0.035776,"29":0.024768,"30":0.046784,"31":0.079808,"32":0.049536,"33":0.04128,"34":0.008256,"35":0.01376,"36":0.104576,"37":0.005504,"38":0.024768,"39":0.024768,"40":0.011008,"41":0.005504,"42":0.035776,"43":0.093568,"44":0.022016,"45":0.02752,"46":0.022016,"47":0.035776,"48":0.024768,"49":0.52288,"50":0.044032,"51":0.11008,"52":0.107328,"53":0.310976,"54":0.22016,"55":15.559808,"56":0.239424,"57":0.049536},"5":{"4":0,"5":0.002752,"6":0.005504,"7":0.002752,"8":0.04128,"9":0.033024,"10":0.283456,"5.1":0.011008,"6.1":0.002752,"7.1":0.002752,"9.1":0.077056},"6":{"15":0.002752,"16":0.005504,"18":0.005504,"22":0.005504,"29":0.002752,"30":0.002752,"34":0.005504,"35":0.002752,"36":0.016512,"37":0.022016,"38":0.008256,"39":0.005504,"40":0.008256,"41":0.019264,"42":0.59168,"43":0.005504,"10.0-10.1":0,"11.6":0.002752,"12.1":0.011008},"7":{"8":0,"3.2":0,"4.0-4.1":0,"4.2-4.3":0,"5.0-5.1":0,"6.0-6.1":0.014268508594,"7.0-7.1":0.0670619903918,"8.1-8.4":0.0806170735561,"9.0-9.2":0.0363846969147,"9.3":0.313193763638,"10.0-10.2":2.82980196691},"8":{"0":10.399867179},"9":{"3":0,"4":0.173292804178,"2.1":0,"2.2":0,"2.3":0,"4.1":0.560436302872,"4.2-4.3":1.7071184752,"4.4":3.86774790601,"4.4.3-4.4.4":2.16431651175},"10":{"7":0.019932},"11":{"0":0.0227568209607,"10":0,"11":0,"12":0,"11.1":0,"11.5":0,"12.1":0},"12":{"0":26.532736},"13":{"0":0.021744},"14":{"10":0.429391223301,"11":2.0276807767},"15":{"0":11.966448},"16":{"0":8.37144}}