{"1":{"8":0.415516846154,"9":0.0583181538462,"10":0.211403307692,"11":1.74954461538},"2":{"12":0.268398,"13":0.2418,"14":0.442494},"3":{"3":0.01209,"4":0.045942,"5":0.004836,"6":0.007254,"7":0.014508,"10":0.014508,"11":0.009672,"12":0.019344,"14":0.007254,"15":0.019344,"16":0.021762,"17":0.026598,"18":0.029016,"19":0.009672,"20":0.016926,"21":0.038688,"22":0.016926,"23":0.002418,"24":0.08463,"26":0.004836,"28":0.01209,"29":0.026598,"30":0.014508,"31":0.002418,"32":0.01209,"33":0.014508,"34":0.043524,"35":0.007254,"36":0.02418,"37":0.04836,"38":0.03627,"39":0.007254,"40":0.03627,"41":0.01209,"42":0.01209,"43":0.1209,"44":0.22971,"45":0.111228,"46":0.050778,"47":0.454584,"48":0.275652,"49":0.191022,"50":3.172416,"51":0.488436,"52":0.033852,"3.5":0.002418,"3.6":0.02418},"4":{"8":0.004836,"11":0.053196,"16":0.002418,"18":0.004836,"19":0.004836,"22":0.004836,"23":0.004836,"24":0.002418,"26":0.014508,"27":0.002418,"28":0.004836,"29":0.01209,"30":0.004836,"31":0.016926,"32":0.074958,"33":0.041106,"34":0.007254,"36":0.009672,"37":0.004836,"38":0.014508,"39":0.004836,"40":0.007254,"41":0.002418,"42":0.089466,"43":0.116064,"44":0.02418,"45":0.079794,"46":0.019344,"47":0.014508,"48":0.026598,"49":0.37479,"50":0.062868,"51":0.239382,"52":0.232128,"53":0.55614,"54":0.222456,"55":8.707218,"56":0.195858,"57":0.029016},"5":{"4":0,"5":0.02418,"6":0.03627,"7":0.004836,"8":0.01209,"9":0.026598,"10":0.391716,"3.1":0.004836,"5.1":0.01209,"6.1":0.004836,"9.1":0.130572},"6":{"11":0.009672,"16":0.002418,"17":0.004836,"18":0.002418,"20":0.004836,"21":0.009672,"24":0.016926,"28":0.007254,"29":0.041106,"33":0.01209,"34":0.009672,"35":0.014508,"36":0.016926,"37":0.04836,"38":0.014508,"39":0.002418,"40":0.02418,"41":0.014508,"42":0.4836,"10.0-10.1":0,"10.6":0.004836,"11.1":0.004836,"11.6":0.007254,"12.1":0.019344},"7":{"8":0,"3.2":0,"4.0-4.1":0,"4.2-4.3":0,"5.0-5.1":0,"6.0-6.1":0.0113645009074,"7.0-7.1":0.053413154265,"8.1-8.4":0.064209430127,"9.0-9.2":0.028979477314,"9.3":0.249450794918,"10.0-10.2":2.25386464247},"8":{"0":22.9913886157},"9":{"3":0,"4":0.212602843342,"2.1":0,"2.2":0,"2.3":0,"4.1":0.687566642298,"4.2-4.3":2.09436418016,"4.4":4.7451145248,"4.4.3-4.4.4":2.6552738094},"10":{"7":0.018955},"11":{"0":0.0503093842795,"10":0,"11":0,"12":0,"11.1":0,"11.5":0,"12.1":0},"12":{"0":27.885794},"13":{"0":0.022746},"14":{"10":0.156351145631,"11":0.738324854369},"15":{"0":9.500246},"16":{"0":2.153288}}