{"1":{"8":0.346337697115,"9":0.0440793432692,"10":0.176317373077,"11":1.59105439038},"2":{"12":0.241155,"13":0.199215,"14":0.383751},"3":{"3":0.006291,"4":0.025164,"6":0.002097,"7":0.004194,"10":0.04194,"11":0.010485,"12":0.016776,"13":0.004194,"14":0.004194,"15":0.023067,"16":0.018873,"17":0.027261,"18":0.008388,"19":0.010485,"20":0.035649,"21":0.027261,"22":0.014679,"24":0.056619,"25":0.027261,"26":0.010485,"27":0.006291,"28":0.016776,"29":0.050328,"30":0.006291,"31":0.004194,"32":0.010485,"33":0.018873,"34":0.012582,"35":0.004194,"36":0.002097,"37":0.04194,"38":0.02097,"39":0.027261,"40":0.02097,"41":0.006291,"42":0.016776,"43":0.138402,"44":0.192924,"45":0.048231,"46":0.06291,"47":0.473922,"48":0.205506,"49":0.348102,"50":2.715615,"51":0.270513,"52":0.002097,"3.5":0.004194,"3.6":0.016776},"4":{"10":0.004194,"11":0.044037,"18":0.004194,"19":0.004194,"22":0.002097,"25":0.012582,"26":0.008388,"27":0.002097,"29":0.025164,"31":0.010485,"32":0.044037,"33":0.090171,"34":0.010485,"35":0.012582,"36":0.008388,"37":0.002097,"38":0.006291,"39":0.006291,"40":0.014679,"41":0.008388,"42":0.029358,"43":0.138402,"44":0.127917,"45":0.054522,"46":0.004194,"47":0.023067,"48":0.010485,"49":0.404721,"50":0.056619,"51":0.213894,"52":0.476019,"53":0.123723,"54":4.120605,"55":3.539736,"56":0.037746,"57":0.014679},"5":{"4":0,"5":0.010485,"6":0.079686,"8":0.02097,"9":0.018873,"10":0.215991,"5.1":0.004194,"9.1":0.142596},"6":{"11":0.002097,"15":0.006291,"20":0.006291,"21":0.002097,"24":0.008388,"28":0.016776,"29":0.039843,"33":0.018873,"34":0.002097,"35":0.065007,"36":0.094365,"37":0.138402,"38":0.027261,"39":0.002097,"40":0.02097,"41":0.411012,"42":0.102753,"9.5-9.6":0.004194,"10.0-10.1":0,"10.6":0.002097,"11.5":0.035649,"11.6":0.006291,"12.1":0.014679},"7":{"8":0,"3.2":0,"4.0-4.1":0,"4.2-4.3":0,"5.0-5.1":0,"6.0-6.1":0,"7.0-7.1":0.0414668720174,"8.1-8.4":0.0629497093275,"9.0-9.2":0.0422162733189,"9.3":0.267536264642,"10.0-10.2":2.00414888069},"8":{"0":28.695853886},"9":{"3":0,"4":0.217499370777,"2.1":0,"2.2":0,"2.3":0,"4.1":0.714640789696,"4.2-4.3":2.04626959037,"4.4":4.71840471706,"4.4.3-4.4.4":2.81417553209},"10":{"7":0.01383025},"11":{"0":2.18907011402,"10":0,"11":0,"12":0,"11.1":0,"11.5":0,"12.1":0},"12":{"0":25.434262},"13":{"0":0.015806},"14":{"10":0.1517376,"11":0.6069504},"15":{"0":7.563171},"16":{"0":1.991556}}