{"1":{"6":0.002583,"7":0.006027,"8":0.134316,"9":0.121401,"10":0.085239,"11":0.993594},"2":{"12":0.053382,"13":0.118818,"14":0.185976},"3":{"3":0.045633,"4":0.000861,"5":0.002583,"10":0.000861,"11":0.001722,"16":0.00861,"17":0.003444,"19":0.039606,"20":0.003444,"21":0.000861,"22":0.001722,"23":0.005166,"27":0.001722,"28":0.000861,"29":0.004305,"30":0.006027,"31":0.000861,"32":0.004305,"33":0.002583,"34":0.013776,"35":0.000861,"36":0.002583,"37":0.013776,"38":0.004305,"39":0.027552,"40":0.003444,"41":0.018942,"42":0.005166,"43":0.059409,"44":0.020664,"45":0.013776,"46":0.007749,"47":0.115374,"48":0.039606,"49":0.187698,"50":0.762846,"51":0.110208,"3.5":0.006027,"3.6":0.114513},"4":{"10":0.000861,"11":0.00861,"21":0.018942,"26":0.037023,"31":0.018942,"32":0.003444,"33":0.006027,"34":0.000861,"35":0.006888,"36":0.075768,"37":0.002583,"38":0.006027,"39":0.01722,"40":0.035301,"41":0.006888,"42":0.005166,"43":0.031857,"44":0.00861,"45":0.014637,"46":0.012915,"47":0.002583,"48":0.057687,"49":0.12915,"50":0.01722,"51":0.027552,"52":0.099015,"53":0.053382,"54":1.550661,"55":1.092609,"56":0.002583},"5":{"4":0,"5":0.006027,"6":0.052521,"7":0.000861,"8":0.005166,"9":0.00861,"10":0.027552,"5.1":0.014637,"7.1":0.00861,"9.1":0.021525},"6":{"17":0.012915,"23":0.007749,"24":0.001722,"28":0.000861,"29":0.001722,"30":0.000861,"31":0.000861,"32":0.001722,"33":0.001722,"34":0.003444,"35":0.012054,"36":0.007749,"37":0.024108,"38":0.000861,"39":0.002583,"40":0.01722,"41":0.389172,"42":0.027552,"43":0.000861,"10.0-10.1":0,"10.6":0.003444,"12.1":0.004305},"7":{"8":0,"3.2":0,"4.0-4.1":0,"4.2-4.3":0,"5.0-5.1":0,"6.0-6.1":0,"7.0-7.1":0.00940135110009,"8.1-8.4":0.0142719305857,"9.0-9.2":0.00957125503564,"9.3":0.0606557049892,"10.0-10.2":0.454379758289},"8":{"0":53.429548077},"9":{"3":0,"4":0.0506757668919,"2.1":0,"2.2":0,"2.3":0,"4.1":0.166506091216,"4.2-4.3":0.476765888514,"4.4":1.09935388176,"4.4.3-4.4.4":0.655682371622},"10":{"7":0.223881},"11":{"0":4.07588592296,"10":0,"11":0,"12":0,"11.1":0,"11.5":0,"12.1":0},"12":{"0":13.826295},"13":{},"14":{"10":0.374658,"11":1.498632},"15":{"0":12.546474},"16":{"0":1.544322}}