{"1":{"6":0.00815311418685,"8":0.228287197232,"9":0.146756055363,"10":0.211980968858,"11":4.11732266436},"2":{"12":0.073125,"13":0.43875,"14":1.828125},"3":{"3":0.008125,"11":0.01625,"29":0.008125,"30":0.008125,"31":0.01625,"33":0.008125,"35":0.01625,"36":0.01625,"37":0.024375,"38":0.30875,"39":0.0325,"40":0.0325,"41":0.065,"42":0.0325,"43":0.455,"44":0.0325,"45":0.609375,"46":0.39,"47":1.80375,"48":0.690625,"49":0.56875,"50":11.496875,"51":1.551875,"52":0.04875,"3.5":0.024375,"3.6":0.073125},"4":{"11":0.01625,"12":0.008125,"17":0.008125,"18":0.11375,"21":0.01625,"22":0.0325,"25":0.008125,"26":0.024375,"28":0.01625,"29":0.008125,"31":0.056875,"32":0.056875,"33":0.01625,"34":0.065,"35":0.040625,"36":0.4225,"37":0.065,"38":0.04875,"39":0.154375,"40":0.024375,"41":0.024375,"42":0.01625,"43":0.455,"44":0.04875,"45":0.024375,"46":0.024375,"47":0.065,"48":0.073125,"49":2.120625,"50":0.625625,"51":4.2575,"52":0.1625,"53":0.251875,"54":0.641875,"55":35.815,"56":0.544375,"57":0.0975},"5":{"4":0,"5":0.024375,"7":0.01625,"8":0.073125,"9":0.154375,"10":1.584375,"5.1":0.040625,"6.1":0.024375,"9.1":0.398125},"6":{"12":0.024375,"27":0.01625,"28":0.008125,"34":0.01625,"36":0.170625,"37":0.040625,"38":0.836875,"39":0.008125,"40":0.01625,"41":0.073125,"42":2.461875,"43":0.0325,"10.0-10.1":0,"11.1":0.01625,"11.6":0.024375,"12.1":0.154375},"7":{"8":0,"3.2":0,"4.0-4.1":0,"4.2-4.3":0,"5.0-5.1":0,"6.0-6.1":0.0138117860574,"7.0-7.1":0.0649153944699,"8.1-8.4":0.0780365912245,"9.0-9.2":0.0352200544465,"9.3":0.303168703961,"10.0-10.2":2.73922246984},"8":{"0":0.280635917031},"9":{"3":0,"4":0.0192509791123,"2.1":0,"2.2":0,"2.3":0,"4.1":0.0622584856397,"4.2-4.3":0.189642624021,"4.4":0.429665469974,"4.4.3-4.4.4":0.240432441253},"10":{"7":0.00703125},"11":{"0":0.000614082969432,"10":0,"11":0,"12":0,"11.1":0,"11.5":0,"12.1":0},"12":{"0":10.93625},"13":{"0":0.024375},"14":{"10":0.0439077669903,"11":0.20734223301},"15":{"0":0.07125},"16":{"0":3.01875}}