{"1":{"6":0.807419331277,"7":0.0595637211598,"8":1.93913003331,"9":0.324291370759,"10":0.357382326959,"11":7.24030121653},"2":{"12":0.06494,"13":0.29223,"14":2.79242},"3":{"3":0.019482,"10":0.019482,"11":0.012988,"12":0.025976,"16":0.025976,"18":0.006494,"19":0.006494,"21":0.025976,"24":0.025976,"25":0.006494,"26":0.006494,"27":0.006494,"28":0.012988,"29":0.019482,"30":0.006494,"31":0.06494,"33":0.012988,"34":0.012988,"35":0.019482,"36":0.019482,"37":0.045458,"38":0.363664,"39":0.03247,"40":0.051952,"41":0.038964,"42":0.051952,"43":0.077928,"44":0.045458,"45":1.162426,"46":0.071434,"47":0.428604,"48":0.467568,"49":0.266254,"50":0.74681,"51":11.020318,"52":0.051952,"53":0.012988},"4":{"16":0.006494,"22":0.03247,"31":0.019482,"32":0.071434,"33":0.012988,"34":0.03247,"35":0.012988,"36":0.188326,"38":0.019482,"39":0.012988,"40":0.006494,"41":0.019482,"42":0.012988,"43":0.110398,"44":0.038964,"45":0.077928,"46":0.071434,"47":0.155856,"48":0.279242,"49":0.922148,"50":0.110398,"51":0.55199,"52":0.149362,"53":0.19482,"54":0.188326,"55":5.97448,"56":16.228506,"57":0.051952,"58":0.03247},"5":{"4":0.019482,"5":0.058446,"6":0.012988,"7":0.045458,"8":0.168844,"9":0.285736,"10":5.286116,"5.1":0.207808,"6.1":0.181832,"7.1":0.006494,"9.1":1.259836,"10.1":0.025976},"6":{"11":0.006494,"28":0.012988,"31":0.012988,"36":0.019482,"38":0.058446,"40":0.012988,"42":0.22729,"43":0.448086,"9.5-9.6":0.006494,"10.0-10.1":0,"10.6":0.012988,"12.1":0.038964},"7":{"8":0,"3.2":0,"4.0-4.1":0,"4.2-4.3":0,"5.0-5.1":0,"6.0-6.1":0.096802798939,"7.0-7.1":0.427393489655,"8.1-8.4":0.582643261538,"9.0-9.2":0.115067477984,"9.3":1.5798947374,"10.0-10.2":14.4126582345},"8":{"0":0.213399043668},"9":{"3":0,"4":0.0122978316327,"2.1":0,"2.2":0,"2.3":0,"4.1":0.036893494898,"4.2-4.3":0.118797053571,"4.4":0.262435727041,"4.4.3-4.4.4":0.148065892857},"10":{"7":0.010518},"11":{"0":0.000466956331878,"10":0,"11":0,"12":0,"11.1":0,"11.5":0,"12.1":0},"12":{"0":11.483344},"13":{"0":0.077132},"14":{"10":0.0300222524272,"11":0.141771747573},"15":{"0":0.725742},"16":{"0":4.410548},"17":{}}