{"1":{"6":0.92502234845,"7":0.060767891504,"8":2.9033548163,"9":0.445631204363,"10":0.432127228473,"11":6.99505951091},"2":{"12":0.086047,"13":0.483187,"14":2.687314},"3":{"3":0.019857,"12":0.019857,"15":0.006619,"16":0.026476,"18":0.19857,"21":0.019857,"24":0.013238,"26":0.006619,"27":0.006619,"28":0.013238,"29":0.019857,"30":0.033095,"31":0.086047,"32":0.019857,"33":0.019857,"34":0.019857,"35":0.019857,"36":0.019857,"37":0.033095,"38":0.357426,"39":0.039714,"40":0.052952,"41":0.046333,"42":0.099285,"43":0.105904,"44":0.059571,"45":0.681757,"46":0.112523,"47":0.489806,"48":0.602329,"49":0.456711,"50":11.11992,"51":0.086047,"52":0.013238,"3.6":0.019857},"4":{"11":0.006619,"22":0.026476,"31":0.019857,"32":0.059571,"33":0.006619,"34":0.013238,"35":0.099285,"36":0.238284,"37":0.013238,"38":0.019857,"39":0.026476,"40":0.013238,"41":0.013238,"42":0.013238,"43":0.165475,"44":0.033095,"45":0.119142,"46":0.019857,"47":0.112523,"48":0.317712,"49":0.946517,"50":0.138999,"51":0.701614,"52":0.344188,"53":0.608948,"54":11.642821,"55":9.412218,"56":0.052952,"57":0.039714},"5":{"4":0.026476,"5":0.059571,"6":0.019857,"7":0.059571,"8":0.337569,"9":0.271379,"10":4.474444,"5.1":0.317712,"6.1":0.317712,"7.1":0.013238,"9.1":1.575322},"6":{"31":0.013238,"36":0.006619,"37":0.006619,"38":0.079428,"39":0.026476,"40":0.019857,"41":0.542758,"42":0.185332,"9.5-9.6":0.006619,"10.0-10.1":0,"12.1":0.052952},"7":{"8":0,"3.2":0,"4.0-4.1":0,"4.2-4.3":0,"5.0-5.1":0,"6.0-6.1":0,"7.0-7.1":0.271224452433,"8.1-8.4":0.41173832538,"9.0-9.2":0.276126099163,"9.3":1.74988788286,"10.0-10.2":13.1086372402},"8":{"0":0.314228967643},"9":{"3":0,"4":0.0146962753378,"2.1":0,"2.2":0,"2.3":0,"4.1":0.0482877618243,"4.2-4.3":0.13826495777,"4.4":0.318819197635,"4.4.3-4.4.4":0.190151807432},"10":{"7":0.018601},"11":{"0":0.0239710323575,"10":0,"11":0,"12":0,"11.1":0,"11.5":0,"12.1":0},"12":{"0":11.510635},"13":{"0":0.077786},"14":{"10":0.0419368,"11":0.1677472},"15":{"0":0.686546},"16":{"0":4.376308}}