{"1":{"6":0.745849350649,"7":0.0532749536178,"8":2.02444823748,"9":0.319649721707,"10":0.352946567718,"11":7.27203116883},"2":{"12":0.0786,"13":0.34715,"14":2.95405},"3":{"3":0.01965,"12":0.01965,"16":0.0262,"18":0.0786,"19":0.00655,"21":0.01965,"24":0.01965,"25":0.00655,"26":0.0131,"28":0.00655,"29":0.0131,"30":0.03275,"31":0.0917,"32":0.0262,"33":0.03275,"34":0.01965,"35":0.01965,"36":0.0262,"37":0.03275,"38":0.4061,"39":0.0393,"40":0.04585,"41":0.11135,"42":0.0786,"43":0.11135,"44":0.0393,"45":0.7729,"46":0.09825,"47":0.4978,"48":0.51745,"49":0.3668,"50":10.1001,"51":1.32965,"52":0.01965,"53":0.0131,"3.6":0.0262},"4":{"11":0.00655,"22":0.0262,"26":0.00655,"30":0.0131,"31":0.01965,"32":0.0917,"34":0.0131,"35":0.0786,"36":0.32095,"37":0.0131,"38":0.0262,"39":0.1179,"40":0.00655,"41":0.01965,"42":0.0131,"43":0.2096,"44":0.0524,"45":0.09825,"46":0.04585,"47":0.29475,"48":0.25545,"49":1.0087,"50":0.11135,"51":0.655,"52":0.38645,"53":0.3537,"54":0.54365,"55":21.1303,"56":0.32095,"57":0.04585},"5":{"4":0.01965,"5":0.05895,"6":0.01965,"7":0.04585,"8":0.2227,"9":0.28165,"10":4.98455,"5.1":0.2227,"6.1":0.20305,"7.1":0.00655,"9.1":1.51305,"10.1":0.00655},"6":{"28":0.0131,"31":0.0131,"32":0.01965,"36":0.0131,"38":0.1048,"39":0.00655,"40":0.03275,"41":0.00655,"42":0.5371,"10.0-10.1":0,"10.6":0.00655,"12.1":0.0524},"7":{"8":0,"3.2":0,"4.0-4.1":0,"4.2-4.3":0,"5.0-5.1":0,"6.0-6.1":0.0715942735134,"7.0-7.1":0.336493085513,"8.1-8.4":0.404507645351,"9.0-9.2":0.182565397459,"9.3":1.57149430362,"10.0-10.2":14.1989342945},"8":{"0":0.258110207424},"9":{"3":0,"4":0.0133322310705,"2.1":0,"2.2":0,"2.3":0,"4.1":0.043117002611,"4.2-4.3":0.131336659269,"4.4":0.297564050914,"4.4.3-4.4.4":0.166511056136},"10":{"7":0.01120925},"11":{"0":0.000564792576419,"10":0,"11":0,"12":0,"11.1":0,"11.5":0,"12.1":0},"12":{"0":11.452675},"13":{"0":0.079327},"14":{"10":0.0319451067961,"11":0.150851893204},"15":{"0":0.631167},"16":{"0":4.387128}}