{"1":{"8":0.367914737271,"9":0.150510574338,"10":0.225765861507,"11":3.36140282688},"2":{"12":0.072594,"13":0.306508,"14":1.782586},"3":{"3":0.016132,"11":0.016132,"12":0.032264,"16":0.016132,"20":0.016132,"24":0.008066,"28":0.032264,"31":0.072594,"32":0.016132,"34":0.008066,"35":0.024198,"36":0.008066,"37":0.032264,"38":0.096792,"39":0.04033,"40":0.04033,"41":0.056462,"42":0.088726,"43":0.088726,"44":0.08066,"45":0.379102,"46":0.096792,"47":0.379102,"48":0.28231,"49":0.217782,"50":11.81669,"51":1.524474,"52":0.016132,"53":0.008066,"3.5":0.024198,"3.6":0.064528},"4":{"11":0.016132,"13":0.008066,"15":0.008066,"18":0.04033,"19":0.008066,"20":0.008066,"21":0.016132,"22":0.056462,"23":0.016132,"25":0.008066,"26":0.024198,"27":0.008066,"29":0.024198,"31":0.096792,"32":0.04033,"33":0.016132,"34":0.024198,"35":0.064528,"36":0.072594,"37":0.024198,"38":0.04033,"39":0.04033,"40":0.032264,"41":0.217782,"42":0.016132,"43":0.104858,"44":0.056462,"45":0.032264,"46":0.04033,"47":0.064528,"48":0.12099,"49":2.024566,"50":0.153254,"51":0.556554,"52":0.20165,"53":0.411366,"54":0.540422,"55":43.580598,"56":0.661412,"57":0.185518},"5":{"4":0.016132,"5":0.04033,"6":0.008066,"7":0.024198,"8":0.08066,"9":0.16132,"10":2.153622,"5.1":0.072594,"6.1":0.04033,"9.1":0.492026},"6":{"12":0.016132,"18":0.008066,"26":0.008066,"27":0.016132,"28":0.008066,"35":0.008066,"36":0.145188,"37":0.024198,"38":0.112924,"39":0.024198,"40":0.016132,"41":0.048396,"42":1.637398,"10.0-10.1":0,"10.6":0.008066,"11.6":0.04033,"12.1":0.217782},"7":{"8":0,"3.2":0,"4.0-4.1":0,"4.2-4.3":0,"5.0-5.1":0,"6.0-6.1":0.0187819152343,"7.0-7.1":0.0882750016014,"8.1-8.4":0.106117821074,"9.0-9.2":0.0478938838475,"9.3":0.412263039394,"10.0-10.2":3.72492333885},"8":{"0":0.237485338428},"9":{"3":0,"4":0.0185610117493,"2.1":0,"2.2":0,"2.3":0,"4.1":0.0600271018277,"4.2-4.3":0.182845711488,"4.4":0.41426598564,"4.4.3-4.4.4":0.231815189295},"10":{"7":0.00338625},"11":{"0":0.000519661572052,"10":0,"11":0,"12":0,"11.1":0,"11.5":0,"12.1":0},"12":{"0":10.79751},"13":{"0":0.0387},"14":{"10":0.060867961165,"11":0.287432038835},"15":{"0":0.12384},"16":{"0":2.65095}}