{"1":{"8":0.337070321932,"9":0.164424547284,"10":0.180867002012,"11":3.40358812877},"2":{"12":0.056525,"13":0.27455,"14":2.026825},"3":{"3":0.008075,"4":0.040375,"12":0.01615,"16":0.01615,"19":0.01615,"20":0.01615,"24":0.008075,"28":0.024225,"31":0.088825,"34":0.008075,"35":0.008075,"36":0.008075,"37":0.040375,"38":0.11305,"39":0.024225,"40":0.040375,"41":0.01615,"42":0.04845,"43":0.088825,"44":0.1292,"45":0.53295,"46":0.088825,"47":0.282625,"48":0.2584,"49":0.27455,"50":0.928625,"51":12.1125,"52":0.250325,"53":0.024225,"3.6":0.04845},"4":{"11":0.008075,"18":0.04845,"22":0.024225,"25":0.01615,"26":0.01615,"27":0.008075,"29":0.01615,"30":0.008075,"31":0.072675,"32":0.0323,"34":0.040375,"35":0.040375,"36":0.04845,"37":0.01615,"38":0.0323,"39":0.040375,"40":0.024225,"41":0.0323,"42":0.01615,"43":0.08075,"44":0.04845,"45":0.0323,"46":0.024225,"47":0.072675,"48":0.1292,"49":2.0995,"50":0.137275,"51":0.30685,"52":0.121125,"53":0.201875,"54":0.314925,"55":11.5311,"56":34.15725,"57":0.169575,"58":0.137275},"5":{"4":0.01615,"5":0.024225,"6":0.01615,"7":0.01615,"8":0.072675,"9":0.1292,"10":2.188325,"5.1":0.072675,"6.1":0.0323,"9.1":0.37145,"10.1":0.024225},"6":{"12":0.01615,"33":0.01615,"35":0.008075,"36":0.1292,"37":0.008075,"38":0.0646,"39":0.01615,"41":0.024225,"42":0.621775,"43":1.090125,"10.0-10.1":0,"11.6":0.01615,"12.1":0.153425},"7":{"8":0,"3.2":0,"4.0-4.1":0,"4.2-4.3":0,"5.0-5.1":0,"6.0-6.1":0.0237715543767,"7.0-7.1":0.104953655172,"8.1-8.4":0.143077846154,"9.0-9.2":0.0282567533156,"9.3":0.387969708223,"10.0-10.2":3.53927048276},"8":{"0":0.165188537118},"9":{"3":0,"4":0.0166964285714,"2.1":0,"2.2":0,"2.3":0,"4.1":0.0500892857143,"4.2-4.3":0.1612875,"4.4":0.356301785714,"4.4.3-4.4.4":0.201025},"10":{"7":0.00385},"11":{"0":0.000361462882096,"10":0,"11":0,"12":0,"11.1":0,"11.5":0,"12.1":0},"12":{"0":10.9058},"13":{"0":0.02695},"14":{"10":0.0632446601942,"11":0.298655339806},"15":{"0":0.121275},"16":{"0":2.75275},"17":{}}