{"1":{"6":0.0475017076566,"7":0.0475017076566,"8":0.732883489559,"9":0.36644174478,"10":0.413943452436,"11":1.2961180232},"2":{"12":0.042126,"13":0.114342,"14":0.288864},"3":{"3":0.06018,"4":0.006018,"5":0.006018,"6":0.006018,"7":0.012036,"10":0.018054,"11":0.018054,"12":0.036108,"13":0.012036,"14":0.012036,"15":0.018054,"16":0.024072,"17":0.018054,"18":0.018054,"19":0.012036,"20":0.024072,"21":0.018054,"22":0.012036,"23":0.018054,"24":0.024072,"25":0.018054,"26":0.03009,"27":0.018054,"28":0.012036,"29":0.03009,"30":0.042126,"31":0.036108,"32":0.036108,"33":0.042126,"34":0.048144,"35":0.054162,"36":0.048144,"37":0.06018,"38":0.096288,"39":0.054162,"40":0.084252,"41":0.06018,"42":0.078234,"43":0.469404,"44":0.072216,"45":0.192576,"46":0.132396,"47":0.75225,"48":0.649944,"49":0.288864,"50":6.391116,"51":0.824466,"52":0.036108,"3.5":0.012036,"3.6":0.054162},"4":{"4":0.006018,"5":0.012036,"6":0.036108,"7":0.018054,"8":0.018054,"10":0.012036,"11":0.036108,"12":0.024072,"13":0.012036,"14":0.006018,"15":0.006018,"16":0.018054,"17":0.03009,"18":0.012036,"19":0.024072,"20":0.006018,"21":0.024072,"22":0.048144,"23":0.018054,"24":0.018054,"25":0.042126,"26":0.066198,"27":0.036108,"28":0.054162,"29":0.066198,"30":0.048144,"31":0.09027,"32":0.084252,"33":0.096288,"34":0.042126,"35":0.042126,"36":0.108324,"37":0.042126,"38":0.09027,"39":0.15045,"40":0.084252,"41":0.054162,"42":0.048144,"43":0.764286,"44":0.096288,"45":0.108324,"46":0.132396,"47":0.174522,"48":0.228684,"49":4.982904,"50":0.204612,"51":1.08324,"52":0.433296,"53":0.625872,"54":0.680034,"55":28.70586,"56":0.619854,"57":0.048144,"58":0.006018},"5":{"4":0.036108,"5":0.042126,"6":0.018054,"7":0.018054,"8":0.114342,"9":0.126378,"10":0.553656,"5.1":0.036108,"6.1":0.036108,"9.1":0.234702},"6":{"34":0.006018,"35":0.012036,"36":0.162486,"37":0.012036,"38":0.138414,"39":0.018054,"40":0.012036,"41":0.024072,"42":1.059168,"43":0.012036,"44":0.006018,"10.0-10.1":0,"11.6":0.006018,"12.1":0.018054},"7":{"8":0,"3.2":0,"4.0-4.1":0,"4.2-4.3":0,"5.0-5.1":0,"6.0-6.1":0.0127564855343,"7.0-7.1":0.0599554820113,"8.1-8.4":0.0720741432689,"9.0-9.2":0.0325290381125,"9.3":0.280004857478,"10.0-10.2":2.52992999359},"8":{"0":2.75419232096},"9":{"3":0,"4":0.130910359878,"2.1":0,"2.2":0,"2.3":0,"4.1":0.4233696745,"4.2-4.3":1.28960631114,"4.4":2.92180781941,"4.4.3-4.4.4":1.63498683507},"10":{"7":0.027881},"11":{"0":0.0060266790393,"10":0,"11":0,"12":0,"11.1":0,"11.5":0,"12.1":0},"12":{"0":20.983507},"13":{"0":0.027881},"14":{"10":0.127378660194,"11":0.601510339806},"15":{"0":0.458045},"16":{"0":5.484591}}