{"1":{"8":0.180552,"9":0.37615,"10":0.240736,"11":9.652009},"2":{"12":0.030092,"13":0.240736,"14":2.888832},"3":{"16":0.007523,"25":0.022569,"26":0.022569,"33":0.045138,"35":0.052661,"36":0.022569,"37":0.015046,"38":0.022569,"40":0.007523,"41":0.015046,"42":0.022569,"43":0.022569,"45":0.127891,"47":0.255782,"48":0.338535,"49":0.030092,"50":0.932852,"51":7.959334,"52":0.015046,"53":0.007523},"4":{"11":0.007523,"13":0.015046,"21":0.052661,"26":0.030092,"31":0.180552,"34":0.030092,"35":0.007523,"37":0.045138,"39":0.052661,"41":0.015046,"42":0.007523,"43":0.052661,"45":0.015046,"46":0.07523,"47":0.428811,"48":0.082753,"49":1.549738,"51":0.406242,"52":0.323489,"53":0.022569,"54":0.173029,"55":8.418237,"56":23.373961,"57":0.037615,"58":0.15046},"5":{"4":0,"5":0.052661,"6":0.022569,"7":0.015046,"8":0.240736,"9":0.504041,"10":10.524677,"5.1":0.413765,"6.1":0.52661,"9.1":2.798556,"10.1":0.030092},"6":{"42":0.142937,"43":0.180552,"10.0-10.1":0,"12.1":0.015046},"7":{"8":0,"3.2":0,"4.0-4.1":0,"4.2-4.3":0,"5.0-5.1":0,"6.0-6.1":0.0917365162865,"7.0-7.1":0.405025373793,"8.1-8.4":0.552149975385,"9.0-9.2":0.109045292944,"9.3":1.4972091809,"10.0-10.2":13.6583556607},"8":{"0":0.108750034934},"9":{"3":0,"4":0.00337006802721,"2.1":0,"2.2":0,"2.3":0,"4.1":0.0101102040816,"4.2-4.3":0.0325548571429,"4.4":0.0719172517007,"4.4.3-4.4.4":0.0405756190476},"10":{"7":0.0136235},"11":{"0":0.000237965065502,"10":0,"11":0,"12":0,"11.1":0,"11.5":0,"12.1":0},"12":{"0":5.43509},"13":{"0":0.081741},"14":{"10":0.0207779417476,"11":0.0981180582524},"15":{},"16":{"0":2.479477},"17":{}}