{"1":{"8":0.115005,"9":0.46002,"10":0.360349,"11":9.238735},"2":{"12":0.030668,"13":0.237677,"14":2.614447},"3":{"9":0.015334,"17":0.092004,"20":0.007667,"25":0.053669,"27":0.015334,"30":0.015334,"31":0.015334,"33":0.023001,"35":0.015334,"36":0.053669,"37":0.015334,"38":0.053669,"40":0.015334,"41":0.023001,"42":0.023001,"43":0.07667,"45":0.053669,"46":0.023001,"47":0.214676,"48":0.529023,"49":0.552024,"50":8.702045,"51":0.030668,"52":0.030668},"4":{"21":0.115005,"29":0.053669,"31":0.145673,"32":0.015334,"37":0.030668,"39":0.023001,"41":0.015334,"42":0.007667,"43":0.007667,"45":0.015334,"46":0.015334,"47":0.659362,"48":0.061336,"49":1.472064,"50":0.038335,"51":0.176341,"52":0.644028,"53":0.214676,"54":17.212415,"55":13.907938,"56":0.314347,"57":0.053669},"5":{"4":0,"5":0.130339,"6":0.15334,"7":0.038335,"8":0.598026,"9":1.257388,"10":9.936432,"5.1":0.437019,"6.1":0.782034,"7.1":0.023001,"9.1":3.327478},"6":{"40":0.015334,"41":0.176341,"42":0.030668,"10.0-10.1":0},"7":{"8":0,"3.2":0,"4.0-4.1":0,"4.2-4.3":0,"5.0-5.1":0,"6.0-6.1":0,"7.0-7.1":0.245129067245,"8.1-8.4":0.372123644252,"9.0-9.2":0.249559110629,"9.3":1.58152548807,"10.0-10.2":11.8474126898},"8":{"0":0.0737313836672},"9":{"3":0,"4":0.00589216722973,"2.1":0,"2.2":0,"2.3":0,"4.1":0.0193599780405,"4.2-4.3":0.0554344712838,"4.4":0.127823954392,"4.4.3-4.4.4":0.0762374290541},"10":{"7":0.019839},"11":{"0":0.00562461633282,"10":0,"11":0,"12":0,"11.1":0,"11.5":0,"12.1":0},"12":{"0":5.756635},"13":{"0":0.065352},"14":{"10":0.0177384,"11":0.0709536},"15":{"0":0.016338},"16":{"0":2.611746}}