{"1":{"8":1.35191,"9":0.478485,"10":0.235445,"11":9.015265},"2":{"12":0.07595,"13":0.18228,"14":2.529135},"3":{"25":0.053165,"33":0.037975,"35":0.03038,"36":0.007595,"37":0.01519,"38":0.03038,"39":0.01519,"41":0.007595,"42":0.01519,"43":0.04557,"44":0.007595,"45":0.07595,"47":0.053165,"48":0.432915,"49":0.06076,"50":8.346905,"51":0.63798,"52":0.007595},"4":{"21":0.068355,"26":0.022785,"29":0.01519,"30":0.053165,"31":0.037975,"32":0.007595,"35":0.007595,"37":0.03038,"39":0.037975,"42":0.007595,"43":1.3671,"45":0.01519,"46":0.10633,"47":0.448105,"48":0.083545,"49":1.541785,"50":0.01519,"51":0.06076,"52":0.736715,"53":0.21266,"54":0.41013,"55":28.853405,"56":0.554435,"57":0.068355},"5":{"4":0,"5":0.03038,"6":0.053165,"7":0.022785,"8":0.42532,"9":0.645575,"10":10.51148,"5.1":0.71393,"6.1":0.417725,"7.1":0.007595,"9.1":3.577245,"10.1":0.053165},"6":{"41":0.03038,"42":0.205065,"10.0-10.1":0,"12.1":0.04557},"7":{"8":0,"3.2":0,"4.0-4.1":0,"4.2-4.3":0,"5.0-5.1":0,"6.0-6.1":0.066081127362,"7.0-7.1":0.310581298601,"8.1-8.4":0.373358369595,"9.0-9.2":0.168506874773,"9.3":1.4504807456,"10.0-10.2":13.1055395841},"8":{"0":0.0287850131004},"9":{"3":0,"4":0.00344175805048,"2.1":0,"2.2":0,"2.3":0,"4.1":0.011130791993,"4.2-4.3":0.0339049782419,"4.4":0.0768171105309,"4.4.3-4.4.4":0.0429853611836},"10":{"7":0.010217},"11":{"0":0.0000629868995633,"10":0,"11":0,"12":0,"11.1":0,"11.5":0,"12.1":0},"12":{"0":5.410149},"13":{"0":0.062504},"14":{"10":0.0126034951456,"11":0.0595165048544},"15":{"0":0.038464},"16":{"0":2.673248}}