{"1":{"6":0.0168669350649,"7":0.0337338701299,"8":0.54817538961,"9":0.261437493506,"10":0.472274181818,"11":1.26502012987},"2":{"12":0.024051,"13":0.128272,"14":0.505071},"3":{"2":0.104221,"3":0.288612,"4":0.08017,"5":0.048102,"6":0.024051,"7":0.016034,"8":0.024051,"9":0.024051,"10":0.064136,"11":0.040085,"12":0.040085,"13":0.040085,"14":0.072153,"15":0.064136,"16":0.048102,"17":0.032068,"18":0.032068,"19":0.056119,"20":0.056119,"21":0.056119,"22":0.040085,"23":0.064136,"24":0.040085,"25":0.040085,"26":0.024051,"27":0.016034,"28":0.024051,"29":0.024051,"30":0.032068,"31":0.024051,"32":0.040085,"33":0.064136,"34":0.064136,"35":0.144306,"36":0.088187,"37":0.024051,"38":0.072153,"39":0.048102,"40":0.016034,"41":0.008017,"42":0.024051,"43":0.136289,"44":0.024051,"45":0.120255,"46":0.088187,"47":0.376799,"48":0.176374,"49":0.152323,"50":4.577707,"51":0.024051,"3.5":0.56119,"3.6":2.020284},"4":{"4":0.096204,"5":0.056119,"6":0.048102,"7":0.040085,"8":0.040085,"9":0.048102,"10":0.088187,"11":0.104221,"12":0.144306,"13":0.08017,"14":0.112238,"15":0.152323,"16":0.120255,"17":0.224476,"18":0.176374,"19":0.192408,"20":0.192408,"21":0.288612,"22":0.184391,"23":0.248527,"24":0.232493,"25":0.136289,"26":0.176374,"27":0.168357,"28":0.088187,"29":0.048102,"30":0.024051,"31":0.056119,"32":0.032068,"33":0.072153,"34":0.072153,"35":0.144306,"36":0.088187,"37":0.064136,"38":0.152323,"39":0.208442,"40":0.256544,"41":0.168357,"42":0.168357,"43":0.272578,"44":0.040085,"45":0.08017,"46":0.056119,"47":0.144306,"48":0.24051,"49":2.894137,"50":0.224476,"51":0.817734,"52":0.344731,"53":0.521105,"54":20.715928,"55":20.274993,"56":0.144306,"57":0.072153},"5":{"4":0.192408,"5":0.264561,"6":0.056119,"7":0.016034,"8":0.072153,"9":0.024051,"10":0.625326,"3.1":0.040085,"3.2":0.032068,"5.1":0.208442,"6.1":0.016034,"9.1":0.184391},"6":{"11":0.088187,"12":0.48102,"15":0.008017,"16":0.056119,"17":0.040085,"18":0.048102,"19":0.032068,"20":0.096204,"21":0.040085,"22":0.024051,"23":0.016034,"24":0.048102,"25":0.040085,"26":0.064136,"27":0.384816,"28":0.040085,"29":0.016034,"34":0.016034,"36":0.128272,"37":0.024051,"38":0.136289,"39":0.024051,"40":0.040085,"41":1.242635,"42":0.617309,"43":0.016034,"10.0-10.1":0.072153,"10.5":0.088187,"10.6":0.168357,"11.1":0.064136,"11.5":0.152323,"11.6":0.456969,"12.1":1.451077},"7":{"8":0,"3.2":0,"4.0-4.1":0,"4.2-4.3":0,"5.0-5.1":0,"6.0-6.1":0,"7.0-7.1":0.0481232302448,"8.1-8.4":0.0730545422993,"9.0-9.2":0.0489929271769,"9.3":0.310481804772,"10.0-10.2":2.32585949551},"8":{"0":0.633482625578},"9":{"3":0,"4":0.0325230464527,"2.1":0,"2.2":0,"2.3":0,"4.1":0.106861438345,"4.2-4.3":0.305982130912,"4.4":0.705550987331,"4.4.3-4.4.4":0.420808396959},"10":{"7":0.007928},"11":{"0":0.0483253744222,"10":0,"11":0,"12":0,"11.1":0,"11.5":0,"12.1":0},"12":{"0":13.099832},"13":{"0":0.021802},"14":{"10":0.110992,"11":0.443968},"15":{"0":0.279462},"16":{"0":1.351724}}