{"1":{"7":0.0113845138889,"8":0.267536076389,"9":0.0967683680556,"10":0.0739993402778,"11":1.18968170139},"2":{"12":0.033918,"13":0.107407,"14":0.480505},"3":{"3":0.005653,"10":0.005653,"12":0.011306,"18":0.011306,"20":0.005653,"23":0.011306,"29":0.011306,"31":0.011306,"34":0.005653,"35":0.016959,"36":0.011306,"37":0.022612,"38":0.022612,"39":0.028265,"40":0.016959,"41":0.016959,"42":0.039571,"43":0.11306,"44":0.033918,"45":0.067836,"46":0.045224,"47":0.248732,"48":0.130019,"49":0.197855,"50":6.681846,"51":0.390057,"52":0.016959,"53":0.005653,"3.5":0.011306,"3.6":0.028265},"4":{"8":0.028265,"10":0.045224,"11":0.016959,"12":0.011306,"14":0.011306,"15":0.005653,"16":0.016959,"17":0.005653,"18":0.033918,"20":0.033918,"22":0.062183,"24":0.016959,"25":0.005653,"26":0.090448,"27":0.016959,"29":0.005653,"30":0.016959,"31":0.079142,"32":0.045224,"33":0.022612,"34":0.073489,"35":0.016959,"36":0.062183,"37":0.022612,"38":0.067836,"39":0.084795,"40":0.16959,"41":0.011306,"42":0.022612,"43":0.090448,"44":0.073489,"45":0.022612,"46":0.039571,"47":0.11306,"48":0.079142,"49":3.827081,"50":0.079142,"51":0.220467,"52":0.16959,"53":0.220467,"54":16.433271,"55":18.168742,"56":0.192202,"57":0.079142},"5":{"4":0,"5":0.005653,"8":0.039571,"9":0.062183,"10":0.333527,"5.1":0.033918,"6.1":0.005653,"9.1":0.146978},"6":{"17":0.016959,"19":0.005653,"22":0.011306,"26":0.016959,"28":0.033918,"29":0.005653,"30":0.016959,"34":0.005653,"35":0.028265,"36":0.118713,"37":0.039571,"38":0.028265,"39":0.016959,"40":0.016959,"41":0.859256,"42":0.486158,"10.0-10.1":0,"12.1":0.135672},"7":{"8":0,"3.2":0,"4.0-4.1":0,"4.2-4.3":0,"5.0-5.1":0,"6.0-6.1":0,"7.0-7.1":0.106017363496,"8.1-8.4":0.160942021692,"9.0-9.2":0.107933339944,"9.3":0.684003592191,"10.0-10.2":5.12395968268},"8":{"0":1.17154816641},"9":{"3":0,"4":0.0807042415541,"2.1":0,"2.2":0,"2.3":0,"4.1":0.265171079392,"4.2-4.3":0.759278680743,"4.4":1.75078793412,"4.4.3-4.4.4":1.04421406419},"10":{"7":0.008696},"11":{"0":0.0893718335901,"10":0,"11":0,"12":0,"11.1":0,"11.5":0,"12.1":0},"12":{"0":28.808717},"13":{"0":0.008696},"14":{"10":0.0860904,"11":0.3443616},"15":{"0":0.117396},"16":{"0":4.226256}}