{"1":{"8":0.189618,"9":0.089232,"10":0.050193,"11":1.098669},"2":{"12":0.039039,"13":0.094809,"14":0.50193},"3":{"3":0.005577,"12":0.011154,"13":0.005577,"29":0.016731,"30":0.005577,"31":0.011154,"34":0.005577,"35":0.011154,"36":0.011154,"37":0.027885,"38":0.022308,"39":0.022308,"40":0.022308,"41":0.011154,"42":0.022308,"43":0.105963,"44":0.027885,"45":0.050193,"46":0.044616,"47":0.239811,"48":0.100386,"49":0.11154,"50":6.028737,"51":1.048476,"52":0.050193,"53":0.050193,"3.5":0.016731,"3.6":0.027885},"4":{"8":0.027885,"10":0.066924,"11":0.050193,"12":0.011154,"14":0.022308,"16":0.011154,"18":0.044616,"20":0.027885,"22":0.072501,"24":0.022308,"25":0.011154,"26":0.078078,"27":0.011154,"30":0.027885,"31":0.089232,"32":0.072501,"33":0.027885,"34":0.100386,"35":0.022308,"36":0.100386,"37":0.022308,"38":0.083655,"39":0.083655,"40":0.156156,"41":0.016731,"42":0.022308,"43":0.105963,"44":0.11154,"45":0.022308,"46":0.033462,"47":0.094809,"48":0.05577,"49":3.45774,"50":0.078078,"51":0.200772,"52":0.122694,"53":0.200772,"54":0.27885,"55":33.930468,"56":0.540969,"57":0.184041},"5":{"4":0,"5":0.005577,"8":0.022308,"9":0.044616,"10":0.306735,"5.1":0.033462,"6.1":0.011154,"9.1":0.105963},"6":{"17":0.011154,"19":0.016731,"28":0.011154,"32":0.005577,"34":0.005577,"35":0.011154,"36":0.105963,"37":0.016731,"38":0.022308,"39":0.011154,"40":0.016731,"41":0.061347,"42":1.305018,"10.0-10.1":0,"12.1":0.11154},"7":{"8":0,"3.2":0,"4.0-4.1":0,"4.2-4.3":0,"5.0-5.1":0,"6.0-6.1":0.0263163531547,"7.0-7.1":0.123686859827,"8.1-8.4":0.148687395324,"9.0-9.2":0.0671067005445,"9.3":0.577643951745,"10.0-10.2":5.2191907394},"8":{"0":0.794581310044},"9":{"3":0,"4":0.0692188511749,"2.1":0,"2.2":0,"2.3":0,"4.1":0.223856710183,"4.2-4.3":0.681879321149,"4.4":1.54490584856,"4.4.3-4.4.4":0.86449926893},"10":{"7":0.008848},"11":{"0":0.00173868995633,"10":0,"11":0,"12":0,"11.1":0,"11.5":0,"12.1":0},"12":{"0":30.366249},"13":{"0":0.013272},"14":{"10":0.0765394951456,"11":0.361436504854},"15":{"0":0.1106},"16":{"0":4.216072}}