{"1":{"8":0.226812,"9":0.099576,"10":0.044256,"11":1.056612},"2":{"12":0.02766,"13":0.066384,"14":0.49788},"3":{"3":0.011064,"10":0.011064,"12":0.011064,"13":0.005532,"18":0.011064,"29":0.011064,"31":0.011064,"32":0.005532,"35":0.016596,"36":0.005532,"37":0.038724,"38":0.022128,"39":0.011064,"40":0.016596,"41":0.011064,"42":0.022128,"43":0.060852,"44":0.011064,"45":0.049788,"46":0.038724,"47":0.149364,"48":0.127236,"49":0.071916,"50":0.376176,"51":6.881808,"52":0.365112,"53":0.033192,"3.5":0.016596,"3.6":0.02766},"4":{"8":0.02766,"10":0.044256,"11":0.022128,"12":0.005532,"14":0.011064,"18":0.033192,"20":0.011064,"22":0.077448,"25":0.02766,"26":0.08298,"27":0.011064,"30":0.033192,"31":0.077448,"32":0.05532,"33":0.016596,"34":0.094044,"35":0.022128,"36":0.066384,"37":0.022128,"38":0.08298,"39":0.05532,"40":0.127236,"41":0.011064,"42":0.016596,"43":0.116172,"44":0.066384,"45":0.022128,"46":0.02766,"47":0.116172,"48":0.066384,"49":3.203028,"50":0.116172,"51":0.160428,"52":0.088512,"53":0.149364,"54":0.116172,"55":8.253744,"56":26.310192,"57":0.160428,"58":0.160428},"5":{"4":0,"5":0.005532,"7":0.011064,"8":0.02766,"9":0.044256,"10":0.437028,"5.1":0.022128,"6.1":0.022128,"9.1":0.071916},"6":{"12":0.011064,"17":0.011064,"19":0.011064,"28":0.022128,"30":0.011064,"35":0.005532,"36":0.1383,"37":0.005532,"38":0.005532,"39":0.016596,"40":0.011064,"41":0.016596,"42":0.492348,"43":0.896184,"10.0-10.1":0,"12.1":0.11064},"7":{"8":0,"3.2":0,"4.0-4.1":0,"4.2-4.3":0,"5.0-5.1":0,"6.0-6.1":0.0353086562334,"7.0-7.1":0.155891048276,"8.1-8.4":0.212518138462,"9.0-9.2":0.0419706668435,"9.3":0.576263917772,"10.0-10.2":5.25699257241},"8":{"0":0.824959836245},"9":{"3":0,"4":0.0700181335034,"2.1":0,"2.2":0,"2.3":0,"4.1":0.21005440051,"4.2-4.3":0.676375169643,"4.4":1.49418696896,"4.4.3-4.4.4":0.843018327381},"10":{"7":0.0067035},"11":{"0":0.00180516375546,"10":0,"11":0,"12":0,"11.1":0,"11.5":0,"12.1":0},"12":{"0":30.424493},"13":{"0":0.008938},"14":{"10":0.095280815534,"11":0.449937184466},"15":{"0":0.093849},"16":{"0":4.254488},"17":{}}