{"1":{"6":0.0331090612245,"7":0.0165545306122,"8":0.162786217687,"9":0.0772544761905,"10":0.0634590340136,"11":0.458008680272},"2":{"12":0.072522,"13":0.099382,"14":0.28203},"3":{"2":0.01343,"3":0.303518,"4":0.010744,"5":0.005372,"6":0.008058,"8":0.005372,"9":0.005372,"10":0.010744,"11":0.008058,"12":0.034918,"13":0.010744,"14":0.005372,"15":0.016116,"16":0.01343,"17":0.005372,"18":0.01343,"19":0.016116,"20":0.016116,"21":0.010744,"22":0.018802,"23":0.008058,"24":0.008058,"25":0.016116,"26":0.010744,"27":0.048348,"28":0.024174,"29":0.018802,"30":0.102068,"31":0.091324,"32":0.037604,"33":0.051034,"34":0.04029,"35":0.102068,"36":0.048348,"37":0.077894,"38":0.110126,"39":0.104754,"40":0.142358,"41":0.118184,"42":0.05372,"43":0.394842,"44":0.096696,"45":0.1343,"46":0.091324,"47":0.668814,"48":0.330378,"49":0.271286,"50":6.921822,"51":0.419016,"52":0.045662,"53":0.002686,"3.5":0.005372,"3.6":0.034918},"4":{"8":0.002686,"10":0.005372,"11":0.029546,"16":0.008058,"18":0.008058,"25":0.002686,"26":0.01343,"27":0.021488,"28":0.010744,"29":0.016116,"30":0.002686,"31":0.029546,"32":0.14773,"33":0.005372,"34":0.002686,"35":0.008058,"36":0.005372,"37":0.005372,"38":0.008058,"39":0.018802,"40":0.010744,"41":0.016116,"42":0.005372,"43":0.225624,"44":0.018802,"45":0.032232,"46":0.008058,"47":0.048348,"48":0.024174,"49":0.918612,"50":0.032232,"51":0.091324,"52":0.112812,"53":0.139672,"54":0.1343,"55":9.073308,"56":0.12087,"57":0.016116},"5":{"4":0.002686,"5":0.010744,"6":0.008058,"7":0.005372,"8":0.021488,"9":0.072522,"10":0.467364,"5.1":0.08058,"6.1":0.005372,"9.1":0.110126},"6":{"15":0.005372,"20":0.002686,"21":0.002686,"29":0.005372,"30":0.002686,"33":0.002686,"34":0.008058,"35":0.008058,"36":0.037604,"37":0.042976,"38":0.016116,"39":0.005372,"40":0.016116,"41":0.016116,"42":0.628524,"43":0.010744,"10.0-10.1":0.04029,"11.6":0.008058,"12.1":0.016116},"7":{"8":0,"3.2":0,"4.0-4.1":0,"4.2-4.3":0,"5.0-5.1":0,"6.0-6.1":0.00412219920999,"7.0-7.1":0.019374336287,"8.1-8.4":0.0232904255365,"9.0-9.2":0.0105116079855,"9.3":0.0904822726593,"10.0-10.2":0.817535158322},"8":{"0":42.0455027118},"9":{"3":0,"4":0.123095802002,"2.1":0,"2.2":0,"2.3":0,"4.1":0.398097061793,"4.2-4.3":1.2126246027,"4.4":2.74739353829,"4.4.3-4.4.4":1.53738799521},"10":{"7":0.0767865},"11":{"0":0.0920032882096,"10":0,"11":0,"12":0,"11.1":0,"11.5":0,"12.1":0},"12":{"0":7.390323},"13":{"0":0.548475},"14":{"10":0.090738,"11":0.428485},"15":{"0":12.000633},"16":{"0":0.665483}}