{"1":{"8":0.014964,"9":0.04988,"10":0.084796,"11":1.331796},"2":{"12":0.79808,"13":0.713284,"14":1.227048},"3":{"3":0.004988,"8":0.009976,"15":0.014964,"21":0.009976,"22":0.004988,"28":0.004988,"29":0.004988,"31":0.009976,"40":0.019952,"41":0.07482,"42":0.009976,"44":0.029928,"45":0.004988,"47":0.04988,"48":0.094772,"49":0.154628,"50":3.731024,"51":0.194532,"52":0.014964,"3.5":0.009976,"3.6":0.014964},"4":{"27":0.004988,"29":0.014964,"31":0.009976,"39":0.019952,"40":0.004988,"41":0.02494,"42":0.019952,"43":0.17458,"45":0.009976,"46":0.144652,"47":0.009976,"48":0.014964,"49":1.940332,"50":0.079808,"51":0.44892,"52":0.314244,"53":0.214484,"54":18.241116,"55":15.023856,"56":0.029928,"57":0.014964},"5":{"4":0,"5":0.034916,"7":0.22446,"8":0.054868,"9":0.034916,"10":2.025128,"5.1":0.259376,"6.1":0.07482,"9.1":0.239424},"6":{"28":0.004988,"37":0.029928,"41":0.079808,"42":0.004988,"10.0-10.1":0,"12.1":0.004988},"7":{"8":0,"3.2":0,"4.0-4.1":0,"4.2-4.3":0,"5.0-5.1":0,"6.0-6.1":0,"7.0-7.1":0.266158374548,"8.1-8.4":0.404047652928,"9.0-9.2":0.270968465654,"9.3":1.71720252495,"10.0-10.2":12.8637869819},"8":{"0":1.08036787673},"9":{"3":0,"4":0.0990441469595,"2.1":0,"2.2":0,"2.3":0,"4.1":0.325430768581,"4.2-4.3":0.931823505068,"4.4":2.14865159628,"4.4.3-4.4.4":1.28150998311},"10":{"7":0.015036},"11":{"0":0.0824161232666,"10":0,"11":0,"12":0,"11.1":0,"11.5":0,"12.1":0},"12":{"0":26.831128},"13":{"0":0.030072},"14":{"10":0.1463504,"11":0.5854016},"15":{"0":0.466116},"16":{"0":1.087604}}