{"1":{"7":0.00474541487603,"8":0.0806720528926,"9":0.0664358082645,"10":0.223034499174,"11":2.49608822479},"2":{"12":0.080274,"13":0.439146,"14":3.362064},"3":{"10":0.056664,"15":0.004722,"21":0.028332,"25":0.014166,"36":0.037776,"37":0.018888,"38":0.02361,"39":0.014166,"42":0.009444,"43":0.018888,"45":0.066108,"47":0.028332,"48":0.018888,"49":0.198324,"50":0.25971,"51":3.277068,"52":0.174714,"53":0.028332,"3.6":0.014166},"4":{"11":0.02361,"27":0.004722,"29":0.004722,"31":0.014166,"37":0.009444,"39":0.018888,"41":0.02361,"43":0.018888,"45":0.136938,"46":0.056664,"47":0.04722,"48":0.051942,"49":0.679968,"50":0.028332,"51":0.042498,"52":0.014166,"53":0.812184,"54":0.25971,"55":5.935554,"56":23.548614,"57":0.018888,"58":0.127494},"5":{"4":0,"5":0.033054,"8":0.089718,"9":0.014166,"10":1.907688,"5.1":0.014166,"9.1":0.151104},"6":{"12":0.04722,"28":0.033054,"36":0.217212,"37":0.009444,"42":0.103884,"43":0.075552,"10.0-10.1":0,"11.6":0.028332,"12.1":0.033054},"7":{"8":0,"3.2":0,"4.0-4.1":0,"4.2-4.3":0,"5.0-5.1":0,"6.0-6.1":0.06719552,"7.0-7.1":0.29667456,"8.1-8.4":0.40444096,"9.0-9.2":0.07987392,"9.3":1.0966816,"10.0-10.2":10.00452544},"8":{"0":0.774171969432},"9":{"3":0,"4":0.084712797619,"2.1":0,"2.2":0,"2.3":0,"4.1":0.254138392857,"4.2-4.3":0.818325625,"4.4":1.80777110119,"4.4.3-4.4.4":1.01994208333},"10":{"7":0.0804895},"11":{"0":0.00169403056769,"10":0,"11":0,"12":0,"11.1":0,"11.5":0,"12.1":0},"12":{"0":32.248194},"13":{"0":0.07917},"14":{"10":0.195542213592,"11":0.923393786408},"15":{"0":1.171716},"16":{"0":1.857856},"17":{}}