{"1":{"8":0.0505345789474,"9":0.0413464736842,"10":0.0780988947368,"11":1.92490805263},"2":{"12":0.119184,"13":0.815952,"14":1.829016},"3":{"10":0.009168,"11":0.004584,"15":0.02292,"21":0.009168,"25":0.009168,"29":0.009168,"36":0.009168,"37":0.013752,"40":0.004584,"45":0.050424,"47":0.073344,"48":0.04584,"49":0.20628,"50":2.420352,"51":0.948888,"52":0.013752,"3.6":0.009168},"4":{"17":0.013752,"31":0.210864,"37":0.004584,"39":0.073344,"41":0.009168,"42":0.004584,"43":0.087096,"45":0.178776,"46":0.027504,"47":0.04584,"48":0.02292,"49":0.912216,"50":0.009168,"51":0.027504,"52":0.132936,"53":1.127664,"54":0.517992,"55":28.026576,"56":0.75636,"57":0.128352},"5":{"4":0,"5":0.02292,"8":0.027504,"9":0.032088,"10":2.736648,"5.1":0.09168,"6.1":0.036672,"9.1":0.531744},"6":{"28":0.009168,"36":0.009168,"37":0.004584,"42":0.105432,"10.0-10.1":0},"7":{"8":0,"3.2":0,"4.0-4.1":0,"4.2-4.3":0,"5.0-5.1":0,"6.0-6.1":0.0696152877122,"7.0-7.1":0.327191852247,"8.1-8.4":0.393326375574,"9.0-9.2":0.177518983666,"9.3":1.52805556528,"10.0-10.2":13.8064519355},"8":{"0":1.41589376419},"9":{"3":0,"4":0.0856260644038,"2.1":0,"2.2":0,"2.3":0,"4.1":0.276918335944,"4.2-4.3":0.843507825936,"4.4":1.91110088425,"4.4.3-4.4.4":1.06941488947},"10":{"7":0.036558},"11":{"0":0.00309823580786,"10":0,"11":0,"12":0,"11.1":0,"11.5":0,"12.1":0},"12":{"0":28.560048},"13":{"0":0.086656},"14":{"10":0.375754718447,"11":1.77439728155},"15":{"0":1.05612},"16":{"0":0.790736}}