{"1":{"6":0.0071643255814,"7":0.0143286511628,"8":0.458516837209,"9":0.121793534884,"10":0.114629209302,"11":1.13196344186},"2":{"12":0.034485,"13":0.131043,"14":0.586245},"3":{"2":0.020691,"3":0.006897,"8":0.006897,"11":0.006897,"12":0.006897,"13":0.082764,"14":0.006897,"16":0.006897,"17":0.055176,"18":0.013794,"22":0.006897,"24":0.013794,"26":0.006897,"30":0.013794,"31":0.020691,"32":0.006897,"33":0.013794,"35":0.020691,"36":0.006897,"37":0.06897,"38":0.048279,"39":0.013794,"40":0.013794,"41":0.034485,"42":0.027588,"43":0.151734,"44":0.041382,"45":0.089661,"46":0.103455,"47":0.634524,"48":0.324159,"49":0.324159,"50":8.331576,"51":0.103455,"53":0.020691,"3.6":0.117249},"4":{"11":0.013794,"18":0.020691,"22":0.055176,"26":0.034485,"27":0.013794,"29":0.027588,"30":0.013794,"31":0.020691,"32":0.055176,"33":0.020691,"34":0.055176,"35":0.034485,"36":0.351747,"37":0.034485,"38":0.055176,"39":0.048279,"40":0.034485,"41":0.013794,"42":0.034485,"43":0.200013,"44":0.06897,"45":0.027588,"46":0.034485,"47":0.151734,"48":0.096558,"49":4.186479,"50":0.13794,"51":1.24146,"52":0.924198,"53":0.696597,"54":19.546098,"55":22.049709,"56":0.234498,"57":0.075867},"5":{"4":0,"8":0.034485,"9":0.013794,"10":0.296571,"5.1":0.020691,"6.1":0.013794,"9.1":0.075867},"6":{"19":0.117249,"26":0.006897,"30":0.020691,"34":0.020691,"36":0.220704,"37":0.013794,"38":0.075867,"40":0.013794,"41":0.675906,"42":0.372438,"43":0.006897,"10.0-10.1":0,"11.6":0.020691,"12.1":0.062073},"7":{"8":0,"3.2":0,"4.0-4.1":0,"4.2-4.3":0,"5.0-5.1":0,"6.0-6.1":0,"7.0-7.1":0.0908245311435,"8.1-8.4":0.137878203905,"9.0-9.2":0.0924659383328,"9.3":0.585982366594,"10.0-10.2":4.38966996002},"8":{"0":0.253709694915},"9":{"3":0,"4":0.0514314387669,"2.1":0,"2.2":0,"2.3":0,"4.1":0.168989013091,"4.2-4.3":0.483875372889,"4.4":1.11574733488,"4.4.3-4.4.4":0.665459840372},"10":{"7":0.02094525},"11":{"0":0.0193543050847,"10":0,"11":0,"12":0,"11.1":0,"11.5":0,"12.1":0},"12":{"0":21.706423},"13":{"0":0.009309},"14":{"10":0.0800574,"11":0.3202296},"15":{"0":0.089987},"16":{"0":1.672517}}