{"1":{"6":0.00106132004981,"8":0.068455143213,"9":0.0116745205479,"10":0.039799501868,"11":0.305129514321},"2":{"12":0.03763,"13":0.0318,"14":0.04823},"3":{"2":0.00159,"3":0.52788,"4":0.00424,"5":0.00106,"7":0.00424,"8":0.0053,"10":0.00265,"11":0.00477,"12":0.00795,"13":0.00371,"14":0.0053,"15":0.00371,"16":0.00265,"17":0.00636,"18":0.00159,"19":0.00053,"20":0.01007,"21":0.00265,"22":0.00371,"23":0.00159,"24":0.00689,"25":0.00318,"26":0.00159,"27":0.00106,"28":0.0053,"29":0.00424,"30":0.01325,"31":0.02385,"32":0.00265,"33":0.00424,"34":0.00371,"35":0.00318,"36":0.00477,"37":0.0053,"38":0.01855,"39":0.01378,"40":0.00742,"41":0.0106,"42":0.00954,"43":0.06254,"44":0.01537,"45":0.01961,"46":0.00742,"47":0.08851,"48":0.05194,"49":0.04452,"50":0.98209,"51":0.12084,"52":0.02014,"3.5":0.00212,"3.6":0.00265},"4":{"5":0.00106,"8":0.00212,"9":0.00159,"11":0.0424,"13":0.00106,"16":0.00212,"17":0.00106,"18":0.00371,"19":0.02703,"22":0.00371,"25":0.00424,"26":0.00742,"27":0.00212,"28":0.00318,"29":0.00371,"30":0.00159,"31":0.0053,"32":0.01007,"33":0.00212,"34":0.00106,"36":0.01113,"38":0.00477,"39":0.01219,"40":0.00318,"41":0.00159,"42":0.00106,"43":0.01219,"44":0.00371,"45":0.0424,"46":0.00106,"47":0.00212,"48":0.00212,"49":0.10865,"50":0.00583,"51":0.01166,"52":0.00636,"53":0.0265,"54":0.02703,"55":1.36528,"56":0.01749,"57":0.00265},"5":{"4":0.00106,"5":0.00318,"6":0.0053,"7":0.00689,"8":0.05141,"9":0.00583,"10":0.06466,"5.1":0.01007,"7.1":0.00106,"9.1":0.03074},"6":{"29":0.00106,"30":0.00053,"32":0.00212,"34":0.00106,"35":0.0424,"36":0.00477,"37":0.00106,"38":0.00159,"40":0.00212,"41":0.00795,"42":0.08003,"10.0-10.1":0,"11.6":0.00053,"12.1":0.00106},"7":{"8":0,"3.2":0,"4.0-4.1":0,"4.2-4.3":0,"5.0-5.1":0,"6.0-6.1":0.00234551083591,"7.0-7.1":0.0110239009288,"8.1-8.4":0.0132521362229,"9.0-9.2":0.00598105263158,"9.3":0.0514839628483,"10.0-10.2":0.465173436533},"8":{"0":3.91201978166},"9":{"3":0,"4":0.0741816666667,"2.1":0,"2.2":0,"2.3":0,"4.1":0.239906666667,"4.2-4.3":0.730768333333,"4.4":1.65567166667,"4.4.3-4.4.4":0.926481666667},"10":{"7":0.0071025},"11":{"0":0.00856021834061,"10":0,"11":0,"12":0,"11.1":0,"11.5":0,"12.1":0},"12":{"0":11.81454},"13":{"0":0.25569},"14":{"10":0.0496485436893,"11":0.234451456311},"15":{"0":71.92465},"16":{"0":1.39209}}