{"1":{"8":0.103294183673,"9":0.0279173469388,"10":0.044667755102,"11":0.508095714286},"2":{"12":0.0545,"13":0.035425,"14":0.193475},"3":{"2":0.02725,"3":0.008175,"4":0.029975,"5":0.0109,"6":0.00545,"8":0.00545,"9":0.013625,"10":0.008175,"11":0.029975,"12":0.0654,"13":0.024525,"14":0.019075,"15":0.013625,"16":0.019075,"17":0.013625,"18":0.013625,"19":0.03815,"20":0.02725,"21":0.035425,"22":0.024525,"23":0.04905,"24":0.035425,"25":0.029975,"26":0.0872,"27":0.051775,"28":0.0109,"29":0.13625,"30":0.13625,"31":0.05995,"32":0.03815,"33":0.0872,"34":0.0545,"35":0.100825,"36":0.155325,"37":0.122625,"38":0.122625,"39":0.209825,"40":0.117175,"41":0.166225,"42":0.109,"43":0.53955,"44":0.8829,"45":0.171675,"46":0.19075,"47":0.8066,"48":0.395125,"49":0.422375,"50":6.74165,"51":1.86935,"52":0.17985,"53":0.0109,"3.5":0.00545,"3.6":0.040875},"4":{"11":0.0436,"12":0.00545,"17":0.002725,"18":0.002725,"21":0.002725,"22":0.002725,"24":0.01635,"25":0.024525,"26":0.002725,"28":0.008175,"29":0.024525,"30":0.013625,"31":0.0981,"32":0.089925,"33":0.040875,"34":0.008175,"35":0.106275,"36":0.002725,"38":0.029975,"39":0.024525,"40":0.00545,"41":0.00545,"42":0.00545,"43":0.046325,"44":0.024525,"45":0.035425,"46":0.0109,"47":0.01635,"48":0.01635,"49":0.079025,"50":0.03815,"51":0.0545,"52":0.062675,"53":0.182575,"54":0.1308,"55":7.8807,"56":0.144425,"57":0.057225},"5":{"4":0,"5":0.019075,"7":0.008175,"8":0.062675,"9":0.166225,"10":0.569525,"5.1":0.00545,"6.1":0.002725,"9.1":0.171675},"6":{"28":0.00545,"34":0.00545,"37":0.008175,"41":0.0109,"42":0.177125,"10.0-10.1":0,"12.1":0.00545},"7":{"8":0,"3.2":0,"4.0-4.1":0,"4.2-4.3":0,"5.0-5.1":0,"6.0-6.1":0.0199446994769,"7.0-7.1":0.0937400875414,"8.1-8.4":0.112687552044,"9.0-9.2":0.0508589836661,"9.3":0.437786153518,"10.0-10.2":3.95553252375},"8":{"0":3.49163466157},"9":{"3":0,"4":0.297882441253,"2.1":0,"2.2":0,"2.3":0,"4.1":0.963364490862,"4.2-4.3":2.93445894256,"4.4":6.6484825718,"4.4.3-4.4.4":3.72036155352},"10":{"7":0},"11":{"0":0.00764033842795,"10":0,"11":0,"12":0,"11.1":0,"11.5":0,"12.1":0},"12":{"0":40.6857},"13":{"0":0.2037},"14":{"10":0.0063567961165,"11":0.0300182038835},"15":{"0":5.652675},"16":{"0":3.7248}}