{"1":{"8":0.105928526946,"9":0.0362387065868,"10":0.0362387065868,"11":0.75265005988},"2":{"12":0.05542,"13":0.044336,"14":0.163489},"3":{"2":0.024939,"3":0.008313,"4":0.038794,"5":0.008313,"6":0.005542,"7":0.005542,"8":0.005542,"9":0.049878,"10":0.019397,"11":0.024939,"12":0.049878,"13":0.024939,"14":0.019397,"15":0.011084,"16":0.016626,"17":0.011084,"18":0.016626,"19":0.036023,"20":0.022168,"21":0.041565,"22":0.036023,"23":0.047107,"24":0.024939,"25":0.041565,"26":0.080359,"27":0.119153,"28":0.013855,"29":0.121924,"30":0.141321,"31":0.058191,"32":0.038794,"33":0.063733,"34":0.058191,"35":0.102527,"36":0.130237,"37":0.133008,"38":0.130237,"39":0.185657,"40":0.155176,"41":0.141321,"42":0.124695,"43":0.601307,"44":0.778651,"45":0.213367,"46":0.216138,"47":0.881178,"48":0.421192,"49":0.678895,"50":6.999546,"51":1.324538,"52":0.013855,"53":0.011084,"3.6":0.041565},"4":{"6":0.002771,"11":0.074817,"12":0.005542,"14":0.002771,"17":0.005542,"20":0.002771,"22":0.011084,"24":0.011084,"25":0.024939,"26":0.005542,"28":0.002771,"29":0.024939,"30":0.011084,"31":0.091443,"32":0.066504,"33":0.02771,"34":0.005542,"35":0.060962,"36":0.013855,"37":0.002771,"38":0.030481,"39":0.016626,"40":0.005542,"41":0.005542,"42":0.002771,"43":0.063733,"44":0.024939,"45":0.047107,"46":0.019397,"47":0.02771,"48":0.02771,"49":0.099756,"50":0.052649,"51":0.077588,"52":0.105298,"53":0.171802,"54":4.367096,"55":3.868316,"56":0.058191,"57":0.02771},"5":{"4":0,"5":0.019397,"6":0.005542,"7":0.008313,"8":0.077588,"9":0.121924,"10":0.507093,"5.1":0.005542,"6.1":0.005542,"9.1":0.185657},"6":{"18":0.002771,"34":0.008313,"37":0.022168,"38":0.005542,"40":0.002771,"41":0.121924,"42":0.05542,"43":0.002771,"10.0-10.1":0,"12.1":0.005542},"7":{"8":0,"3.2":0,"4.0-4.1":0,"4.2-4.3":0,"5.0-5.1":0,"6.0-6.1":0,"7.0-7.1":0.0837939741762,"8.1-8.4":0.127205310195,"9.0-9.2":0.0853083231071,"9.3":0.54062256833,"10.0-10.2":4.04987382419},"8":{"0":3.51950938059},"9":{"3":0,"4":0.325500378378,"2.1":0,"2.2":0,"2.3":0,"4.1":1.06950124324,"4.2-4.3":3.0623607027,"4.4":7.06136535135,"4.4.3-4.4.4":4.21157632432},"10":{"7":0.00180725},"11":{"0":0.268486619414,"10":0,"11":0,"12":0,"11.1":0,"11.5":0,"12.1":0},"12":{"0":38.83332},"13":{"0":0.209641},"14":{"10":0.007229,"11":0.028916},"15":{"0":5.537414},"16":{"0":3.592813}}