{"1":{"8":0.413322511236,"9":0.0420327977528,"10":0.0770601292135,"11":0.714557561798},"2":{"12":0.051688,"13":0.116298,"14":0.432887},"3":{"4":0.012922,"9":0.006461,"10":0.006461,"11":0.012922,"12":0.025844,"13":0.012922,"14":0.012922,"15":0.012922,"16":0.019383,"17":0.006461,"18":0.012922,"20":0.012922,"24":0.032305,"27":0.006461,"28":0.006461,"29":0.025844,"30":0.025844,"31":0.012922,"32":0.012922,"33":0.012922,"34":0.012922,"35":0.012922,"36":0.019383,"37":0.025844,"38":0.045227,"39":0.051688,"40":0.012922,"41":0.032305,"42":0.032305,"43":0.316589,"44":0.148603,"45":0.142142,"46":0.103376,"47":0.419965,"48":0.213213,"49":0.187369,"50":8.095633,"51":1.266356,"52":0.083993,"3.5":0.032305,"3.6":0.019383},"4":{"11":0.038766,"12":0.038766,"13":0.012922,"18":0.019383,"19":0.032305,"20":0.006461,"22":0.038766,"23":0.142142,"24":0.012922,"25":0.045227,"26":0.012922,"27":0.038766,"28":0.051688,"29":0.006461,"30":0.116298,"31":0.051688,"32":0.219674,"33":0.122759,"34":0.019383,"35":0.025844,"36":0.549185,"38":0.019383,"39":0.019383,"40":0.012922,"41":0.019383,"42":0.032305,"43":0.200291,"44":0.045227,"45":0.083993,"46":0.051688,"47":0.071071,"48":0.045227,"49":1.169441,"50":0.103376,"51":0.271362,"52":0.568568,"53":0.846391,"54":0.426426,"55":39.722228,"56":0.859313,"57":0.226135},"5":{"4":0.006461,"7":0.025844,"8":0.025844,"9":0.025844,"10":0.562107,"5.1":0.019383,"6.1":0.019383,"9.1":0.271362},"6":{"28":0.019383,"35":0.012922,"36":0.032305,"38":0.045227,"39":0.006461,"41":0.006461,"42":1.246973,"10.0-10.1":0,"12.1":0.012922},"7":{"8":0,"3.2":0,"4.0-4.1":0,"4.2-4.3":0,"5.0-5.1":0,"6.0-6.1":0.0307088630298,"7.0-7.1":0.14433165624,"8.1-8.4":0.173505076118,"9.0-9.2":0.078307600726,"9.3":0.674059543504,"10.0-10.2":6.09033526038},"8":{"0":0.307220744541},"9":{"3":0,"4":0.258691967798,"2.1":0,"2.2":0,"2.3":0,"4.1":0.836620832028,"4.2-4.3":2.54839108703,"4.4":5.77378455788,"4.4.3-4.4.4":3.23089755527},"10":{"7":0.021234},"11":{"0":0.000672255458515,"10":0,"11":0,"12":0,"11.1":0,"11.5":0,"12.1":0},"12":{"0":11.639433},"13":{"0":0.042468},"14":{"10":0.0105139223301,"11":0.0496490776699},"15":{"0":0.322049},"16":{"0":3.740723}}