{"1":{"8":0.3320064,"9":0.0415008,"10":0.0553344,"11":0.8161824},"2":{"12":0.06288,"13":0.09432,"14":0.465312},"3":{"3":0.006288,"4":0.006288,"9":0.018864,"10":0.006288,"11":0.018864,"12":0.018864,"13":0.012576,"14":0.006288,"15":0.012576,"16":0.012576,"17":0.006288,"18":0.012576,"20":0.006288,"23":0.012576,"24":0.025152,"29":0.018864,"30":0.03144,"31":0.006288,"32":0.018864,"33":0.006288,"34":0.012576,"35":0.018864,"36":0.018864,"37":0.018864,"38":0.037728,"39":0.03144,"40":0.018864,"41":0.037728,"42":0.037728,"43":0.12576,"44":0.081744,"45":0.119472,"46":0.06288,"47":0.308112,"48":0.22008,"49":0.12576,"50":0.339552,"51":8.796912,"52":0.427584,"53":0.012576,"3.5":0.018864,"3.6":0.012576},"4":{"11":0.03144,"12":0.018864,"13":0.006288,"18":0.018864,"19":0.056592,"22":0.025152,"23":0.138336,"24":0.012576,"25":0.025152,"26":0.018864,"27":0.050304,"28":0.025152,"29":0.018864,"30":0.106896,"31":0.03144,"32":0.09432,"33":0.056592,"34":0.018864,"35":0.012576,"36":0.433872,"38":0.018864,"39":0.037728,"40":0.018864,"41":0.012576,"42":0.025152,"43":0.18864,"44":0.03144,"45":0.069168,"46":0.03144,"47":0.06288,"48":0.03144,"49":0.980928,"50":0.09432,"51":0.138336,"52":0.18864,"53":1.1004,"54":0.301824,"55":9.941328,"56":30.641424,"57":0.119472,"58":0.22008},"5":{"4":0.006288,"7":0.025152,"8":0.03144,"9":0.037728,"10":0.521904,"9.1":0.182352},"6":{"28":0.012576,"34":0.006288,"35":0.006288,"36":0.018864,"38":0.025152,"42":0.490464,"43":0.798576,"10.0-10.1":0,"12.1":0.006288},"7":{"8":0,"3.2":0,"4.0-4.1":0,"4.2-4.3":0,"5.0-5.1":0,"6.0-6.1":0.0410588553846,"7.0-7.1":0.18127872,"8.1-8.4":0.247127827692,"9.0-9.2":0.0488058092308,"9.3":0.670111507692,"10.0-10.2":6.11312128},"8":{"0":0.359277834061},"9":{"3":0,"4":0.278242176871,"2.1":0,"2.2":0,"2.3":0,"4.1":0.834726530612,"4.2-4.3":2.68781942857,"4.4":5.93768805442,"4.4.3-4.4.4":3.35003580952},"10":{"7":0.031552},"11":{"0":0.000786165938865,"10":0,"11":0,"12":0,"11.1":0,"11.5":0,"12.1":0},"12":{"0":12.66872},"13":{"0":0.03712},"14":{"10":0.0129739805825,"11":0.0612660194175},"15":{"0":0.341504},"16":{"0":3.775104},"17":{}}