{"1":{"8":0.352278791667,"9":0.0431361785714,"10":0.0718936309524,"11":0.74050439881},"2":{"12":0.06673,"13":0.160152,"14":0.647281},"3":{"4":0.013346,"5":0.006673,"10":0.006673,"11":0.033365,"12":0.026692,"13":0.006673,"14":0.006673,"15":0.033365,"16":0.020019,"17":0.006673,"18":0.020019,"20":0.013346,"21":0.006673,"23":0.006673,"24":0.020019,"25":0.013346,"26":0.013346,"27":0.006673,"28":0.006673,"29":0.026692,"30":0.033365,"31":0.013346,"32":0.020019,"33":0.013346,"34":0.013346,"35":0.026692,"36":0.006673,"37":0.020019,"38":0.160152,"39":0.033365,"40":0.026692,"41":0.040038,"42":0.026692,"43":0.26692,"44":0.193517,"45":0.193517,"46":0.166825,"47":0.473783,"48":0.220209,"49":0.346996,"50":8.975185,"51":0.440418,"52":0.033365,"3.5":0.040038,"3.6":0.020019},"4":{"11":0.046711,"12":0.020019,"13":0.006673,"18":0.020019,"19":0.040038,"21":0.006673,"22":0.026692,"23":0.126787,"24":0.006673,"25":0.033365,"26":0.020019,"27":0.040038,"28":0.020019,"29":0.020019,"30":0.086749,"31":0.053384,"32":0.160152,"33":0.113441,"34":0.020019,"35":0.026692,"36":0.306958,"37":0.013346,"38":0.020019,"39":0.020019,"40":0.033365,"41":0.013346,"42":0.026692,"43":0.213536,"44":0.060057,"45":0.120114,"46":0.046711,"47":0.126787,"48":0.073403,"49":1.241178,"50":0.13346,"51":0.540513,"52":1.107718,"53":0.427072,"54":20.899836,"55":20.679627,"56":0.220209,"57":0.186844},"5":{"4":0,"7":0.040038,"8":0.040038,"9":0.053384,"10":0.653954,"5.1":0.013346,"9.1":0.306958},"6":{"28":0.013346,"35":0.013346,"36":0.013346,"38":0.040038,"40":0.013346,"41":1.034315,"42":0.420399,"10.0-10.1":0,"12.1":0.006673},"7":{"8":0,"3.2":0,"4.0-4.1":0,"4.2-4.3":0,"5.0-5.1":0,"6.0-6.1":0,"7.0-7.1":0.114460986675,"8.1-8.4":0.173760052061,"9.0-9.2":0.116529558723,"9.3":0.738480221258,"10.0-10.2":5.53205118128},"8":{"0":0.417184946071},"9":{"3":0,"4":0.241776884291,"2.1":0,"2.2":0,"2.3":0,"4.1":0.794409762669,"4.2-4.3":2.27467640118,"4.4":5.24507812247,"4.4.3-4.4.4":3.12829682939},"10":{"7":0.01663},"11":{"0":0.0318250539291,"10":0,"11":0,"12":0,"11.1":0,"11.5":0,"12.1":0},"12":{"0":11.148198},"13":{"0":0.039912},"14":{"10":0.0126388,"11":0.0505552},"15":{"0":0.279384},"16":{"0":3.578776}}