{"1":{"6":0.0160866961471,"7":0.00536223204904,"8":0.482600884413,"9":0.61129445359,"10":0.482600884413,"11":4.52036161734},"2":{"12":0.046197,"13":0.302847,"14":1.072797},"3":{"11":0.005133,"22":0.005133,"23":0.005133,"31":0.010266,"32":0.015399,"33":0.010266,"34":0.010266,"35":0.005133,"36":0.005133,"37":0.010266,"38":0.025665,"39":0.046197,"40":0.05133,"42":0.05133,"43":0.066729,"44":0.015399,"45":0.05133,"46":0.025665,"47":0.133458,"48":0.092394,"49":0.046197,"50":3.279987,"51":0.318246,"53":0.005133},"4":{"11":0.056463,"17":0.010266,"18":0.010266,"20":0.010266,"21":0.005133,"22":0.041064,"25":0.041064,"26":0.020532,"28":0.010266,"30":0.041064,"31":0.066729,"32":0.010266,"33":0.015399,"34":0.015399,"35":0.015399,"36":0.225852,"37":0.041064,"38":0.056463,"39":0.056463,"40":0.097527,"41":0.020532,"42":0.210453,"43":0.133458,"44":0.066729,"45":1.221654,"46":0.066729,"47":0.220719,"48":0.087261,"49":1.550166,"50":0.431172,"51":0.472236,"52":1.036866,"53":0.641625,"54":1.391043,"55":25.269759,"56":0.25665,"57":0.061596},"5":{"4":0,"5":0.041064,"6":0.005133,"7":0.061596,"8":0.30798,"9":0.159123,"10":1.955673,"5.1":0.066729,"6.1":0.10266,"7.1":0.005133,"9.1":0.811014},"6":{"36":0.025665,"38":0.035931,"42":0.169389,"10.0-10.1":0,"12.1":0.046197},"7":{"8":0,"3.2":0,"4.0-4.1":0,"4.2-4.3":0,"5.0-5.1":0,"6.0-6.1":0.108573536885,"7.0-7.1":0.510295623359,"8.1-8.4":0.613440483399,"9.0-9.2":0.276862519056,"9.3":2.38318913462,"10.0-10.2":21.5328467027},"8":{"0":0.131122080786},"9":{"3":0,"4":0.0294646231506,"2.1":0,"2.2":0,"2.3":0,"4.1":0.0952898450827,"4.2-4.3":0.290257883377,"4.4":0.657625312446,"4.4.3-4.4.4":0.367994335944},"10":{"7":0.0073005},"11":{"0":0.000286919213974,"10":0,"11":0,"12":0,"11.1":0,"11.5":0,"12.1":0},"12":{"0":17.099957},"13":{"0":0.073005},"14":{"10":0.0119076116505,"11":0.0562303883495},"15":{"0":0.968533},"16":{"0":3.630782}}