{"1":{"6":0.0377716291391,"7":0.0107918940397,"8":0.453259549669,"9":0.906519099338,"10":0.609742013245,"11":4.49482386755},"2":{"12":0.057453,"13":0.292488,"14":1.222182},"3":{"11":0.005223,"12":0.005223,"21":0.005223,"22":0.005223,"31":0.010446,"32":0.020892,"34":0.005223,"35":0.010446,"38":0.015669,"39":0.031338,"40":0.026115,"42":0.041784,"43":0.031338,"44":0.443955,"45":0.036561,"46":0.010446,"47":0.047007,"48":0.088791,"49":0.026115,"50":0.177582,"51":3.300936,"52":0.026115},"4":{"11":0.047007,"21":0.005223,"22":0.020892,"25":0.031338,"26":0.020892,"27":0.010446,"28":0.010446,"30":0.041784,"31":0.062676,"32":0.005223,"33":0.010446,"34":0.020892,"35":0.015669,"36":0.172359,"37":0.010446,"38":0.073122,"39":0.031338,"40":0.083568,"41":0.015669,"42":0.193251,"43":0.099237,"44":0.067899,"45":1.196067,"46":0.05223,"47":0.125352,"48":0.10446,"49":1.572123,"50":0.323826,"51":0.386502,"52":0.621537,"53":0.459624,"54":0.668544,"55":7.735263,"56":19.962306,"57":0.073122,"58":0.062676},"5":{"4":0,"5":0.020892,"6":0.010446,"7":0.05223,"8":0.219366,"9":0.177582,"10":2.381688,"5.1":0.067899,"6.1":0.109683,"9.1":0.820011,"10.1":0.026115},"6":{"36":0.010446,"42":0.05223,"43":0.120129,"10.0-10.1":0,"12.1":0.036561},"7":{"8":0,"3.2":0,"4.0-4.1":0,"4.2-4.3":0,"5.0-5.1":0,"6.0-6.1":0.143366259629,"7.0-7.1":0.632975561379,"8.1-8.4":0.862902581538,"9.0-9.2":0.170416497294,"9.3":2.33984555809,"10.0-10.2":21.3453425421},"8":{"0":0.0953313973799},"9":{"3":0,"4":0.031074872449,"2.1":0,"2.2":0,"2.3":0,"4.1":0.0932246173469,"4.2-4.3":0.300183267857,"4.4":0.663137778061,"4.4.3-4.4.4":0.374141464286},"10":{"7":0.0071655},"11":{"0":0.000208602620087,"10":0,"11":0,"12":0,"11.1":0,"11.5":0,"12.1":0},"12":{"0":16.044745},"13":{"0":0.090763},"14":{"10":0.00500889320388,"11":0.0236531067961},"15":{"0":1.24202},"16":{"0":3.353454},"17":{}}