{"1":{"6":0.0382589337861,"7":0.0163966859083,"8":0.519228387097,"9":0.552021758913,"10":0.475503891341,"11":4.82609121902},"2":{"12":0.062712,"13":0.303108,"14":1.07133},"3":{"6":0.005226,"11":0.005226,"26":0.015678,"31":0.010452,"32":0.010452,"33":0.010452,"34":0.005226,"36":0.010452,"37":0.010452,"38":0.036582,"39":0.036582,"40":0.062712,"42":0.010452,"43":0.062712,"44":0.015678,"45":0.041808,"46":0.041808,"47":0.135876,"48":0.114972,"49":0.135876,"50":3.417804,"51":0.036582,"3.6":0.005226},"4":{"11":0.047034,"12":0.010452,"17":0.010452,"18":0.020904,"22":0.041808,"25":0.062712,"26":0.02613,"27":0.005226,"28":0.015678,"30":0.036582,"31":0.041808,"32":0.010452,"33":0.02613,"34":0.02613,"35":0.020904,"36":0.120198,"37":0.010452,"38":0.07839,"39":0.057486,"40":0.057486,"41":0.015678,"42":0.214266,"43":0.13065,"44":0.083616,"45":1.25424,"46":0.067938,"47":0.198588,"48":0.109746,"49":1.640964,"50":0.428532,"51":0.663702,"52":1.186302,"53":0.877968,"54":14.183364,"55":12.49014,"56":0.057486,"57":0.031356},"5":{"4":0,"5":0.015678,"6":0.062712,"7":0.13065,"8":0.33969,"9":0.219492,"10":1.897038,"5.1":0.088842,"6.1":0.10452,"7.1":0.010452,"9.1":0.925002},"6":{"36":0.015678,"37":0.031356,"38":0.041808,"41":0.088842,"42":0.10452,"10.0-10.1":0,"12.1":0.041808},"7":{"8":0,"3.2":0,"4.0-4.1":0,"4.2-4.3":0,"5.0-5.1":0,"6.0-6.1":0,"7.0-7.1":0.434174877595,"8.1-8.4":0.659108850325,"9.0-9.2":0.442021411528,"9.3":2.80121261388,"10.0-10.2":20.9842472467},"8":{"0":0.124171543914},"9":{"3":0,"4":0.032098828125,"2.1":0,"2.2":0,"2.3":0,"4.1":0.105467578125,"4.2-4.3":0.301991015625,"4.4":0.696348046875,"4.4.3-4.4.4":0.41531953125},"10":{"7":0.004773},"11":{"0":0.00947245608629,"10":0,"11":0,"12":0,"11.1":0,"11.5":0,"12.1":0},"12":{"0":15.872292},"13":{"0":0.066822},"14":{"10":0.0133644,"11":0.0534576},"15":{"0":1.121655},"16":{"0":3.899541}}