{"1":{"8":0.664603907865,"9":0.181772008989,"10":0.130648631461,"11":4.07850945169},"2":{"12":0.073762,"13":0.17022,"14":2.002922},"3":{"5":0.022696,"16":0.011348,"18":0.05674,"20":0.011348,"29":0.005674,"30":0.011348,"31":0.022696,"37":0.005674,"38":0.011348,"40":0.045392,"43":0.034044,"44":0.017022,"45":0.017022,"46":0.005674,"47":0.17022,"48":0.380158,"49":0.039718,"50":0.175894,"51":3.313616,"52":0.045392},"4":{"18":0.011348,"20":0.005674,"22":0.005674,"26":0.017022,"31":0.317744,"34":0.005674,"35":0.005674,"36":3.211484,"38":0.02837,"39":0.107806,"40":0.011348,"41":0.005674,"43":0.02837,"44":0.034044,"45":0.204264,"47":0.011348,"49":1.605742,"50":0.08511,"51":0.039718,"52":0.096458,"53":0.828404,"54":0.073762,"55":10.740882,"56":24.14287,"57":0.034044,"58":0.08511},"5":{"4":0.034044,"5":0.005674,"7":0.011348,"8":0.107806,"9":0.039718,"10":0.817056,"5.1":0.02837,"6.1":0.022696,"9.1":0.300722},"6":{"29":0.022696,"30":0.011348,"37":0.011348,"42":0.039718,"43":0.34044,"10.0-10.1":0},"7":{"8":0,"3.2":0,"4.0-4.1":0,"4.2-4.3":0,"5.0-5.1":0,"6.0-6.1":0.0522048369231,"7.0-7.1":0.23048928,"8.1-8.4":0.314214018462,"9.0-9.2":0.0620548061538,"9.3":0.852022338462,"10.0-10.2":7.77261072},"8":{"0":1.02733999127},"9":{"3":0,"4":0.06759375,"2.1":0,"2.2":0,"2.3":0,"4.1":0.20278125,"4.2-4.3":0.652955625,"4.4":1.442450625,"4.4.3-4.4.4":0.81382875},"10":{"7":0},"11":{"0":0.00224800873362,"10":0,"11":0,"12":0,"11.1":0,"11.5":0,"12.1":0},"12":{"0":22.612352},"13":{},"14":{"10":0.010584,"11":0.04998},"15":{"0":1.998612},"16":{"0":5.51565},"17":{}}