{"1":{"6":0.0119695453639,"7":0.00598477268195,"8":0.873776811565,"9":0.203482271186,"10":0.0837868175474,"11":4.82372678166},"2":{"12":0.17883,"13":0.405348,"14":2.20557},"3":{"16":0.011922,"31":0.005961,"38":0.017883,"40":0.035766,"41":0.011922,"42":0.041727,"43":0.053649,"45":0.011922,"47":0.23844,"48":0.262284,"49":0.101337,"50":2.956656,"51":0.011922,"3.6":0.029805},"4":{"18":0.011922,"20":0.023844,"22":0.011922,"26":0.023844,"31":0.309972,"34":0.029805,"36":0.977604,"37":0.005961,"38":0.029805,"40":0.041727,"41":0.005961,"42":0.011922,"43":0.029805,"44":0.041727,"45":0.184791,"46":0.053649,"47":0.011922,"49":2.128077,"50":0.196713,"51":0.101337,"52":0.280167,"53":1.239888,"54":18.646008,"55":18.473139,"56":0.083454,"57":0.083454},"5":{"4":0.095376,"5":0.011922,"7":0.035766,"8":0.166908,"9":0.047688,"10":1.007409,"5.1":0.053649,"6.1":0.017883,"7.1":0.101337,"9.1":0.327855},"6":{"29":0.029805,"37":0.220557,"41":0.160947,"42":0.113259,"10.0-10.1":0,"12.1":0.011922},"7":{"8":0,"3.2":0,"4.0-4.1":0,"4.2-4.3":0,"5.0-5.1":0,"6.0-6.1":0,"7.0-7.1":0.153334308026,"8.1-8.4":0.232772563991,"9.0-9.2":0.156105409978,"9.3":0.989283396963,"10.0-10.2":7.41085032104},"8":{"0":0.405294046225},"9":{"3":0,"4":0.0628501148649,"2.1":0,"2.2":0,"2.3":0,"4.1":0.20650752027,"4.2-4.3":0.591304141892,"4.4":1.36346269595,"4.4.3-4.4.4":0.813203527027},"10":{"7":0},"11":{"0":0.030917953775,"10":0,"11":0,"12":0,"11.1":0,"11.5":0,"12.1":0},"12":{"0":19.06848},"13":{"0":0.008078},"14":{"10":0.0137326,"11":0.0549304},"15":{"0":1.797355},"16":{"0":7.726607}}