{"1":{"6":0.0116934953959,"8":0.80685118232,"9":0.169555683241,"10":0.122781701657,"11":5.23868593738},"2":{"12":0.163408,"13":0.210096,"14":2.27604},"3":{"5":0.005836,"18":0.005836,"31":0.017508,"36":0.005836,"38":0.02918,"39":0.011672,"40":0.064196,"42":0.011672,"43":0.035016,"44":0.023344,"45":0.011672,"47":0.08754,"48":0.344324,"49":0.05836,"50":2.696232,"51":0.210096},"4":{"11":0.011672,"20":0.005836,"22":0.005836,"26":0.023344,"31":0.297636,"34":0.005836,"36":2.789608,"38":0.011672,"40":0.011672,"41":0.005836,"43":0.011672,"44":0.05836,"45":0.134228,"46":0.017508,"47":0.035016,"48":0.005836,"49":1.756636,"50":0.105048,"51":0.075868,"52":0.099212,"53":0.84622,"54":0.391012,"55":35.68714,"56":0.303472,"57":0.1459},"5":{"4":0.035016,"7":0.011672,"8":0.20426,"9":0.08754,"10":0.770352,"5.1":0.011672,"9.1":0.472716},"6":{"27":0.005836,"29":0.005836,"37":0.011672,"41":0.005836,"42":0.052524,"10.0-10.1":0,"12.1":0.005836},"7":{"8":0,"3.2":0,"4.0-4.1":0,"4.2-4.3":0,"5.0-5.1":0,"6.0-6.1":0.0418856624319,"7.0-7.1":0.19686261343,"8.1-8.4":0.23665399274,"9.0-9.2":0.106808439201,"9.3":0.919390290381,"10.0-10.2":8.30697400181},"8":{"0":1.03482062227},"9":{"3":0,"4":0.0589479808529,"2.1":0,"2.2":0,"2.3":0,"4.1":0.190640278503,"4.2-4.3":0.580700322019,"4.4":1.31566876414,"4.4.3-4.4.4":0.736222654482},"10":{"7":0},"11":{"0":0.00226437772926,"10":0,"11":0,"12":0,"11.1":0,"11.5":0,"12.1":0},"12":{"0":19.612812},"13":{"0":0.00833},"14":{"10":0.0116458252427,"11":0.0549941747573},"15":{"0":1.486905},"16":{"0":7.1638}}