{"1":{"7":0.0178407456258,"8":0.17246054105,"9":0.118938304172,"10":0.178407456258,"11":3.93091095289},"2":{"12":0.219151,"13":0.302073,"14":3.654491},"3":{"26":0.011846,"27":0.005923,"33":0.017769,"36":0.017769,"37":0.065153,"38":0.017769,"39":0.011846,"40":0.041461,"41":0.017769,"43":0.065153,"44":0.017769,"45":0.201382,"46":0.017769,"47":0.124383,"48":0.438302,"49":0.05923,"50":0.485686,"51":6.663375,"52":0.100691,"53":0.005923,"3.6":0.005923},"4":{"4":0.005923,"11":0.011846,"18":0.017769,"22":0.023692,"31":0.011846,"32":0.201382,"34":0.023692,"35":0.005923,"36":0.408687,"37":0.005923,"38":0.023692,"39":0.017769,"40":0.023692,"41":0.017769,"42":0.005923,"43":0.023692,"44":0.029615,"45":0.029615,"46":0.023692,"47":0.047384,"48":0.023692,"49":1.00691,"50":0.035538,"51":0.076999,"52":0.094768,"53":0.260612,"54":0.171767,"55":8.043434,"56":24.34353,"57":0.153998,"58":0.159921},"5":{"4":0,"5":0.023692,"6":0.023692,"7":0.011846,"8":0.065153,"9":0.189536,"10":2.677196,"5.1":0.124383,"6.1":0.071076,"9.1":1.249753},"6":{"33":0.005923,"35":0.005923,"42":0.106614,"43":0.254689,"10.0-10.1":0,"12.1":0.047384},"7":{"8":0,"3.2":0,"4.0-4.1":0,"4.2-4.3":0,"5.0-5.1":0,"6.0-6.1":0.0401899196817,"7.0-7.1":0.177442286897,"8.1-8.4":0.241897818462,"9.0-9.2":0.0477729233952,"9.3":0.65592982122,"10.0-10.2":5.98374823034},"8":{"0":0.21154110917},"9":{"3":0,"4":0.0331949617347,"2.1":0,"2.2":0,"2.3":0,"4.1":0.0995848852041,"4.2-4.3":0.320663330357,"4.4":0.708380483418,"4.4.3-4.4.4":0.399667339286},"10":{"7":0.00509625},"11":{"0":0.000462890829694,"10":0,"11":0,"12":0,"11.1":0,"11.5":0,"12.1":0},"12":{"0":27.614182},"13":{"0":0.016308},"14":{"10":0.0277869320388,"11":0.131216067961},"15":{"0":0.114156},"16":{"0":4.721166},"17":{}}