{"1":{"7":0.00613367101828,"8":0.147208104439,"9":0.159475446475,"10":0.171742788512,"11":4.21383198956},"2":{"12":0.24344,"13":0.48688,"14":4.266286},"3":{"16":0.006086,"22":0.012172,"27":0.006086,"31":0.006086,"33":0.03043,"34":0.006086,"36":0.024344,"37":0.073032,"38":0.024344,"39":0.018258,"40":0.018258,"41":0.03043,"43":0.103462,"44":0.024344,"45":0.206924,"46":0.06086,"47":0.24344,"48":0.45645,"49":0.066946,"50":6.834578,"51":0.900728,"52":0.146064,"3.6":0.024344},"4":{"11":0.006086,"12":0.012172,"18":0.024344,"22":0.012172,"29":0.006086,"31":0.018258,"32":0.18258,"33":0.006086,"34":0.03043,"35":0.012172,"36":0.170408,"38":0.042602,"39":0.018258,"40":0.03043,"41":0.036516,"42":0.006086,"43":0.085204,"44":0.03043,"45":0.036516,"46":0.024344,"47":0.164322,"48":0.03043,"49":1.131996,"50":0.097376,"51":0.33473,"52":0.18258,"53":0.249526,"54":0.663374,"55":29.681422,"56":0.529482,"57":0.225182},"5":{"4":0.012172,"5":0.018258,"6":0.018258,"7":0.042602,"8":0.146064,"9":0.450364,"10":2.823904,"5.1":0.188666,"6.1":0.103462,"7.1":0.018258,"9.1":0.937244},"6":{"38":0.06086,"42":0.407762,"10.0-10.1":0,"12.1":0.042602},"7":{"8":0,"3.2":0,"4.0-4.1":0,"4.2-4.3":0,"5.0-5.1":0,"6.0-6.1":0.0281463691684,"7.0-7.1":0.132287935091,"8.1-8.4":0.159026985801,"9.0-9.2":0.0717732413793,"9.3":0.617812803245,"10.0-10.2":5.58212866531},"8":{"0":0.277287244541},"9":{"3":0,"4":0.0308998207137,"2.1":0,"2.2":0,"2.3":0,"4.1":0.099931335074,"4.2-4.3":0.304396106179,"4.4":0.689657700609,"4.4.3-4.4.4":0.385919037424},"10":{"7":0.007828},"11":{"0":0.000606755458515,"10":0,"11":0,"12":0,"11.1":0,"11.5":0,"12.1":0},"12":{"0":26.138476},"13":{"0":0.015656},"14":{"10":0.032832,"11":0.15504},"15":{"0":0.105678},"16":{"0":5.334782}}