{"1":{"7":0.00719972055888,"8":0.32398742515,"9":0.208791896208,"10":0.12959497006,"11":1.13395598802},"2":{"12":0.084048,"13":0.119068,"14":0.21012},"3":{"3":0.066538,"4":0.024514,"6":0.007004,"8":0.007004,"10":0.01751,"11":0.014008,"12":0.063036,"13":0.021012,"14":0.007004,"16":0.024514,"17":0.108562,"18":0.014008,"19":0.003502,"20":0.021012,"21":0.056032,"22":0.010506,"24":0.01751,"25":0.007004,"26":0.056032,"27":0.007004,"28":0.003502,"29":0.038522,"30":0.021012,"31":0.007004,"32":0.063036,"33":0.03502,"34":0.021012,"35":0.01751,"36":0.010506,"37":0.045526,"38":0.066538,"39":0.126072,"40":0.056032,"41":0.080546,"42":0.07004,"43":0.399228,"44":0.08755,"45":0.1751,"46":0.073542,"47":0.535806,"48":0.10506,"49":0.220626,"50":5.081402,"51":0.497284,"52":0.007004,"3.5":0.03502,"3.6":0.021012},"4":{"5":0.03502,"6":0.010506,"7":0.045526,"8":0.01751,"9":0.080546,"10":0.007004,"11":0.066538,"12":0.094554,"13":0.010506,"14":0.01751,"15":0.010506,"16":0.028016,"17":0.073542,"19":0.01751,"20":0.007004,"21":0.007004,"22":0.01751,"23":0.028016,"24":0.007004,"25":0.042024,"26":0.066538,"27":0.038522,"28":0.049028,"29":0.01751,"30":0.010506,"31":0.119068,"32":0.01751,"33":0.049028,"34":0.066538,"35":0.003502,"36":0.77044,"38":0.028016,"39":0.014008,"40":0.05253,"41":0.007004,"42":0.098056,"43":0.794954,"44":0.091052,"45":0.164594,"46":0.024514,"47":0.080546,"48":0.028016,"49":1.59341,"50":0.112064,"51":0.476272,"52":0.1751,"53":0.276658,"54":0.378216,"55":15.04109,"56":0.185606,"57":0.003502},"5":{"4":0.007004,"8":0.010506,"9":0.049028,"10":0.185606,"5.1":0.007004,"6.1":0.003502,"9.1":0.059534},"6":{"12":0.003502,"20":0.003502,"23":0.007004,"36":0.014008,"37":0.007004,"38":0.077044,"40":0.007004,"41":0.014008,"42":0.40273,"10.0-10.1":0,"12.1":0.003502},"7":{"8":0,"3.2":0,"4.0-4.1":0,"4.2-4.3":0,"5.0-5.1":0,"6.0-6.1":0.0158443813387,"7.0-7.1":0.0744685922921,"8.1-8.4":0.0895207545639,"9.0-9.2":0.0404031724138,"9.3":0.347784170385,"10.0-10.2":3.14233692901},"8":{"0":10.049908952},"9":{"3":0,"4":0.261017138381,"2.1":0,"2.2":0,"2.3":0,"4.1":0.844140532637,"4.2-4.3":2.57129649086,"4.4":5.82568038642,"4.4.3-4.4.4":3.2599374517},"10":{"7":0.0081225},"11":{"0":0.0219910480349,"10":0,"11":0,"12":0,"11.1":0,"11.5":0,"12.1":0},"12":{"0":32.701826},"13":{"0":0.03249},"14":{"10":0.051100776699,"11":0.241309223301},"15":{"0":2.163834},"16":{"0":4.438134}}