{"1":{"8":0.303419178082,"9":0.110334246575,"10":0.175845205479,"11":0.920601369863},"2":{"12":0.053696,"13":0.137596,"14":0.275192},"3":{"2":0.006712,"3":0.053696,"4":0.006712,"6":0.006712,"8":0.003356,"10":0.01678,"11":0.023492,"12":0.060408,"13":0.036916,"14":0.01678,"16":0.1678,"17":0.104036,"18":0.030204,"19":0.006712,"20":0.026848,"21":0.0839,"22":0.010068,"23":0.013424,"24":0.020136,"25":0.01678,"26":0.060408,"27":0.020136,"28":0.006712,"29":0.013424,"30":0.036916,"31":0.013424,"32":0.060408,"33":0.020136,"34":0.023492,"35":0.023492,"36":0.01678,"37":0.043628,"38":0.046984,"39":0.070476,"40":0.036916,"41":0.087256,"42":0.046984,"43":0.338956,"44":0.090612,"45":0.104036,"46":0.093968,"47":0.610792,"48":0.191292,"49":0.396008,"50":4.829284,"51":0.080544,"3.5":0.013424,"3.6":0.087256},"4":{"5":0.043628,"6":0.020136,"7":0.087256,"8":0.006712,"9":0.104036,"10":0.036916,"11":0.110748,"12":0.023492,"13":0.05034,"14":0.104036,"15":0.013424,"16":0.063764,"17":0.140952,"18":0.013424,"19":0.013424,"20":0.006712,"21":0.013424,"22":0.013424,"23":0.040272,"25":0.030204,"26":0.053696,"27":0.026848,"28":0.030204,"29":0.01678,"30":0.010068,"31":0.104036,"32":0.010068,"33":0.046984,"34":0.03356,"35":0.010068,"36":0.748388,"37":0.006712,"38":0.026848,"39":0.01678,"40":0.020136,"41":0.010068,"42":0.090612,"43":0.711472,"44":0.036916,"45":0.104036,"46":0.05034,"47":0.060408,"48":0.080544,"49":1.24172,"50":0.110748,"51":0.396008,"52":0.338956,"53":0.198004,"54":7.8027,"55":7.134856,"56":0.020136,"57":0.097324},"5":{"4":0,"5":0.010068,"7":0.010068,"8":0.006712,"9":0.053696,"10":0.154376,"6.1":0.013424,"9.1":0.087256},"6":{"12":0.003356,"36":0.026848,"37":0.01678,"38":0.077188,"39":0.003356,"40":0.003356,"41":0.365804,"42":0.107392,"10.0-10.1":0,"12.1":0.013424},"7":{"8":0,"3.2":0,"4.0-4.1":0,"4.2-4.3":0,"5.0-5.1":0,"6.0-6.1":0,"7.0-7.1":0.0603709472162,"8.1-8.4":0.091647462039,"9.0-9.2":0.0614619884309,"9.3":0.389501713666,"10.0-10.2":2.91780788865},"8":{"0":13.5663980616},"9":{"3":0,"4":0.271210013091,"2.1":0,"2.2":0,"2.3":0,"4.1":0.891118614443,"4.2-4.3":2.55158808235,"4.4":5.88359681461,"4.4.3-4.4.4":3.50912547551},"10":{"7":0.00830375},"11":{"0":1.03491593837,"10":0,"11":0,"12":0,"11.1":0,"11.5":0,"12.1":0},"12":{"0":29.479896},"13":{"0":0.033215},"14":{"10":0.0491582,"11":0.1966328},"15":{"0":2.863133},"16":{"0":3.567291}}