{"1":{"7":0.051919,"8":0.051919,"10":0.356016,"11":4.717212},"2":{"12":0.07417,"13":1.082882,"14":1.431481},"3":{"4":0.051919,"5":0.022251,"33":0.029668,"39":0.563692,"40":0.029668,"41":0.111255,"43":0.007417,"46":0.089004,"47":0.029668,"48":0.192842,"49":0.534024,"50":2.877796},"4":{"16":0.022251,"18":0.07417,"22":0.007417,"28":0.044502,"29":0.007417,"37":0.022251,"38":0.022251,"41":0.051919,"43":0.170591,"44":0.044502,"46":0.007417,"48":0.044502,"49":0.155757,"50":0.126089,"51":0.155757,"52":0.378267,"53":2.981634,"54":21.983988,"55":25.165881,"56":1.268307,"57":5.362491},"5":{"4":0,"8":0.022251,"9":0.044502,"10":0.956793,"5.1":0.022251,"9.1":0.882623},"6":{"41":0.155757,"42":0.133506,"10.0-10.1":0,"12.1":0.07417},"7":{"8":0,"3.2":0,"4.0-4.1":0,"4.2-4.3":0,"5.0-5.1":0,"6.0-6.1":0,"7.0-7.1":0.0822034880694,"8.1-8.4":0.12479083731,"9.0-9.2":0.0836890932755,"9.3":0.530361058568,"10.0-10.2":3.97300352278},"8":{"0":0.10799646379},"9":{"3":0,"4":0.0206312761824,"2.1":0,"2.2":0,"2.3":0,"4.1":0.0677884788851,"4.2-4.3":0.194102414696,"4.4":0.447572379223,"4.4.3-4.4.4":0.266943451014},"10":{"7":0},"11":{"0":0.00823853620955,"10":0,"11":0,"12":0,"11.1":0,"11.5":0,"12.1":0},"12":{"0":16.870477},"13":{},"14":{"10":0.0604422,"11":0.2417688},"15":{"0":0.405531},"16":{"0":3.680775}}