{"1":{"7":0.00781062576687,"8":0.882600711656,"10":0.0234318773006,"11":6.54530439264},"2":{"12":0.116445,"13":1.793253,"14":2.212455},"3":{"28":0.007763,"31":0.031052,"33":0.031052,"36":0.031052,"39":0.023289,"40":0.007763,"41":0.062104,"43":0.023289,"47":0.900508,"48":0.170786,"49":0.372624,"50":2.980992,"51":0.062104},"4":{"11":0.023289,"29":0.023289,"31":0.023289,"32":0.07763,"39":0.007763,"41":0.031052,"43":0.178549,"46":0.046578,"47":0.038815,"48":0.007763,"49":0.23289,"50":0.007763,"51":0.007763,"52":0.318283,"53":0.62104,"54":0.721959,"55":47.331011,"56":0.349335,"57":7.017752},"5":{"4":0,"5":0.031052,"10":1.350762,"5.1":0.031052,"9.1":0.442491},"6":{"29":0.038815,"42":0.178549,"10.0-10.1":0,"12.1":0.031052},"7":{"8":0,"3.2":0,"4.0-4.1":0,"4.2-4.3":0,"5.0-5.1":0,"6.0-6.1":0.0117402498132,"7.0-7.1":0.0551791741219,"8.1-8.4":0.0663324114444,"9.0-9.2":0.0299376370236,"9.3":0.257698483399,"10.0-10.2":2.3283850442},"8":{"0":0.189729836245},"9":{"3":0,"4":0.0328959708442,"2.1":0,"2.2":0,"2.3":0,"4.1":0.106386969539,"4.2-4.3":0.324060308529,"4.4":0.734210072672,"4.4.3-4.4.4":0.410849678416},"10":{"7":0.055925},"11":{"0":0.000415163755459,"10":0,"11":0,"12":0,"11.1":0,"11.5":0,"12.1":0},"12":{"0":16.570609},"13":{},"14":{"10":0.0363566796117,"11":0.171684320388},"15":{"0":0.190145},"16":{"0":2.022248}}