{"1":{"6":2.1438686821,"7":1.65323206829,"8":8.8634570887,"9":1.93054841523,"10":5.14101843171,"11":7.43421130063},"2":{"12":0.008062,"13":0.266046,"14":1.580152},"3":{"3":0.427286,"24":0.008062,"33":0.008062,"36":0.008062,"39":0.128992,"47":0.459534,"48":0.12093,"49":0.12093,"50":0.330542,"51":1.781702},"4":{"10":0.008062,"27":0.032248,"28":0.008062,"29":0.008062,"36":0.008062,"40":0.056434,"41":0.016124,"43":1.362478,"48":4.345418,"49":1.49147,"50":0.064496,"52":0.08062,"53":0.072558,"54":0.24186,"55":8.207116,"56":20.138876,"57":0.419224,"58":8.336108},"5":{"4":0.451472,"5":0.008062,"10":0.701394,"5.1":0.04031,"9.1":0.137054},"6":{"28":0.088682,"29":0.064496,"42":0.177364,"43":0.032248,"9.5-9.6":0.032248,"10.0-10.1":0},"7":{"8":0,"3.2":0,"4.0-4.1":0,"4.2-4.3":0,"5.0-5.1":0,"6.0-6.1":0.0148867187268,"7.0-7.1":0.0657262675862,"8.1-8.4":0.0896011938462,"9.0-9.2":0.0176955335809,"9.3":0.242962484881,"10.0-10.2":2.21643580138},"8":{"0":0.116026113537},"9":{"3":0,"4":0.0152024234694,"2.1":0,"2.2":0,"2.3":0,"4.1":0.0456072704082,"4.2-4.3":0.146855410714,"4.4":0.324419716837,"4.4.3-4.4.4":0.183037178571},"10":{"7":0.05814},"11":{"0":0.000253886462882,"10":0,"11":0,"12":0,"11.1":0,"11.5":0,"12.1":0},"12":{"0":14.059024},"13":{},"14":{"10":0.0291264466019,"11":0.137541553398},"15":{"0":0.100776},"16":{"0":1.149234},"17":{}}