{"1":{"8":0.398601,"9":0.195804,"10":0.132867,"11":4.188807},"2":{"12":0.076923,"13":0.720279,"14":2.678319},"3":{"12":0.006993,"20":0.013986,"21":0.006993,"22":0.013986,"26":0.006993,"29":0.013986,"30":0.020979,"33":0.006993,"34":0.020979,"35":0.034965,"36":0.020979,"37":0.027972,"38":0.118881,"39":0.048951,"40":0.06993,"41":0.027972,"42":0.027972,"43":0.104895,"44":0.020979,"45":0.06993,"46":0.062937,"47":0.370629,"48":0.265734,"49":0.293706,"50":6.391602,"51":0.202797,"3.6":0.013986},"4":{"11":0.013986,"18":0.006993,"22":0.048951,"25":0.006993,"26":0.034965,"28":0.006993,"31":0.013986,"32":0.062937,"33":0.006993,"34":0.013986,"35":0.048951,"36":0.916083,"37":0.034965,"38":0.013986,"39":0.160839,"40":0.062937,"41":0.006993,"42":0.027972,"43":0.06993,"44":0.034965,"45":0.055944,"46":0.020979,"47":0.034965,"48":0.062937,"49":2.160837,"50":0.104895,"51":0.552447,"52":0.237762,"53":0.293706,"54":23.027949,"55":19.461519,"56":0.104895,"57":0.041958},"5":{"4":0,"5":0.013986,"6":0.006993,"7":0.013986,"8":0.230769,"9":0.188811,"10":2.384613,"5.1":0.055944,"6.1":0.041958,"9.1":0.678321},"6":{"36":0.013986,"38":0.041958,"41":0.244755,"42":0.125874,"10.0-10.1":0,"12.1":0.020979},"7":{"8":0,"3.2":0,"4.0-4.1":0,"4.2-4.3":0,"5.0-5.1":0,"6.0-6.1":0,"7.0-7.1":0.132511759116,"8.1-8.4":0.201162429501,"9.0-9.2":0.134906549943,"9.3":0.85494032538,"10.0-10.2":6.40446893606},"8":{"0":0.0894038089368},"9":{"3":0,"4":0.0273156997466,"2.1":0,"2.2":0,"2.3":0,"4.1":0.0897515848818,"4.2-4.3":0.256990562922,"4.4":0.592583445524,"4.4.3-4.4.4":0.353431706926},"10":{"7":0.00826925},"11":{"0":0.00682019106317,"10":0,"11":0,"12":0,"11.1":0,"11.5":0,"12.1":0},"12":{"0":16.818709},"13":{"0":0.021049},"14":{"10":0.0944198,"11":0.3776792},"15":{"0":0.108252},"16":{"0":3.677561}}