{"1":{"8":0.235211617363,"9":0.159113741158,"10":0.117605808682,"11":3.7910578328},"2":{"12":0.054728,"13":0.61569,"14":2.968994},"3":{"26":0.006841,"38":0.020523,"39":0.020523,"41":0.006841,"42":0.006841,"43":0.020523,"44":0.006841,"45":0.034205,"46":0.027364,"47":0.116297,"48":0.13682,"49":0.102615,"50":0.184707,"51":4.159328,"52":0.082092},"4":{"11":0.020523,"22":0.034205,"26":0.034205,"29":0.006841,"31":0.006841,"32":0.143661,"34":0.013682,"35":0.123138,"36":0.6841,"37":0.013682,"38":0.020523,"39":0.095774,"40":0.075251,"41":0.006841,"42":0.020523,"43":0.061569,"44":0.047887,"45":0.061569,"46":0.027364,"47":0.027364,"48":0.027364,"49":2.237007,"50":0.054728,"51":0.20523,"52":0.06841,"53":0.246276,"54":2.572216,"55":10.405161,"56":32.316884,"57":0.116297,"58":0.075251},"5":{"4":0,"5":0.013682,"6":0.013682,"7":0.020523,"8":0.088933,"9":0.123138,"10":2.825333,"5.1":0.054728,"6.1":0.013682,"9.1":0.608849,"10.1":0.013682},"6":{"36":0.027364,"38":0.027364,"40":0.006841,"42":0.13682,"43":0.301004,"10.0-10.1":0,"12.1":0.020523},"7":{"8":0,"3.2":0,"4.0-4.1":0,"4.2-4.3":0,"5.0-5.1":0,"6.0-6.1":0.0462045227586,"7.0-7.1":0.203997326897,"8.1-8.4":0.27809892,"9.0-9.2":0.0549223572414,"9.3":0.754092682759,"10.0-10.2":6.87924319034},"8":{"0":0.072498360262},"9":{"3":0,"4":0.0208853954082,"2.1":0,"2.2":0,"2.3":0,"4.1":0.0626561862245,"4.2-4.3":0.201752919643,"4.4":0.44569433801,"4.4.3-4.4.4":0.251460160714},"10":{"7":0.006318},"11":{"0":0.000158639737991,"10":0,"11":0,"12":0,"11.1":0,"11.5":0,"12.1":0},"12":{"0":17.906592},"13":{"0":0.009477},"14":{"10":0.0701113980583,"11":0.331081601942},"15":{"0":0.104247},"16":{"0":4.078269},"17":{}}