{"1":{"6":0.01018,"7":0.00509,"8":0.2036,"9":0.09162,"10":0.18324,"11":2.27014},"2":{"12":0.15779,"13":0.27995,"14":1.38957},"3":{"3":0.01018,"10":0.01527,"11":0.01018,"12":0.00509,"16":0.02036,"18":0.00509,"21":0.00509,"22":0.00509,"24":0.00509,"27":0.01018,"30":0.01018,"31":0.01018,"33":0.01018,"34":0.01018,"35":0.01018,"36":0.01527,"37":0.02036,"38":0.03563,"39":0.04072,"40":0.01527,"41":0.02036,"42":0.01527,"43":0.07126,"44":0.03563,"45":0.06617,"46":0.04581,"47":0.22905,"48":0.18833,"49":0.11198,"50":0.4072,"51":5.93494,"52":0.32576,"53":0.01018,"3.5":0.01018,"3.6":0.01018},"4":{"11":0.02036,"18":0.01527,"20":0.00509,"22":0.07635,"23":0.01018,"25":0.00509,"26":0.04581,"29":0.01018,"31":0.07126,"32":0.11198,"33":0.01527,"34":0.14252,"35":0.12725,"36":0.47846,"37":0.01018,"38":0.04072,"39":0.03563,"40":0.02036,"41":0.01018,"42":0.03054,"43":0.08144,"44":0.03054,"45":0.06617,"46":0.03054,"47":0.03563,"48":0.05599,"49":1.05872,"50":0.05599,"51":0.13743,"52":0.1018,"53":0.41738,"54":0.2036,"55":7.87423,"56":22.67595,"57":0.10689,"58":0.14252},"5":{"4":0,"5":0.0509,"7":0.02545,"8":0.08144,"9":0.15779,"10":1.2216,"5.1":0.07126,"6.1":0.01527,"7.1":0.01018,"9.1":0.45301,"10.1":0.00509},"6":{"29":0.00509,"32":0.00509,"36":0.03054,"37":0.01527,"38":0.01018,"41":0.00509,"42":0.29013,"43":0.48864,"10.0-10.1":0,"12.1":0.02036},"7":{"8":0,"3.2":0,"4.0-4.1":0,"4.2-4.3":0,"5.0-5.1":0,"6.0-6.1":0.0182267140584,"7.0-7.1":0.080472662069,"8.1-8.4":0.109704184615,"9.0-9.2":0.0216657167109,"9.3":0.297473729443,"10.0-10.2":2.7137169931},"8":{"0":5.68432165939},"9":{"3":0,"4":0.0704703443878,"2.1":0,"2.2":0,"2.3":0,"4.1":0.211411033163,"4.2-4.3":0.680743526786,"4.4":1.50383714923,"4.4.3-4.4.4":0.848462946429},"10":{"7":0.01596075},"11":{"0":0.0124383406114,"10":0,"11":0,"12":0,"11.1":0,"11.5":0,"12.1":0},"12":{"0":28.072396},"13":{"0":0.078576},"14":{"10":0.152765475728,"11":0.721392524272},"15":{"0":2.475144},"16":{"0":5.608362},"17":{}}