{"1":{"7":0.00532866419295,"8":0.245118552876,"9":0.117230612245,"10":0.18117458256,"11":2.32329758813},"2":{"12":0.13702,"13":0.30566,"14":1.15413},"3":{"3":0.01054,"9":0.00527,"10":0.00527,"11":0.00527,"12":0.01054,"16":0.02108,"18":0.00527,"19":0.01054,"20":0.00527,"21":0.00527,"22":0.01054,"24":0.00527,"27":0.01054,"29":0.00527,"30":0.01054,"31":0.03689,"33":0.01054,"34":0.00527,"35":0.01054,"36":0.01581,"37":0.02635,"38":0.06324,"39":0.04216,"40":0.01581,"41":0.01581,"42":0.02108,"43":0.09486,"44":0.06851,"45":0.07378,"46":0.0527,"47":0.25296,"48":0.24242,"49":0.25296,"50":6.59804,"51":0.3689,"52":0.02635,"3.5":0.00527,"3.6":0.01054},"4":{"11":0.01581,"18":0.02635,"22":0.08432,"23":0.01054,"26":0.04743,"28":0.01054,"29":0.01054,"31":0.07378,"32":0.06851,"33":0.01581,"34":0.07905,"35":0.07378,"36":0.44268,"37":0.02108,"38":0.04216,"39":0.03162,"40":0.02108,"41":0.03689,"42":0.02108,"43":0.08959,"44":0.05797,"45":0.06324,"46":0.03162,"47":0.03689,"48":0.04216,"49":1.16994,"50":0.12121,"51":0.25296,"52":0.44268,"53":0.23715,"54":16.64266,"55":14.65587,"56":0.17391,"57":0.06851},"5":{"4":0,"5":0.06324,"6":0.03162,"7":0.03689,"8":0.17391,"9":0.15283,"10":1.10143,"3.2":0.07378,"5.1":0.04743,"6.1":0.01581,"7.1":0.03162,"9.1":0.45322},"6":{"36":0.02108,"37":0.02108,"38":0.02108,"40":0.01581,"41":0.51646,"42":0.2108,"10.0-10.1":0,"12.1":0.02635},"7":{"8":0,"3.2":0,"4.0-4.1":0,"4.2-4.3":0,"5.0-5.1":0,"6.0-6.1":0,"7.0-7.1":0.0493224220638,"8.1-8.4":0.0748750021692,"9.0-9.2":0.0502137911373,"9.3":0.318218759219,"10.0-10.2":2.38381802541},"8":{"0":9.71883716949},"9":{"3":0,"4":0.0801772639358,"2.1":0,"2.2":0,"2.3":0,"4.1":0.263439581503,"4.2-4.3":0.754320789274,"4.4":1.7393557462,"4.4.3-4.4.4":1.03739561909},"10":{"7":0.0260205},"11":{"0":0.741403830508,"10":0,"11":0,"12":0,"11.1":0,"11.5":0,"12.1":0},"12":{"0":21.794643},"13":{"0":0.075696},"14":{"10":0.156123,"11":0.624492},"15":{"0":2.715594},"16":{"0":5.066901}}