{"1":{"7":0.0054477306968,"8":0.223356958569,"9":0.125297806026,"10":0.190670574388,"11":2.34797193032},"2":{"12":0.16221,"13":0.313606,"14":1.200354},"3":{"3":0.010814,"9":0.005407,"11":0.005407,"12":0.010814,"15":0.005407,"16":0.010814,"18":0.010814,"19":0.005407,"22":0.010814,"24":0.005407,"27":0.010814,"30":0.010814,"31":0.010814,"33":0.010814,"34":0.005407,"35":0.010814,"36":0.010814,"37":0.027035,"38":0.043256,"39":0.032442,"40":0.016221,"41":0.016221,"42":0.027035,"43":0.081105,"44":0.05407,"45":0.070291,"46":0.059477,"47":0.21628,"48":0.243315,"49":0.16221,"50":5.899037,"51":0.892155,"52":0.048663,"3.5":0.005407,"3.6":0.010814},"4":{"11":0.016221,"18":0.016221,"20":0.005407,"21":0.010814,"22":0.086512,"23":0.010814,"25":0.010814,"26":0.05407,"28":0.010814,"29":0.005407,"30":0.010814,"31":0.081105,"32":0.10814,"33":0.016221,"34":0.097326,"35":0.167617,"36":0.713724,"37":0.010814,"38":0.064884,"39":0.027035,"40":0.016221,"41":0.027035,"42":0.016221,"43":0.10814,"44":0.037849,"45":0.070291,"46":0.043256,"47":0.032442,"48":0.043256,"49":1.0814,"50":0.102733,"51":0.189245,"52":0.210873,"53":0.43256,"54":0.448781,"55":31.885079,"56":0.470409,"57":0.156803},"5":{"4":0,"5":0.081105,"7":0.037849,"8":0.145989,"9":0.140582,"10":1.140877,"3.2":0.005407,"5.1":0.048663,"6.1":0.016221,"7.1":0.010814,"9.1":0.470409},"6":{"28":0.016221,"29":0.005407,"36":0.021628,"37":0.016221,"38":0.010814,"39":0.005407,"40":0.010814,"41":0.005407,"42":0.740759,"43":0.005407,"10.0-10.1":0,"11.6":0.005407,"12.1":0.021628},"7":{"8":0,"3.2":0,"4.0-4.1":0,"4.2-4.3":0,"5.0-5.1":0,"6.0-6.1":0.0131214561759,"7.0-7.1":0.0616708440269,"8.1-8.4":0.074136227394,"9.0-9.2":0.0334597132486,"9.3":0.288015963062,"10.0-10.2":2.60231279609},"8":{"0":6.07243739083},"9":{"3":0,"4":0.0701721657963,"2.1":0,"2.2":0,"2.3":0,"4.1":0.226939770235,"4.2-4.3":0.691270484334,"4.4":1.56618301958,"4.4.3-4.4.4":0.876405560052},"10":{"7":0.0298545},"11":{"0":0.0132876091703,"10":0,"11":0,"12":0,"11.1":0,"11.5":0,"12.1":0},"12":{"0":24.929184},"13":{"0":0.073488},"14":{"10":0.14608415534,"11":0.68984184466},"15":{"0":2.356209},"16":{"0":5.5116}}