{"1":{"7":0.007212,"8":0.086544,"9":0.039666,"10":0.097362,"11":0.674322},"2":{"12":0.086544,"13":0.100968,"14":0.454356},"3":{"3":0.007212,"4":0.021636,"6":0.003606,"10":0.003606,"11":0.007212,"12":0.007212,"13":0.007212,"15":0.003606,"16":0.003606,"17":0.003606,"18":0.007212,"21":0.007212,"22":0.003606,"24":0.003606,"29":0.010818,"30":0.01803,"32":0.003606,"33":0.01803,"34":0.003606,"36":0.010818,"37":0.014424,"38":0.025242,"39":0.014424,"40":0.014424,"41":0.010818,"42":0.01803,"43":0.086544,"44":0.176694,"45":0.140634,"46":0.03606,"47":0.241602,"48":0.176694,"49":0.169482,"50":3.76827,"51":1.085406,"52":0.068514,"53":0.007212,"3.6":0.003606},"4":{"11":0.007212,"12":0.025242,"15":0.007212,"16":0.007212,"17":0.01803,"19":0.007212,"20":0.007212,"23":0.021636,"26":0.007212,"27":0.007212,"28":0.003606,"29":0.010818,"30":0.01803,"31":0.032454,"32":0.01803,"33":0.01803,"34":0.01803,"35":0.010818,"36":0.03606,"38":0.01803,"39":0.021636,"40":0.01803,"41":0.003606,"42":0.014424,"43":0.086544,"44":0.01803,"45":0.03606,"46":0.028848,"47":0.03606,"48":0.014424,"49":0.382236,"50":0.100968,"51":0.100968,"52":0.093756,"53":0.118998,"54":0.436326,"55":23.049552,"56":0.371418,"57":0.057696},"5":{"4":0,"5":0.010818,"7":0.007212,"8":0.043272,"9":0.057696,"10":0.82938,"5.1":0.003606,"6.1":0.007212,"7.1":0.003606,"9.1":0.194724,"10.1":0.010818},"6":{"16":0.007212,"20":0.003606,"35":0.003606,"37":0.010818,"40":0.028848,"42":0.129816,"10.0-10.1":0,"12.1":0.007212},"7":{"8":0,"3.2":0,"4.0-4.1":0,"4.2-4.3":0,"5.0-5.1":0,"6.0-6.1":0.0455234973844,"7.0-7.1":0.213960437707,"8.1-8.4":0.257207760222,"9.0-9.2":0.11608491833,"9.3":0.999240767588,"10.0-10.2":9.02844761877},"8":{"0":2.91613396288},"9":{"3":0,"4":0.0701056744996,"2.1":0,"2.2":0,"2.3":0,"4.1":0.226724734552,"4.2-4.3":0.690615474326,"4.4":1.56469899043,"4.4.3-4.4.4":0.875575126197},"10":{"7":0.006395},"11":{"0":0.0063810371179,"10":0,"11":0,"12":0,"11.1":0,"11.5":0,"12.1":0},"12":{"0":36.355803},"13":{"0":0.044765},"14":{"10":0.033527184466,"11":0.158322815534},"15":{"0":6.222335},"16":{"0":4.904965}}