{"1":{"6":0.00696,"8":0.09048,"9":0.03828,"10":0.087,"11":0.68904},"2":{"12":0.0696,"13":0.09396,"14":0.435},"3":{"3":0.00696,"4":0.01044,"6":0.00348,"8":0.01044,"10":0.00696,"11":0.05568,"12":0.00696,"13":0.00348,"14":0.00696,"15":0.00348,"17":0.00348,"18":0.01392,"19":0.00348,"23":0.00348,"24":0.00348,"28":0.00696,"29":0.01044,"30":0.02784,"32":0.00348,"33":0.02088,"37":0.02436,"38":0.02784,"39":0.03828,"40":0.00696,"41":0.02436,"42":0.0174,"43":0.09744,"44":0.14964,"45":0.09396,"46":0.0522,"47":0.2088,"48":0.16008,"49":0.29232,"50":3.90456,"51":0.42108,"53":0.01044,"3.6":0.00348},"4":{"11":0.00348,"12":0.02088,"16":0.00696,"17":0.00696,"18":0.01044,"19":0.00696,"21":0.00348,"23":0.01392,"25":0.00348,"27":0.00696,"28":0.00348,"29":0.00696,"30":0.02088,"31":0.02784,"32":0.0174,"33":0.02088,"34":0.02784,"35":0.01044,"36":0.02436,"38":0.02436,"39":0.0174,"40":0.01392,"42":0.0174,"43":0.07308,"44":0.0348,"45":0.02088,"46":0.02088,"47":0.03132,"48":0.30624,"49":0.41412,"50":0.07308,"51":0.087,"52":0.1914,"53":0.14616,"54":10.66272,"55":11.36916,"56":0.11484,"57":0.03132},"5":{"4":0,"5":0.0174,"8":0.04524,"9":0.04872,"10":0.85608,"6.1":0.0522,"9.1":0.22968},"6":{"20":0.01044,"37":0.02088,"38":0.00348,"40":0.02784,"41":0.1566,"42":0.09048,"10.0-10.1":0,"12.1":0.00696},"7":{"8":0,"3.2":0,"4.0-4.1":0,"4.2-4.3":0,"5.0-5.1":0,"6.0-6.1":0,"7.0-7.1":0.170939704576,"8.1-8.4":0.259498828633,"9.0-9.2":0.174028976345,"9.3":1.10287002169,"10.0-10.2":8.26174246875},"8":{"0":6.56673503852},"9":{"3":0,"4":0.0754177871622,"2.1":0,"2.2":0,"2.3":0,"4.1":0.247801300676,"4.2-4.3":0.70954285473,"4.4":1.63610423986,"4.4.3-4.4.4":0.975813817568},"10":{"7":0.00815},"11":{"0":0.500944961479,"10":0,"11":0,"12":0,"11.1":0,"11.5":0,"12.1":0},"12":{"0":34.6822},"13":{"0":0.07824},"14":{"10":0.046944,"11":0.187776},"15":{"0":5.62024},"16":{"0":4.7922}}