{"1":{"8":0.10905,"9":0.032715,"10":0.098145,"11":0.766985},"2":{"12":0.07997,"13":0.10905,"14":0.59614},"3":{"3":0.003635,"4":0.02181,"7":0.003635,"11":0.010905,"12":0.00727,"13":0.00727,"14":0.003635,"15":0.003635,"16":0.00727,"17":0.00727,"18":0.010905,"19":0.003635,"20":0.00727,"21":0.003635,"23":0.00727,"24":0.003635,"25":0.00727,"26":0.00727,"29":0.003635,"30":0.025445,"32":0.003635,"33":0.025445,"34":0.003635,"35":0.003635,"36":0.018175,"37":0.003635,"38":0.018175,"39":0.003635,"40":0.00727,"41":0.02181,"42":0.018175,"43":0.05816,"44":0.105415,"45":0.047255,"46":0.02181,"47":0.163575,"48":0.16721,"49":0.141765,"50":0.381675,"51":3.631365,"52":0.53798,"53":0.00727,"3.6":0.00727},"4":{"11":0.00727,"12":0.02908,"16":0.003635,"17":0.010905,"19":0.00727,"20":0.00727,"21":0.003635,"23":0.025445,"26":0.00727,"27":0.00727,"29":0.010905,"30":0.025445,"31":0.0727,"32":0.047255,"33":0.018175,"34":0.018175,"35":0.00727,"36":0.02908,"37":0.003635,"38":0.01454,"39":0.018175,"40":0.010905,"41":0.00727,"42":0.003635,"43":0.061795,"44":0.01454,"45":0.02181,"46":0.025445,"47":0.025445,"48":0.02181,"49":0.374405,"50":0.05816,"51":0.03635,"52":0.05089,"53":0.10178,"54":0.18902,"55":5.935955,"56":18.11684,"57":0.12359,"58":0.083605},"5":{"4":0,"5":0.010905,"7":0.00727,"8":0.025445,"9":0.03635,"10":1.06142,"5.1":0.003635,"6.1":0.003635,"9.1":0.207195,"10.1":0.02181},"6":{"20":0.00727,"35":0.00727,"37":0.032715,"40":0.010905,"42":0.06543,"43":0.127225,"10.0-10.1":0,"12.1":0.003635},"7":{"8":0,"3.2":0,"4.0-4.1":0,"4.2-4.3":0,"5.0-5.1":0,"6.0-6.1":0.0580288761804,"7.0-7.1":0.256202962759,"8.1-8.4":0.349268141538,"9.0-9.2":0.0689777207427,"9.3":0.947075054642,"10.0-10.2":8.63973324414},"8":{"0":2.19147465066},"9":{"3":0,"4":0.0560272959184,"2.1":0,"2.2":0,"2.3":0,"4.1":0.168081887755,"4.2-4.3":0.541223678571,"4.4":1.1956224949,"4.4.3-4.4.4":0.674568642857},"10":{"7":0.0047745},"11":{"0":0.00479534934498,"10":0,"11":0,"12":0,"11.1":0,"11.5":0,"12.1":0},"12":{"0":35.417009},"13":{"0":0.044562},"14":{"10":0.0433876893204,"11":0.20488631068},"15":{"0":8.256702},"16":{"0":5.118264},"17":{}}