{"1":{"6":0.010451,"7":0.002986,"8":0.32846,"9":0.114961,"10":0.147807,"11":1.573622},"2":{"12":0.231415,"13":0.095552,"14":0.247838},"3":{"2":0.008958,"3":0.100031,"4":0.013437,"5":0.005972,"8":0.005972,"9":0.002986,"10":0.002986,"11":0.022395,"12":0.028367,"13":0.013437,"14":0.010451,"15":0.004479,"16":0.023888,"17":0.004479,"18":0.005972,"19":0.013437,"20":0.017916,"21":0.019409,"22":0.013437,"23":0.011944,"24":0.01493,"25":0.010451,"26":0.020902,"27":0.005972,"28":0.010451,"29":0.028367,"30":0.043297,"31":0.019409,"32":0.01493,"33":0.010451,"34":0.032846,"35":0.025381,"36":0.01493,"37":0.023888,"38":0.056734,"39":0.019409,"40":0.037325,"41":0.095552,"42":0.020902,"43":0.091073,"44":0.076143,"45":0.055241,"46":0.035832,"47":0.280684,"48":0.152286,"49":0.132877,"50":0.271726,"51":2.500775,"52":0.270233,"53":0.016423,"3.5":0.002986,"3.6":0.005972},"4":{"10":0.010451,"11":0.019409,"14":0.002986,"15":0.001493,"19":0.001493,"20":0.001493,"21":0.001493,"22":0.001493,"24":0.002986,"25":0.002986,"26":0.007465,"27":0.004479,"28":0.013437,"29":0.005972,"31":0.091073,"32":0.007465,"33":0.026874,"34":0.005972,"35":0.005972,"36":0.011944,"37":0.002986,"38":0.011944,"39":0.020902,"40":0.022395,"41":0.011944,"42":0.011944,"43":0.041804,"44":0.017916,"45":0.01493,"46":0.026874,"47":0.005972,"48":0.017916,"49":0.110482,"50":0.037325,"51":0.052255,"52":0.020902,"53":0.076143,"54":0.056734,"55":1.139159,"56":3.738472,"57":0.007465,"58":0.020902},"5":{"4":0,"5":0.005972,"6":0.002986,"7":0.002986,"8":0.043297,"9":0.019409,"10":0.168709,"5.1":0.01493,"7.1":0.01493,"9.1":0.101524},"6":{"11":0.002986,"12":0.008958,"15":0.001493,"17":0.002986,"18":0.004479,"20":0.004479,"21":0.001493,"22":0.002986,"24":0.002986,"27":0.013437,"28":0.007465,"29":0.002986,"32":0.001493,"33":0.010451,"34":0.008958,"35":0.007465,"36":0.016423,"37":0.028367,"38":0.005972,"39":0.011944,"40":0.008958,"41":0.01493,"42":0.167216,"43":0.192597,"10.0-10.1":0,"10.6":0.001493,"11.1":0.001493,"11.5":0.002986,"11.6":0.013437,"12.1":0.026874},"7":{"8":0,"3.2":0,"4.0-4.1":0,"4.2-4.3":0,"5.0-5.1":0,"6.0-6.1":0.00693647692308,"7.0-7.1":0.0306252,"8.1-8.4":0.0417497384615,"9.0-9.2":0.00824524615385,"9.3":0.113208538462,"10.0-10.2":1.0327498},"8":{"0":18.394418631},"9":{"3":0,"4":0.0692640518707,"2.1":0,"2.2":0,"2.3":0,"4.1":0.207792155612,"4.2-4.3":0.669090741071,"4.4":1.47809486692,"4.4.3-4.4.4":0.833939184524},"10":{"7":0.23606925},"11":{"0":0.0402503689956,"10":0,"11":0,"12":0,"11.1":0,"11.5":0,"12.1":0},"12":{"0":8.213827},"13":{"0":0.025521},"14":{"10":0.609530679612,"11":2.87833932039},"15":{"0":46.482248},"16":{"0":1.565288},"17":{}}