{"1":{"6":0.003591,"7":0.002394,"8":0.270522,"9":0.049077,"10":0.1197,"11":1.038996},"2":{"12":0.147231,"13":0.101745,"14":0.229824},"3":{"2":0.001197,"3":0.079002,"4":0.01197,"5":0.010773,"6":0.004788,"7":0.005985,"8":0.003591,"9":0.002394,"10":0.002394,"11":0.005985,"12":0.013167,"13":0.004788,"14":0.003591,"15":0.008379,"16":0.007182,"17":0.004788,"18":0.005985,"19":0.014364,"20":0.010773,"21":0.015561,"22":0.009576,"23":0.010773,"24":0.057456,"25":0.005985,"26":0.013167,"27":0.007182,"28":0.009576,"29":0.020349,"30":0.016758,"31":0.013167,"32":0.004788,"33":0.010773,"34":0.02394,"35":0.014364,"36":0.013167,"37":0.022743,"38":0.041895,"39":0.01197,"40":0.031122,"41":0.044289,"42":0.015561,"43":0.094563,"44":0.087381,"45":0.044289,"46":0.031122,"47":0.222642,"48":0.123291,"49":0.141246,"50":1.85535,"51":0.438102,"52":0.031122,"53":0.001197,"3.6":0.005985},"4":{"5":0.002394,"11":0.020349,"14":0.001197,"19":0.001197,"20":0.001197,"21":0.001197,"24":0.007182,"25":0.002394,"26":0.004788,"27":0.005985,"28":0.003591,"29":0.001197,"30":0.003591,"31":0.061047,"32":0.008379,"33":0.007182,"34":0.003591,"35":0.003591,"36":0.008379,"38":0.015561,"39":0.003591,"40":0.015561,"41":0.004788,"42":0.004788,"43":0.028728,"44":0.01197,"45":0.015561,"46":0.014364,"47":0.010773,"48":0.010773,"49":0.113715,"50":0.025137,"51":0.075411,"52":0.028728,"53":0.142443,"54":0.190323,"55":3.753792,"56":0.062244,"57":0.025137},"5":{"4":0,"5":0.004788,"6":0.002394,"7":0.005985,"8":0.019152,"9":0.038304,"10":0.134064,"5.1":0.010773,"6.1":0.001197,"7.1":0.007182,"9.1":0.112518},"6":{"11":0.003591,"12":0.009576,"18":0.004788,"20":0.003591,"22":0.004788,"23":0.002394,"24":0.017955,"25":0.003591,"28":0.005985,"29":0.008379,"31":0.001197,"33":0.01197,"34":0.008379,"35":0.003591,"36":0.02394,"37":0.077805,"38":0.007182,"39":0.003591,"40":0.007182,"41":0.022743,"42":0.257355,"10.0-10.1":0,"10.6":0.001197,"11.1":0.002394,"11.5":0.002394,"11.6":0.003591,"12.1":0.03591},"7":{"8":0,"3.2":0,"4.0-4.1":0,"4.2-4.3":0,"5.0-5.1":0,"6.0-6.1":0.00451047293691,"7.0-7.1":0.0211992228035,"8.1-8.4":0.0254841720935,"9.0-9.2":0.0115017059891,"9.3":0.0990048809651,"10.0-10.2":0.894539545212},"8":{"0":17.7500017336},"9":{"3":0,"4":0.0626481775457,"2.1":0,"2.2":0,"2.3":0,"4.1":0.202606872063,"4.2-4.3":0.617151195822,"4.4":1.39825400522,"4.4.3-4.4.4":0.782435749347},"10":{"7":0.206847},"11":{"0":0.0388402663755,"10":0,"11":0,"12":0,"11.1":0,"11.5":0,"12.1":0},"12":{"0":6.648939},"13":{"0":0.017604},"14":{"10":0.529145475728,"11":2.49874252427},"15":{"0":53.07606},"16":{"0":1.346706}}