{"1":{"6":0.0045386835443,"7":0.00907736708861,"8":0.204240759494,"9":0.195163392405,"10":0.204240759494,"11":2.25118703797},"2":{"12":0.062944,"13":0.193328,"14":1.002608},"3":{"3":0.004496,"16":0.004496,"31":0.004496,"33":0.004496,"34":0.013488,"35":0.008992,"36":0.004496,"37":0.008992,"38":0.031472,"39":0.013488,"40":0.013488,"41":0.017984,"42":0.013488,"43":0.053952,"44":0.017984,"45":0.049456,"46":0.026976,"47":0.152864,"48":0.175344,"49":0.13488,"50":3.264096,"51":0.017984,"52":0.013488,"3.6":0.008992},"4":{"11":0.017984,"18":0.008992,"21":0.008992,"22":0.035968,"26":0.008992,"27":0.004496,"29":0.004496,"31":0.013488,"32":0.02248,"33":0.008992,"34":0.026976,"35":0.049456,"36":0.116896,"37":0.017984,"38":0.026976,"39":0.026976,"40":0.017984,"41":0.026976,"42":0.02248,"43":0.071936,"44":0.040464,"45":0.031472,"46":0.058448,"47":0.06744,"48":0.062944,"49":1.546624,"50":0.080928,"51":0.296736,"52":0.211312,"53":0.287744,"54":15.470736,"55":13.429552,"56":0.053952,"57":0.013488},"5":{"4":0.008992,"5":0.02248,"6":0.008992,"7":0.026976,"8":0.166352,"9":0.184336,"10":1.335312,"5.1":0.049456,"6.1":0.040464,"7.1":0.008992,"9.1":0.575488},"6":{"28":0.004496,"29":0.004496,"36":0.013488,"37":0.02248,"38":0.013488,"40":0.008992,"41":0.238288,"42":0.094416,"10.0-10.1":0,"12.1":0.013488},"7":{"8":0,"3.2":0,"4.0-4.1":0,"4.2-4.3":0,"5.0-5.1":0,"6.0-6.1":0,"7.0-7.1":0.157958439417,"8.1-8.4":0.239792329718,"9.0-9.2":0.160813110009,"9.3":1.0191174013,"10.0-10.2":7.63434071955},"8":{"0":1.32425582589},"9":{"3":0,"4":0.079709839527,"2.1":0,"2.2":0,"2.3":0,"4.1":0.261903758446,"4.2-4.3":0.749923184122,"4.4":1.72921549831,"4.4.3-4.4.4":1.03134771959},"10":{"7":0.02338775},"11":{"0":0.101021174114,"10":0,"11":0,"12":0,"11.1":0,"11.5":0,"12.1":0},"12":{"0":39.120669},"13":{"0":0.027515},"14":{"10":0.1617882,"11":0.6471528},"15":{"0":0.264144},"16":{"0":1.133618}}