{"1":{"6":0.00521103174603,"7":0.00521103174603,"8":0.218863333333,"9":0.218863333333,"10":0.224074365079,"11":2.61072690476},"2":{"12":0.07755,"13":0.21714,"14":1.29767},"3":{"16":0.00517,"31":0.00517,"33":0.00517,"34":0.01551,"35":0.01034,"36":0.00517,"37":0.01034,"38":0.03619,"39":0.01551,"40":0.02068,"41":0.01551,"42":0.01551,"43":0.05687,"44":0.01551,"45":0.05687,"46":0.02585,"47":0.14476,"48":0.17578,"49":0.08789,"50":3.57764,"51":0.43428,"52":0.01034,"3.6":0.01034},"4":{"11":0.01551,"18":0.00517,"21":0.01034,"22":0.0517,"26":0.01551,"27":0.00517,"29":0.00517,"31":0.01551,"32":0.04136,"33":0.00517,"34":0.03102,"35":0.07755,"36":0.22748,"37":0.01551,"38":0.03619,"39":0.03102,"40":0.02068,"41":0.02585,"42":0.02068,"43":0.07755,"44":0.04653,"45":0.03102,"46":0.06204,"47":0.09306,"48":0.06204,"49":1.7578,"50":0.07755,"51":0.30503,"52":0.18095,"53":0.2585,"54":0.49115,"55":32.48828,"56":0.44979,"57":0.02068},"5":{"4":0.00517,"5":0.03102,"6":0.01034,"7":0.03102,"8":0.18095,"9":0.19646,"10":1.74746,"5.1":0.0517,"6.1":0.04653,"7.1":0.01034,"9.1":0.61006},"6":{"36":0.01551,"37":0.01034,"38":0.01551,"41":0.01034,"42":0.34122,"10.0-10.1":0,"12.1":0.01551},"7":{"8":0,"3.2":0,"4.0-4.1":0,"4.2-4.3":0,"5.0-5.1":0,"6.0-6.1":0.0336746322195,"7.0-7.1":0.158270771432,"8.1-8.4":0.19026167204,"9.0-9.2":0.0858703121597,"9.3":0.739158177218,"10.0-10.2":6.67852143493},"8":{"0":1.2094325393},"9":{"3":0,"4":0.0684444556136,"2.1":0,"2.2":0,"2.3":0,"4.1":0.221352281984,"4.2-4.3":0.674250701044,"4.4":1.52762199869,"4.4.3-4.4.4":0.854827562663},"10":{"7":0.019316},"11":{"0":0.00264646069869,"10":0,"11":0,"12":0,"11.1":0,"11.5":0,"12.1":0},"12":{"0":34.10748},"13":{"0":0.028974},"14":{"10":0.144307398058,"11":0.681451601942},"15":{"0":0.28974},"16":{"0":1.284514}}