{"1":{"6":0.0043507125,"7":0.0130521375,"8":0.2479906125,"9":0.15662565,"10":0.1261706625,"11":1.540152225},"2":{"12":0.025782,"13":0.081643,"14":0.489858},"3":{"3":0.012891,"4":0.004297,"11":0.008594,"12":0.008594,"13":0.004297,"16":0.012891,"17":0.004297,"20":0.008594,"22":0.004297,"23":0.008594,"27":0.012891,"28":0.004297,"29":0.012891,"30":0.008594,"31":0.012891,"32":0.008594,"33":0.008594,"34":0.012891,"35":0.025782,"36":0.017188,"37":0.017188,"38":0.034376,"39":0.025782,"40":0.025782,"41":0.021485,"42":0.025782,"43":0.077346,"44":0.038673,"45":0.081643,"46":0.034376,"47":0.180474,"48":0.163286,"49":0.090237,"50":0.348057,"51":3.850112,"52":0.296493,"3.6":0.012891},"4":{"10":0.012891,"11":0.021485,"12":0.008594,"15":0.004297,"18":0.008594,"19":0.008594,"20":0.008594,"21":0.012891,"22":0.017188,"23":0.008594,"24":0.008594,"25":0.008594,"26":0.012891,"27":0.008594,"28":0.012891,"29":0.012891,"30":0.021485,"31":0.08594,"32":0.064455,"33":0.055861,"34":0.017188,"35":0.034376,"36":0.21485,"37":0.017188,"38":0.04297,"39":0.034376,"40":0.017188,"41":0.021485,"42":0.017188,"43":0.073049,"44":0.068752,"45":0.098831,"46":0.098831,"47":0.068752,"48":0.055861,"49":1.50395,"50":0.111722,"51":0.296493,"52":0.180474,"53":0.335166,"54":0.322275,"55":6.763478,"56":20.677164,"57":0.116019,"58":0.163286},"5":{"4":0,"5":0.012891,"6":0.017188,"7":0.030079,"8":0.111722,"9":0.098831,"10":0.825024,"5.1":0.025782,"6.1":0.025782,"7.1":0.004297,"9.1":0.287899,"10.1":0.008594},"6":{"28":0.004297,"36":0.008594,"37":0.012891,"38":0.004297,"42":0.077346,"43":0.133207,"10.0-10.1":0,"12.1":0.008594},"7":{"8":0,"3.2":0,"4.0-4.1":0,"4.2-4.3":0,"5.0-5.1":0,"6.0-6.1":0.0384839045093,"7.0-7.1":0.169910068966,"8.1-8.4":0.231629538462,"9.0-9.2":0.0457450185676,"9.3":0.628086366048,"10.0-10.2":5.72974510345},"8":{"0":3.19808799563},"9":{"3":0,"4":0.0971110331633,"2.1":0,"2.2":0,"2.3":0,"4.1":0.29133309949,"4.2-4.3":0.938092580357,"4.4":2.0723494477,"4.4.3-4.4.4":1.16921683929},"10":{"7":0.01283175},"11":{"0":0.00699800436681,"10":0,"11":0,"12":0,"11.1":0,"11.5":0,"12.1":0},"12":{"0":31.018649},"13":{"0":0.028515},"14":{"10":0.0259126601942,"11":0.122365339806},"15":{"0":7.75608},"16":{"0":3.587187},"17":{}}