{"1":{"6":0.00357909940527,"7":0.0107372982158,"8":0.416965080714,"9":0.168217672048,"10":0.125268479184,"11":1.38153237043},"2":{"12":0.08568,"13":0.08568,"14":0.226695},"3":{"3":0.02856,"4":0.00714,"5":0.00357,"6":0.005355,"8":0.00714,"9":0.001785,"10":0.00357,"11":0.012495,"12":0.012495,"13":0.008925,"14":0.01785,"15":0.005355,"16":0.005355,"17":0.00714,"18":0.00357,"19":0.00714,"20":0.00714,"21":0.005355,"22":0.00357,"23":0.00357,"24":0.00714,"25":0.008925,"26":0.00357,"28":0.00714,"29":0.008925,"30":0.012495,"31":0.00714,"32":0.005355,"33":0.008925,"34":0.005355,"35":0.02142,"36":0.00714,"37":0.01071,"38":0.012495,"39":0.02142,"40":0.01428,"41":0.012495,"42":0.01071,"43":0.087465,"44":0.04641,"45":0.0357,"46":0.03213,"47":0.176715,"48":0.06783,"49":0.08211,"50":1.84212,"51":0.23205,"52":0.12495,"53":0.00357,"3.5":0.008925,"3.6":0.01785},"4":{"10":0.001785,"11":0.026775,"14":0.001785,"15":0.01071,"16":0.00357,"17":0.00357,"18":0.001785,"19":0.00357,"21":0.012495,"22":0.001785,"23":0.005355,"24":0.001785,"25":0.01071,"26":0.01428,"28":0.01071,"29":0.01428,"30":0.00357,"31":0.012495,"32":0.126735,"33":0.030345,"34":0.005355,"35":0.02499,"36":0.63903,"37":0.00714,"38":0.00714,"39":0.008925,"40":0.051765,"41":0.00357,"42":0.023205,"43":0.783615,"44":0.00714,"45":0.033915,"46":0.00714,"47":0.81039,"48":0.00714,"49":0.21777,"50":0.04284,"51":0.105315,"52":0.07497,"53":0.119595,"54":0.15351,"55":6.427785,"56":0.101745,"57":0.01785},"5":{"4":0,"5":0.00357,"6":0.005355,"7":0.00357,"8":0.02142,"9":0.016065,"10":0.233835,"5.1":0.012495,"6.1":0.008925,"7.1":0.03213,"9.1":0.06783},"6":{"11":0.00714,"12":0.01071,"15":0.00357,"16":0.00357,"17":0.00357,"18":0.001785,"20":0.00714,"21":0.00357,"22":0.005355,"26":0.001785,"29":0.005355,"30":0.001785,"32":0.001785,"33":0.00357,"34":0.008925,"35":0.001785,"36":0.02499,"37":0.06783,"38":0.01785,"39":0.008925,"40":0.023205,"41":0.041055,"42":0.64974,"43":0.00357,"9.5-9.6":0.00714,"10.0-10.1":0,"11.5":0.005355,"11.6":0.02856,"12.1":0.026775},"7":{"8":0,"3.2":0,"4.0-4.1":0,"4.2-4.3":0,"5.0-5.1":0,"6.0-6.1":0.0055420604249,"7.0-7.1":0.026047683997,"8.1-8.4":0.0313126414007,"9.0-9.2":0.0141322540835,"9.3":0.121648226326,"10.0-10.2":1.09912913377},"8":{"0":44.3898907598},"9":{"3":0,"4":0.0833267049608,"2.1":0,"2.2":0,"2.3":0,"4.1":0.269482109661,"4.2-4.3":0.820856689295,"4.4":1.85978113838,"4.4.3-4.4.4":1.0406973577},"10":{"7":0.1540125},"11":{"0":0.0971332401747,"10":0,"11":0,"12":0,"11.1":0,"11.5":0,"12.1":0},"12":{"0":14.053974},"13":{"0":0.008214},"14":{"10":0.361734990291,"11":1.70819300971},"15":{"0":9.520026},"16":{"0":2.13564}}