{"1":{"6":0.00111708290536,"7":0.00335124871607,"8":0.29826113573,"9":0.1251132854,"10":0.0871324666178,"11":1.00760878063},"2":{"12":0.063441,"13":0.075684,"14":0.142464},"3":{"3":0.015582,"4":0.004452,"5":0.003339,"6":0.005565,"7":0.002226,"8":0.004452,"9":0.002226,"10":0.005565,"11":0.010017,"12":0.010017,"13":0.006678,"14":0.008904,"15":0.003339,"16":0.003339,"17":0.006678,"18":0.003339,"19":0.004452,"20":0.008904,"21":0.004452,"22":0.004452,"23":0.003339,"24":0.004452,"25":0.004452,"26":0.002226,"27":0.001113,"29":0.007791,"30":0.01113,"31":0.004452,"32":0.004452,"33":0.006678,"34":0.004452,"35":0.010017,"36":0.004452,"37":0.007791,"38":0.008904,"39":0.013356,"40":0.010017,"41":0.010017,"42":0.010017,"43":0.067893,"44":0.030051,"45":0.027825,"46":0.024486,"47":0.140238,"48":0.053424,"49":0.093492,"50":1.336713,"51":0.053424,"52":0.026712,"53":0.001113,"3.5":0.004452,"3.6":0.008904},"4":{"11":0.02226,"13":0.002226,"14":0.001113,"15":0.004452,"16":0.001113,"21":0.004452,"22":0.001113,"23":0.003339,"25":0.014469,"26":0.006678,"28":0.005565,"29":0.007791,"30":0.004452,"31":0.004452,"32":0.031164,"33":0.017808,"34":0.006678,"35":0.025599,"36":0.23373,"37":0.003339,"38":0.003339,"39":0.003339,"40":0.048972,"41":0.002226,"42":0.01113,"43":0.506415,"44":0.005565,"45":0.032277,"46":0.003339,"47":0.229278,"48":0.005565,"49":0.159159,"50":0.031164,"51":0.064554,"52":0.131334,"53":0.046746,"54":2.226,"55":1.957767,"56":0.013356,"57":0.005565},"5":{"4":0,"5":0.004452,"6":0.008904,"7":0.004452,"8":0.015582,"9":0.010017,"10":0.103509,"5.1":0.010017,"6.1":0.005565,"7.1":0.013356,"9.1":0.045633},"6":{"11":0.01113,"12":0.007791,"15":0.003339,"16":0.002226,"17":0.002226,"18":0.001113,"19":0.002226,"20":0.002226,"21":0.002226,"22":0.003339,"27":0.002226,"29":0.001113,"30":0.002226,"34":0.005565,"35":0.004452,"36":0.014469,"37":0.057876,"38":0.010017,"39":0.005565,"40":0.015582,"41":0.303849,"42":0.107961,"9.5-9.6":0.004452,"10.0-10.1":0,"10.6":0.001113,"11.5":0.005565,"11.6":0.014469,"12.1":0.023373},"7":{"8":0,"3.2":0,"4.0-4.1":0,"4.2-4.3":0,"5.0-5.1":0,"6.0-6.1":0,"7.0-7.1":0.0152368143787,"8.1-8.4":0.0231305856833,"9.0-9.2":0.015512178494,"9.3":0.098304989154,"10.0-10.2":0.73641543229},"8":{"0":61.1617492512},"9":{"3":0,"4":0.0542428758446,"2.1":0,"2.2":0,"2.3":0,"4.1":0.178226592061,"4.2-4.3":0.510325831926,"4.4":1.17673830659,"4.4.3-4.4.4":0.701836393581},"10":{"7":0.097746},"11":{"0":4.66573874884,"10":0,"11":0,"12":0,"11.1":0,"11.5":0,"12.1":0},"12":{"0":8.371134},"13":{},"14":{"10":0.2345904,"11":0.9383616},"15":{"0":6.202428},"16":{"0":1.190724}}