{"1":{"6":0.00220238928805,"7":0.00880955715219,"8":0.539585375572,"9":0.196012646636,"10":0.189405478772,"11":2.43584255258},"2":{"12":0.235542,"13":0.369228,"14":0.708748},"3":{"3":0.004244,"4":0.004244,"7":0.002122,"11":0.006366,"12":0.012732,"14":0.004244,"15":0.004244,"20":0.006366,"24":0.014854,"27":0.004244,"28":0.070026,"29":0.004244,"30":0.004244,"31":0.02122,"32":0.014854,"33":0.008488,"34":0.004244,"35":0.008488,"36":0.002122,"37":0.012732,"38":0.029708,"39":0.023342,"40":0.004244,"41":0.019098,"42":0.006366,"43":0.033952,"44":0.036074,"45":0.027586,"46":0.012732,"47":0.165516,"48":0.087002,"49":0.157028,"50":2.230222,"51":0.144296,"52":0.002122,"53":0.006366,"3.6":0.006366},"4":{"6":0.004244,"11":0.019098,"12":0.002122,"18":0.004244,"19":0.002122,"20":0.002122,"21":0.004244,"22":0.002122,"25":0.002122,"26":0.006366,"29":0.006366,"31":0.033952,"32":0.02122,"33":0.008488,"34":0.004244,"35":0.006366,"36":0.411668,"37":0.012732,"38":0.029708,"39":0.008488,"40":0.033952,"41":0.002122,"42":0.004244,"43":0.135808,"44":0.046684,"45":0.09549,"46":0.016976,"47":0.08488,"48":0.023342,"49":0.237664,"50":0.05305,"51":0.114588,"52":0.154906,"53":0.114588,"54":4.683254,"55":3.679548,"56":0.04244,"57":0.01061},"5":{"4":0,"5":0.004244,"6":0.002122,"8":0.044562,"9":0.038196,"10":0.320422,"5.1":0.033952,"6.1":0.004244,"7.1":0.01061,"9.1":0.129442},"6":{"36":0.006366,"37":0.078514,"38":0.002122,"39":0.008488,"40":0.02122,"41":0.390448,"42":0.167638,"10.0-10.1":0,"12.1":0.055172},"7":{"8":0,"3.2":0,"4.0-4.1":0,"4.2-4.3":0,"5.0-5.1":0,"6.0-6.1":0,"7.0-7.1":0.0379634163826,"8.1-8.4":0.0576312104121,"9.0-9.2":0.0386495022208,"9.3":0.244932644252,"10.0-10.2":1.83482222673},"8":{"0":45.60702698},"9":{"3":0,"4":0.0800510392736,"2.1":0,"2.2":0,"2.3":0,"4.1":0.263024843328,"4.2-4.3":0.753133247044,"4.4":1.73661744383,"4.4.3-4.4.4":1.03576242652},"10":{"7":0.118185},"11":{"0":3.47914302003,"10":0,"11":0,"12":0,"11.1":0,"11.5":0,"12.1":0},"12":{"0":13.776288},"13":{"0":0.007879},"14":{"10":0.212733,"11":0.850932},"15":{"0":3.364333},"16":{"0":5.404994}}