{"1":{"7":0.0264056676385,"8":0.580924688047,"9":0.270658093294,"10":0.336672262391,"11":3.31391128863},"2":{"12":0.325274,"13":0.44212,"14":1.076878},"3":{"2":0.01579,"3":0.006316,"4":0.006316,"7":0.006316,"11":0.018948,"12":0.006316,"14":0.006316,"15":0.009474,"16":0.003158,"20":0.012632,"21":0.003158,"22":0.006316,"29":0.006316,"31":0.018948,"32":0.012632,"33":0.006316,"34":0.003158,"35":0.044212,"36":0.006316,"37":0.01579,"38":0.018948,"39":0.018948,"40":0.009474,"41":0.041054,"42":0.009474,"43":0.050528,"44":0.037896,"45":0.037896,"46":0.012632,"47":0.195796,"48":0.104214,"49":0.132636,"50":3.45801,"51":0.555808,"52":0.034738,"53":0.009474,"3.6":0.009474},"4":{"6":0.003158,"11":0.025264,"12":0.003158,"18":0.006316,"20":0.006316,"23":0.012632,"26":0.006316,"27":0.003158,"29":0.003158,"31":0.025264,"32":0.202112,"33":0.009474,"34":0.009474,"35":0.009474,"36":1.149512,"37":0.012632,"38":0.018948,"39":0.012632,"40":0.053686,"41":0.006316,"42":0.003158,"43":0.195796,"44":0.088424,"45":0.082108,"46":0.028422,"47":0.454752,"48":0.018948,"49":0.413698,"50":0.072634,"51":0.113688,"52":0.148426,"53":0.22106,"54":0.344222,"55":11.76355,"56":0.25264,"57":0.04737},"5":{"4":0,"5":0.009474,"7":0.009474,"8":0.066318,"9":0.154742,"10":0.609494,"5.1":0.060002,"6.1":0.006316,"7.1":0.009474,"9.1":0.233692},"6":{"34":0.006316,"36":0.009474,"37":0.037896,"38":0.012632,"39":0.009474,"40":0.012632,"41":0.034738,"42":0.713708,"10.0-10.1":0,"11.6":0.009474,"12.1":0.075792},"7":{"8":0,"3.2":0,"4.0-4.1":0,"4.2-4.3":0,"5.0-5.1":0,"6.0-6.1":0.0132920038433,"7.0-7.1":0.0624724180634,"8.1-8.4":0.0750998217145,"9.0-9.2":0.0338946098004,"9.3":0.29175948436,"10.0-10.2":2.63613666222},"8":{"0":24.6966970873},"9":{"3":0,"4":0.1054966745,"2.1":0,"2.2":0,"2.3":0,"4.1":0.341180734552,"4.2-4.3":1.03925447433,"4.4":2.35459599043,"4.4.3-4.4.4":1.3175861262},"10":{"7":0.1812865},"11":{"0":0.0540409126638,"10":0,"11":0,"12":0,"11.1":0,"11.5":0,"12.1":0},"12":{"0":20.095471},"13":{"0":0.020523},"14":{"10":0.260622174757,"11":1.23071582524},"15":{"0":5.992716},"16":{"0":7.696125}}