{"1":{"8":0.423801,"9":0.100905,"10":0.289261,"11":4.903983},"2":{"12":0.094178,"13":0.322896,"14":2.89261},"3":{"4":0.006727,"14":0.020181,"16":0.033635,"17":0.047089,"20":0.006727,"21":0.013454,"23":0.006727,"24":0.013454,"25":0.013454,"29":0.013454,"32":0.013454,"33":0.006727,"35":0.040362,"36":0.013454,"37":0.040362,"38":0.147994,"39":0.026908,"40":0.060543,"41":0.248899,"42":0.087451,"43":0.073997,"44":0.053816,"45":1.049412,"46":0.033635,"47":0.282534,"48":1.257949,"49":0.349804,"50":12.599671,"51":0.020181},"4":{"15":0.013454,"18":0.006727,"23":0.020181,"31":0.006727,"32":0.121086,"34":0.013454,"36":0.827421,"38":0.013454,"40":0.026908,"43":0.147994,"44":0.013454,"45":0.033635,"46":0.047089,"47":0.020181,"48":0.033635,"49":2.314088,"50":0.026908,"51":0.073997,"52":0.188356,"53":0.248899,"54":14.765765,"55":13.11765,"56":0.080724},"5":{"4":0.013454,"5":0.228718,"6":0.047089,"7":0.073997,"8":0.531433,"9":0.154721,"10":3.49804,"5.1":0.417074,"6.1":0.652519,"7.1":0.013454,"9.1":1.607753},"6":{"36":0.033635,"37":0.013454,"41":0.161448,"42":0.114359,"10.0-10.1":0,"12.1":0.060543},"7":{"8":0,"3.2":0,"4.0-4.1":0,"4.2-4.3":0,"5.0-5.1":0,"6.0-6.1":0,"7.0-7.1":0.169320360087,"8.1-8.4":0.257040546638,"9.0-9.2":0.172380366594,"9.3":1.09242232321,"10.0-10.2":8.18347740347},"8":{"0":0.1094765547},"9":{"3":0,"4":0.0501855392736,"2.1":0,"2.2":0,"2.3":0,"4.1":0.164895343328,"4.2-4.3":0.472153747044,"4.4":1.08871894383,"4.4.3-4.4.4":0.64933942652},"10":{"7":0.00409125},"11":{"0":0.00835144530046,"10":0,"11":0,"12":0,"11.1":0,"11.5":0,"12.1":0},"12":{"0":15.177912},"13":{"0":0.160377},"14":{"10":0.055641,"11":0.222564},"15":{"0":0.232383},"16":{"0":4.664025}}