{"1":{"7":0.006497,"8":0.630209,"9":0.12994,"10":0.207904,"11":5.041672},"2":{"12":0.110449,"13":0.311856,"14":3.014608},"3":{"14":0.025988,"16":0.006497,"17":0.032485,"20":0.006497,"24":0.006497,"25":0.012994,"26":0.038982,"34":0.019491,"35":0.012994,"36":0.025988,"37":0.045479,"38":0.051976,"39":0.045479,"40":0.006497,"41":0.240389,"42":0.038982,"43":0.12994,"44":0.071467,"45":0.877095,"46":0.019491,"47":0.168922,"48":0.545748,"49":0.149431,"50":9.933913,"51":1.208442,"3.6":0.006497},"4":{"12":0.006497,"20":0.051976,"22":0.012994,"25":0.032485,"31":0.006497,"32":0.220898,"35":0.051976,"36":0.84461,"38":0.071467,"39":0.006497,"40":0.032485,"41":0.012994,"43":0.077964,"44":0.012994,"45":0.038982,"46":0.012994,"47":0.045479,"48":0.071467,"49":1.663232,"50":0.012994,"51":0.058473,"52":0.116946,"53":0.168922,"54":0.623712,"55":29.314464,"56":0.922574,"57":0.051976},"5":{"4":0.006497,"5":0.077964,"6":0.006497,"7":0.019491,"8":0.363832,"9":0.19491,"10":3.345955,"5.1":0.19491,"6.1":0.181916,"7.1":0.012994,"9.1":1.007035},"6":{"36":0.006497,"37":0.012994,"42":0.285868,"10.0-10.1":0,"12.1":0.032485},"7":{"8":0,"3.2":0,"4.0-4.1":0,"4.2-4.3":0,"5.0-5.1":0,"6.0-6.1":0.040179600726,"7.0-7.1":0.188844123412,"8.1-8.4":0.227014744102,"9.0-9.2":0.102457981851,"9.3":0.881942235935,"10.0-10.2":7.96861931397},"8":{"0":0.115346600437},"9":{"3":0,"4":0.0510114847694,"2.1":0,"2.2":0,"2.3":0,"4.1":0.164973312446,"4.2-4.3":0.502517392515,"4.4":1.13853292602,"4.4.3-4.4.4":0.637100884247},"10":{"7":0.017515},"11":{"0":0.000252399563319,"10":0,"11":0,"12":0,"11.1":0,"11.5":0,"12.1":0},"12":{"0":18.023502},"13":{"0":0.080569},"14":{"10":0.0655026990291,"11":0.309318300971},"15":{"0":0.224192},"16":{"0":4.511864}}