{"1":{"6":0.00293650582363,"7":0.00489417637271,"8":0.207513078203,"9":0.0773279866889,"10":0.0900528452579,"11":0.793835407654},"2":{"12":0.06685,"13":0.04393,"14":0.07258},"3":{"3":0.157575,"4":0.00191,"5":0.000955,"7":0.00382,"8":0.01337,"9":0.002865,"10":0.00191,"11":0.002865,"12":0.031515,"13":0.004775,"14":0.027695,"15":0.04584,"16":0.01337,"17":0.01146,"18":0.00382,"19":0.00382,"21":0.004775,"22":0.000955,"23":0.00573,"24":0.002865,"25":0.006685,"26":0.004775,"27":0.000955,"28":0.00382,"29":0.00573,"30":0.02674,"31":0.00573,"33":0.02674,"34":0.014325,"35":0.00955,"36":0.00955,"37":0.035335,"38":0.0191,"39":0.01146,"40":0.01528,"41":0.00573,"42":0.035335,"43":0.06112,"44":0.01528,"45":0.048705,"46":0.05539,"47":0.237795,"48":0.0764,"49":0.0764,"50":0.228245,"51":1.62159,"52":0.039155,"53":0.004775,"3.5":0.00382,"3.6":0.006685},"4":{"5":0.014325,"11":0.031515,"16":0.012415,"17":0.000955,"18":0.002865,"19":0.00573,"21":0.00573,"23":0.00191,"26":0.004775,"28":0.00191,"29":0.004775,"30":0.01146,"31":0.0191,"32":0.11651,"33":0.006685,"35":0.00191,"36":0.25976,"38":0.002865,"40":0.006685,"41":0.00382,"42":0.00191,"43":0.02865,"44":0.002865,"45":0.249255,"46":0.002865,"47":0.014325,"48":0.02101,"49":0.109825,"50":0.039155,"51":0.0382,"52":0.042975,"53":0.065895,"54":0.021965,"55":0.615975,"56":1.63496,"57":0.00382,"58":0.00382},"5":{"4":0,"7":0.00382,"8":0.06685,"9":0.00764,"10":0.10505,"5.1":0.018145,"6.1":0.00191,"7.1":0.002865,"9.1":0.012415},"6":{"12":0.00191,"17":0.000955,"19":0.00191,"21":0.000955,"22":0.000955,"27":0.00191,"28":0.000955,"30":0.006685,"32":0.002865,"35":0.004775,"36":0.02483,"37":0.01337,"39":0.00573,"40":0.00191,"41":0.00191,"42":0.07449,"43":0.121285,"10.0-10.1":0,"10.5":0.000955,"11.6":0.00191,"12.1":0.000955},"7":{"8":0,"3.2":0,"4.0-4.1":0,"4.2-4.3":0,"5.0-5.1":0,"6.0-6.1":0.00554408116711,"7.0-7.1":0.0244776413793,"8.1-8.4":0.0333690923077,"9.0-9.2":0.00659013421751,"9.3":0.0904835888594,"10.0-10.2":0.825440462069},"8":{"0":20.9385825328},"9":{"3":0,"4":0.198628507653,"2.1":0,"2.2":0,"2.3":0,"4.1":0.595885522959,"4.2-4.3":1.91875138393,"4.4":4.23873235332,"4.4.3-4.4.4":2.39148723214},"10":{"7":0.0497475},"11":{"0":0.0458174672489,"10":0,"11":0,"12":0,"11.1":0,"11.5":0,"12.1":0},"12":{"0":41.03042},"13":{"0":0.57888},"14":{"10":0.211811067961,"11":1.00021893204},"15":{"0":15.439815},"16":{"0":1.13967},"17":{}}