{"1":{"6":0.0037403046532,"7":0.00213731694469,"8":0.0951106040386,"9":0.0181671940299,"10":0.0662568252853,"11":0.423188755048},"2":{"12":0.013286,"13":0.030149,"14":0.032193},"3":{"2":0.001022,"3":0.097601,"4":0.003066,"5":0.004599,"6":0.005621,"7":0.001022,"8":0.003066,"9":0.001022,"10":0.006132,"11":0.012775,"12":0.027594,"13":0.006132,"14":0.032704,"15":0.050589,"16":0.022484,"17":0.00511,"18":0.005621,"19":0.009709,"20":0.009198,"21":0.006643,"22":0.004088,"23":0.001022,"24":0.002555,"25":0.00511,"26":0.00511,"28":0.000511,"29":0.006132,"30":0.008176,"31":0.005621,"32":0.001533,"33":0.013286,"34":0.009198,"35":0.011242,"36":0.007154,"37":0.013797,"38":0.01022,"39":0.013797,"40":0.009198,"41":0.01022,"42":0.013286,"43":0.090958,"44":0.022995,"45":0.016863,"46":0.01533,"47":0.182938,"48":0.048034,"49":0.116508,"50":0.806869,"51":0.018907,"52":0.001022,"3.5":0.002555,"3.6":0.012775},"4":{"6":0.001022,"9":0.005621,"10":0.000511,"11":0.022484,"12":0.005621,"13":0.002555,"15":0.000511,"16":0.008687,"18":0.003066,"19":0.002555,"20":0.001022,"21":0.006643,"22":0.002044,"26":0.001533,"28":0.000511,"30":0.009198,"31":0.028616,"32":0.094024,"33":0.001533,"36":0.024017,"37":0.001533,"38":0.003066,"39":0.001533,"40":0.001533,"41":0.002555,"42":0.001022,"43":0.010731,"44":0.001533,"45":0.104755,"46":0.001533,"47":0.003577,"48":0.016352,"49":0.04088,"50":0.055188,"51":0.014819,"52":0.02555,"53":0.022484,"54":0.433328,"55":0.456834,"56":0.001022,"57":0.004599},"5":{"4":0,"5":0.001022,"7":0.001022,"8":0.006132,"9":0.001022,"10":0.013286,"5.1":0.006643,"6.1":0.002044,"7.1":0.000511,"9.1":0.009709},"6":{"15":0.000511,"17":0.003577,"18":0.001533,"19":0.003066,"21":0.001533,"22":0.001533,"26":0.001022,"27":0.000511,"28":0.000511,"29":0.001533,"30":0.007154,"32":0.001022,"33":0.001022,"35":0.006132,"36":0.029127,"37":0.038836,"38":0.001533,"39":0.001022,"40":0.001533,"41":0.089425,"42":0.043435,"10.0-10.1":0,"10.6":0.000511,"11.6":0.003577,"12.1":0.001533},"7":{"8":0,"3.2":0,"4.0-4.1":0,"4.2-4.3":0,"5.0-5.1":0,"6.0-6.1":0,"7.0-7.1":0.00764726557174,"8.1-8.4":0.0116091019523,"9.0-9.2":0.00778546916641,"9.3":0.0493386832972,"10.0-10.2":0.369602480012},"8":{"0":55.9314703359},"9":{"3":0,"4":0.0999430527872,"2.1":0,"2.2":0,"2.3":0,"4.1":0.328384316301,"4.2-4.3":0.940280557855,"4.4":2.16815234924,"4.4.3-4.4.4":1.29314072382},"10":{"7":0.0332115},"11":{"0":4.2667456641,"10":0,"11":0,"12":0,"11.1":0,"11.5":0,"12.1":0},"12":{"0":16.545103},"13":{"0":0.246714},"14":{"10":0.123357,"11":0.493428},"15":{"0":11.756871},"16":{"0":0.588318}}