{"1":{"7":0.591643,"8":1.491607,"9":1.783262,"10":0.591643,"11":16.666},"2":{"13":0.299988},"3":{"4":0.591643,"5":0.299988,"6":0.591643,"36":0.591643,"43":0.299988,"48":2.383238,"49":5.949762,"50":12.799488},"4":{"16":0.591643,"18":1.491607,"25":0.891631,"35":0.591643,"41":3.574857,"48":0.299988,"50":0.891631,"52":3.574857,"53":7.741357,"54":5.949762,"55":6.549738},"5":{"4":0,"10":0.299988,"5.1":0.591643,"9.1":2.974881},"6":{"28":0.591643,"10.0-10.1":0},"7":{"8":0,"3.2":0,"4.0-4.1":0,"4.2-4.3":0,"5.0-5.1":0,"6.0-6.1":0,"7.0-7.1":0.0190655483938,"8.1-8.4":0.0289428806941,"9.0-9.2":0.0194101064973,"9.3":0.12300724295,"10.0-10.2":0.921463221465},"8":{"0":0},"9":{"3":0,"4":0,"2.1":0,"2.2":0,"2.3":0,"4.1":0,"4.2-4.3":0,"4.4":0,"4.4.3-4.4.4":0},"10":{"7":0},"11":{"0":0,"10":0,"11":0,"12":0,"11.1":0,"11.5":0,"12.1":0},"12":{"0":13.336},"13":{"0":0.555111},"14":{"10":0,"11":0},"15":{},"16":{"0":1.667}}