{"1":{"6":0.232291473613,"7":0.903355730717,"8":4.99426668268,"9":2.72297227402,"10":2.72297227402,"11":7.49785256495},"2":{},"3":{"21":0.474827,"37":0.788392,"41":0.161262,"47":1.738046,"48":1.415522,"49":5.205179,"50":23.813022},"4":{"27":0.313565,"33":0.474827,"41":1.890349,"43":0.161262,"48":1.415522,"51":0.313565,"52":10.410358,"53":1.738046,"54":7.731617,"55":11.673577},"5":{"4":0,"10":0.161262},"6":{"28":0.161262,"10.0-10.1":0},"7":{"8":0,"3.2":0,"4.0-4.1":0,"4.2-4.3":0,"5.0-5.1":0,"6.0-6.1":0.00610352514145,"7.0-7.1":0.0286865681648,"8.1-8.4":0.0344849170492,"9.0-9.2":0.0155639891107,"9.3":0.133972376855,"10.0-10.2":1.21048162368},"8":{"0":0.20359050655},"9":{"3":0,"4":0,"2.1":0,"2.2":0,"2.3":0,"4.1":0,"4.2-4.3":0,"4.4":0,"4.4.3-4.4.4":0},"10":{"7":0},"11":{"0":0.000445493449782,"10":0,"11":0,"12":0,"11.1":0,"11.5":0,"12.1":0},"12":{"0":7.348419},"13":{"0":0.204036},"14":{"10":0.0713135533981,"11":0.336758446602},"15":{"0":0.204036},"16":{"0":0.612108}}