{"1":{"8":0.425449,"10":0.281229,"11":10.564115},"2":{},"3":{"36":0.14422,"41":0.281229,"47":0.562458,"48":0.425449,"49":3.237739,"50":4.788104,"51":8.732521},"4":{"29":0.987907,"41":0.281229,"52":1.687374,"54":5.069333,"55":7.182156,"56":26.760021},"5":{"4":0},"6":{"12":0.14422,"28":0.14422,"10.0-10.1":0,"12.1":0.14422},"7":{"8":0,"3.2":0,"4.0-4.1":0,"4.2-4.3":0,"5.0-5.1":0,"6.0-6.1":0.0361845423873,"7.0-7.1":0.159758168276,"8.1-8.4":0.217789981538,"9.0-9.2":0.0430118145358,"9.3":0.590559040849,"10.0-10.2":5.38740045241},"8":{"0":0},"9":{"3":0,"4":0.017543537415,"2.1":0,"2.2":0,"2.3":0,"4.1":0.0526306122449,"4.2-4.3":0.169470571429,"4.4":0.374379088435,"4.4.3-4.4.4":0.211224190476},"10":{"7":0.165189},"11":{"0":0,"10":0,"11":0,"12":0,"11.1":0,"11.5":0,"12.1":0},"12":{"0":11.856608},"13":{},"14":{"10":1.18200372816,"11":5.58168427184},"15":{},"16":{"0":1.486004},"17":{}}