{"1":{"6":0.00204217829457,"8":0.0796449534884,"9":0.0306326744186,"10":0.0714762403101,"11":0.343085953488},"2":{"12":0.062341,"13":0.054297,"14":0.10055},"3":{"3":0.016088,"4":0.018099,"5":0.002011,"6":0.002011,"7":0.034187,"8":0.004022,"9":0.002011,"10":0.014077,"11":0.016088,"12":0.016088,"13":0.042231,"14":0.006033,"15":0.066363,"16":0.014077,"17":0.006033,"18":0.014077,"19":0.034187,"20":0.006033,"21":0.008044,"22":0.008044,"23":0.006033,"24":0.004022,"25":0.008044,"26":0.008044,"27":0.008044,"28":0.006033,"29":0.028154,"30":0.026143,"31":0.014077,"32":0.014077,"33":0.014077,"34":0.02011,"35":0.032176,"36":0.024132,"37":0.022121,"38":0.036198,"39":0.026143,"40":0.04022,"41":0.090495,"42":0.078429,"43":0.271485,"44":0.26143,"45":0.158869,"46":0.166913,"47":0.534926,"48":0.416277,"49":0.725971,"50":1.661086,"51":3.35837,"52":0.520849,"53":0.008044,"3.6":0.022121},"4":{"9":0.002011,"11":0.028154,"15":0.022121,"16":0.004022,"19":0.006033,"20":0.006033,"21":0.02011,"22":0.016088,"23":0.050275,"24":0.002011,"25":0.006033,"26":0.04022,"27":0.006033,"28":0.012066,"29":0.010055,"30":0.010055,"31":0.076418,"32":0.014077,"33":0.026143,"34":0.004022,"35":0.002011,"36":0.014077,"37":0.006033,"38":0.004022,"39":0.008044,"40":0.008044,"41":0.002011,"42":0.006033,"43":0.038209,"44":0.006033,"45":0.010055,"46":0.010055,"47":0.024132,"48":0.010055,"49":0.128704,"50":0.062341,"51":0.054297,"52":0.058319,"53":0.134737,"54":0.136748,"55":1.321227,"56":3.728394,"57":0.038209,"58":0.026143},"5":{"4":0,"7":0.004022,"8":0.012066,"9":0.008044,"10":0.066363,"5.1":0.004022,"6.1":0.008044,"7.1":0.096528,"9.1":0.018099},"6":{"12":0.008044,"15":0.004022,"18":0.004022,"19":0.006033,"22":0.002011,"28":0.002011,"29":0.006033,"30":0.006033,"32":0.006033,"33":0.008044,"34":0.008044,"35":0.016088,"36":0.008044,"37":0.066363,"38":0.006033,"39":0.004022,"40":0.006033,"41":0.010055,"42":0.130715,"43":0.191045,"9.5-9.6":0.002011,"10.0-10.1":0,"11.5":0.006033,"11.6":0.004022,"12.1":0.012066},"7":{"8":0,"3.2":0,"4.0-4.1":0,"4.2-4.3":0,"5.0-5.1":0,"6.0-6.1":0.00682858185676,"7.0-7.1":0.0301488331034,"8.1-8.4":0.0411003323077,"9.0-9.2":0.00811699352785,"9.3":0.111447609549,"10.0-10.2":1.01668564966},"8":{"0":35.4893707336},"9":{"3":0,"4":0.0630084821429,"2.1":0,"2.2":0,"2.3":0,"4.1":0.189025446429,"4.2-4.3":0.6086619375,"4.4":1.34460100893,"4.4.3-4.4.4":0.758622125},"10":{"7":0.8907735},"11":{"0":0.0776572663755,"10":0,"11":0,"12":0,"11.1":0,"11.5":0,"12.1":0},"12":{"0":25.784105},"13":{"0":0.327549},"14":{"10":0.294584679612,"11":1.39109432039},"15":{"0":8.324538},"16":{"0":0.894768},"17":{}}