{"1":{"8":0.247278834532,"9":0.163098805755,"10":0.136792546763,"11":0.91545781295},"2":{"12":0.110198,"13":0.140252,"14":0.515927},"3":{"3":0.015027,"19":0.005009,"20":0.005009,"21":0.015027,"22":0.005009,"26":0.010018,"27":0.005009,"29":0.005009,"30":0.005009,"31":0.010018,"32":0.010018,"33":0.030054,"34":0.010018,"35":0.015027,"36":0.025045,"37":0.015027,"38":0.05009,"39":0.110198,"40":0.035063,"41":0.020036,"42":0.055099,"43":0.135243,"44":0.015027,"45":0.060108,"46":0.030054,"47":0.255459,"48":0.135243,"49":0.125225,"50":0.265477,"51":4.392893,"52":0.060108,"53":0.005009,"3.6":0.015027},"4":{"11":0.045081,"18":0.020036,"21":0.020036,"22":0.010018,"23":0.010018,"26":0.030054,"27":0.015027,"29":0.020036,"30":0.005009,"31":0.040072,"32":0.015027,"33":0.005009,"34":0.010018,"35":0.025045,"36":0.070126,"37":0.030054,"38":0.035063,"39":0.05009,"40":0.025045,"41":0.030054,"42":0.010018,"43":0.095171,"44":0.035063,"45":0.05009,"46":0.035063,"47":0.060108,"48":0.065117,"49":1.046881,"50":0.080144,"51":0.20036,"52":0.115207,"53":0.305549,"54":0.280504,"55":8.249823,"56":26.357358,"57":0.110198,"58":0.015027},"5":{"4":0.005009,"5":0.005009,"6":0.010018,"8":0.065117,"9":0.095171,"10":0.956719,"5.1":0.020036,"6.1":0.025045,"9.1":0.370666,"10.1":0.005009},"6":{"28":0.010018,"29":0.025045,"32":0.005009,"33":0.010018,"36":0.010018,"37":0.025045,"38":0.015027,"40":0.010018,"41":0.015027,"42":0.125225,"43":0.285513,"10.0-10.1":0,"12.1":0.010018},"7":{"8":0,"3.2":0,"4.0-4.1":0,"4.2-4.3":0,"5.0-5.1":0,"6.0-6.1":0.0140302387268,"7.0-7.1":0.0619448275862,"8.1-8.4":0.0844461538462,"9.0-9.2":0.0166774535809,"9.3":0.228984084881,"10.0-10.2":2.08891724138},"8":{"0":4.72517045852},"9":{"3":0,"4":0.128568877551,"2.1":0,"2.2":0,"2.3":0,"4.1":0.385706632653,"4.2-4.3":1.24197535714,"4.4":2.74365984694,"4.4.3-4.4.4":1.54796928571},"10":{"7":0.01996},"11":{"0":0.0103395414847,"10":0,"11":0,"12":0,"11.1":0,"11.5":0,"12.1":0},"12":{"0":31.792456},"13":{"0":0.02994},"14":{"10":0.170047572816,"11":0.803002427184},"15":{"0":1.38722},"16":{"0":3.66266},"17":{}}