{"1":{"8":0.274519519481,"9":0.167761928571,"10":0.13725975974,"11":0.986236792208},"2":{"12":0.105666,"13":0.129681,"14":0.403452},"3":{"3":0.014409,"14":0.004803,"21":0.009606,"22":0.009606,"25":0.004803,"29":0.009606,"30":0.009606,"31":0.009606,"32":0.014409,"33":0.019212,"34":0.004803,"35":0.014409,"36":0.014409,"37":0.019212,"38":0.043227,"39":0.043227,"40":0.028818,"41":0.028818,"42":0.038424,"43":0.120075,"44":0.019212,"45":0.057636,"46":0.052833,"47":0.235347,"48":0.19212,"49":0.148893,"50":3.904839,"51":0.552345,"52":0.019212,"3.6":0.004803},"4":{"11":0.043227,"18":0.024015,"21":0.014409,"22":0.009606,"23":0.004803,"25":0.004803,"26":0.04803,"27":0.004803,"29":0.019212,"30":0.014409,"31":0.043227,"32":0.024015,"33":0.009606,"34":0.019212,"35":0.019212,"36":0.072045,"37":0.014409,"38":0.033621,"39":0.033621,"40":0.033621,"41":0.019212,"42":0.019212,"43":0.105666,"44":0.038424,"45":0.062439,"46":0.052833,"47":0.081651,"48":0.057636,"49":0.989418,"50":0.067242,"51":0.312195,"52":0.172908,"53":0.350619,"54":0.994221,"55":31.469256,"56":0.494709,"57":0.019212},"5":{"4":0.009606,"5":0.004803,"8":0.052833,"9":0.086454,"10":0.614784,"5.1":0.024015,"6.1":0.033621,"7.1":0.014409,"9.1":0.316998},"6":{"27":0.004803,"28":0.009606,"29":0.052833,"32":0.009606,"33":0.038424,"36":0.009606,"37":0.043227,"38":0.019212,"41":0.014409,"42":0.365028,"10.0-10.1":0},"7":{"8":0,"3.2":0,"4.0-4.1":0,"4.2-4.3":0,"5.0-5.1":0,"6.0-6.1":0.0116090701399,"7.0-7.1":0.0545626296573,"8.1-8.4":0.0655912462902,"9.0-9.2":0.0296031288566,"9.3":0.25481908957,"10.0-10.2":2.30236883549},"8":{"0":4.99474458079},"9":{"3":0,"4":0.132996869452,"2.1":0,"2.2":0,"2.3":0,"4.1":0.430117535248,"4.2-4.3":1.31016065013,"4.4":2.96837693734,"4.4.3-4.4.4":1.66104600783},"10":{"7":0.031188},"11":{"0":0.010929419214,"10":0,"11":0,"12":0,"11.1":0,"11.5":0,"12.1":0},"12":{"0":32.341665},"13":{"0":0.02599},"14":{"10":0.18803638835,"11":0.88794961165},"15":{"0":2.032418},"16":{"0":3.877708}}