{"1":{"8":0.282513555556,"9":0.159913333333,"10":0.154582888889,"11":1.03410622222},"2":{"12":0.083521,"13":0.127738,"14":0.348823},"3":{"3":0.014739,"12":0.004913,"13":0.004913,"14":0.014739,"21":0.019652,"22":0.014739,"23":0.004913,"24":0.004913,"25":0.004913,"28":0.004913,"29":0.009826,"30":0.009826,"31":0.009826,"32":0.004913,"33":0.014739,"34":0.004913,"35":0.014739,"36":0.019652,"37":0.019652,"38":0.034391,"39":0.034391,"40":0.029478,"41":0.024565,"42":0.024565,"43":0.157216,"44":0.024565,"45":0.068782,"46":0.044217,"47":0.299693,"48":0.142477,"49":0.240737,"50":4.303788,"51":0.034391,"52":0.019652,"3.6":0.004913},"4":{"11":0.034391,"18":0.029478,"21":0.009826,"22":0.014739,"23":0.009826,"25":0.004913,"26":0.024565,"27":0.014739,"29":0.024565,"30":0.014739,"31":0.024565,"32":0.009826,"33":0.004913,"34":0.024565,"35":0.024565,"36":0.029478,"37":0.024565,"38":0.04913,"39":0.024565,"40":0.068782,"41":0.029478,"42":0.014739,"43":0.137564,"44":0.039304,"45":0.112999,"46":0.058956,"47":0.09826,"48":0.063869,"49":1.085773,"50":0.103173,"51":0.284954,"52":0.309519,"53":0.363562,"54":18.246882,"55":15.028867,"56":0.073695,"57":0.024565},"5":{"4":0.004913,"5":0.004913,"7":0.009826,"8":0.04913,"9":0.132651,"10":0.530604,"5.1":0.019652,"6.1":0.014739,"7.1":0.034391,"9.1":0.319345},"6":{"27":0.004913,"28":0.009826,"29":0.063869,"32":0.004913,"33":0.034391,"36":0.014739,"37":0.083521,"38":0.039304,"40":0.004913,"41":0.280041,"42":0.127738,"10.0-10.1":0,"12.1":0.004913},"7":{"8":0,"3.2":0,"4.0-4.1":0,"4.2-4.3":0,"5.0-5.1":0,"6.0-6.1":0,"7.0-7.1":0.0479652721826,"8.1-8.4":0.0728147505423,"9.0-9.2":0.048832114451,"9.3":0.309462689805,"10.0-10.2":2.31822517302},"8":{"0":5.69896879507},"9":{"3":0,"4":0.139446178209,"2.1":0,"2.2":0,"2.3":0,"4.1":0.458180299831,"4.2-4.3":1.31193241132,"4.4":3.02512831503,"4.4.3-4.4.4":1.80426279561},"10":{"7":0.0317875},"11":{"0":0.434747204931,"10":0,"11":0,"12":0,"11.1":0,"11.5":0,"12.1":0},"12":{"0":30.322798},"13":{"0":0.02543},"14":{"10":0.2278528,"11":0.9114112},"15":{"0":1.825874},"16":{"0":3.631404}}