{"1":{"6":0.0174446057372,"7":0.0116297371581,"8":0.151186583055,"9":0.296558297532,"10":0.191890663109,"11":8.04777811341},"2":{"12":0.080976,"13":0.381744,"14":3.597648},"3":{"16":0.011568,"20":0.034704,"21":0.005784,"24":0.005784,"29":0.005784,"30":0.011568,"31":0.017352,"32":0.011568,"33":0.005784,"34":0.017352,"35":0.011568,"36":0.011568,"37":0.017352,"38":0.063624,"39":0.023136,"40":0.023136,"41":0.023136,"42":0.034704,"43":0.08676,"44":0.05784,"45":0.179304,"46":0.080976,"47":0.323904,"48":0.283416,"49":0.237144,"50":6.292992,"51":0.063624,"53":0.011568,"3.6":0.011568},"4":{"11":0.011568,"18":0.005784,"22":0.011568,"23":0.023136,"24":0.011568,"28":0.005784,"29":0.011568,"31":0.017352,"32":0.017352,"33":0.011568,"34":0.011568,"35":0.02892,"36":0.040488,"37":0.02892,"38":0.040488,"39":0.05784,"40":0.023136,"41":0.023136,"42":0.017352,"43":0.075192,"44":0.034704,"45":0.052056,"46":0.040488,"47":0.046272,"48":0.20244,"49":0.98328,"50":0.156168,"51":0.52056,"52":0.179304,"53":0.254496,"54":13.927872,"55":12.03072,"56":0.075192,"57":0.023136},"5":{"4":0.005784,"5":0.02892,"6":0.005784,"7":0.023136,"8":0.161952,"9":0.219792,"10":3.0366,"5.1":0.104112,"6.1":0.069408,"7.1":0.011568,"9.1":0.908088},"6":{"28":0.011568,"36":0.023136,"37":0.005784,"38":0.05784,"40":0.005784,"41":0.561048,"42":0.358608,"43":0.052056,"10.0-10.1":0,"12.1":0.023136},"7":{"8":0,"3.2":0,"4.0-4.1":0,"4.2-4.3":0,"5.0-5.1":0,"6.0-6.1":0,"7.0-7.1":0.259661088937,"8.1-8.4":0.394184303688,"9.0-9.2":0.264353759219,"9.3":1.67528329067,"10.0-10.2":12.5497645575},"8":{"0":0.42315548228},"9":{"3":0,"4":0.0265272094595,"2.1":0,"2.2":0,"2.3":0,"4.1":0.0871608310811,"4.2-4.3":0.249572317568,"4.4":0.575478033784,"4.4.3-4.4.4":0.343229608108},"10":{"7":0.008434},"11":{"0":0.0322805177196,"10":0,"11":0,"12":0,"11.1":0,"11.5":0,"12.1":0},"12":{"0":17.787929},"13":{"0":0.050604},"14":{"10":0.0666286,"11":0.2665144},"15":{"0":0.915089},"16":{"0":6.064046}}