{"1":{"6":0.0114517459893,"7":0.0114517459893,"8":0.120243332888,"9":0.257664284759,"10":0.166050316845,"11":7.99904457353},"2":{"12":0.074139,"13":0.28515,"14":4.043427},"3":{"16":0.005703,"24":0.005703,"29":0.005703,"30":0.028515,"31":0.017109,"32":0.011406,"33":0.005703,"34":0.005703,"35":0.011406,"36":0.011406,"37":0.011406,"38":0.062733,"39":0.017109,"40":0.017109,"41":0.051327,"42":0.034218,"43":0.05703,"44":0.051327,"45":0.558894,"46":0.051327,"47":0.211011,"48":0.233823,"49":0.096951,"50":0.382101,"51":5.703,"52":0.05703,"53":0.011406},"4":{"11":0.011406,"18":0.017109,"22":0.005703,"24":0.011406,"28":0.005703,"29":0.011406,"31":0.022812,"32":0.017109,"33":0.005703,"34":0.017109,"35":0.022812,"36":0.034218,"37":0.028515,"38":0.034218,"39":0.034218,"40":0.017109,"41":0.051327,"42":0.039921,"43":0.068436,"44":0.039921,"45":0.034218,"46":0.028515,"47":0.039921,"48":0.148278,"49":0.804123,"50":0.096951,"51":0.34218,"52":0.102654,"53":0.125466,"54":0.205308,"55":6.940551,"56":19.681053,"57":0.102654,"58":0.028515},"5":{"4":0,"5":0.028515,"6":0.011406,"7":0.022812,"8":0.142575,"9":0.17109,"10":3.490236,"5.1":0.079842,"6.1":0.051327,"7.1":0.005703,"9.1":0.74139,"10.1":0.022812},"6":{"36":0.017109,"37":0.005703,"38":0.034218,"41":0.017109,"42":0.393507,"43":0.804123,"44":0.062733,"10.0-10.1":0,"12.1":0.022812},"7":{"8":0,"3.2":0,"4.0-4.1":0,"4.2-4.3":0,"5.0-5.1":0,"6.0-6.1":0.0894015921485,"7.0-7.1":0.394716463448,"8.1-8.4":0.538096375385,"9.0-9.2":0.106269817082,"9.3":1.45910145676,"10.0-10.2":13.3107162952},"8":{"0":0.257316943231},"9":{"3":0,"4":0.0217458333333,"2.1":0,"2.2":0,"2.3":0,"4.1":0.0652375,"4.2-4.3":0.21006475,"4.4":0.464056083333,"4.4.3-4.4.4":0.261819833333},"10":{"7":0.006447},"11":{"0":0.000563056768559,"10":0,"11":0,"12":0,"11.1":0,"11.5":0,"12.1":0},"12":{"0":17.891993},"13":{"0":0.051576},"14":{"10":0.0488219417476,"11":0.230548058252},"15":{"0":0.872494},"16":{"0":6.528662},"17":{}}