{"1":{"6":0.0129483179811,"7":0.00647415899054,"8":0.103586543849,"9":0.135957338801,"10":0.155379815773,"11":9.84719582461},"2":{"12":0.051728,"13":0.310368,"14":3.336456},"3":{"21":0.03233,"28":0.006466,"31":0.006466,"33":0.006466,"35":0.006466,"36":0.006466,"37":0.071126,"38":0.019398,"39":0.012932,"40":0.006466,"41":0.012932,"42":0.012932,"43":0.025864,"44":0.012932,"45":0.187514,"46":0.03233,"47":0.071126,"48":0.181048,"49":0.077592,"50":0.400892,"51":4.94649,"52":0.03233,"3.6":0.025864},"4":{"8":0.012932,"22":0.006466,"27":0.006466,"29":0.012932,"31":0.019398,"32":0.012932,"34":0.025864,"35":0.019398,"36":0.051728,"37":0.019398,"38":0.03233,"39":0.03233,"40":0.012932,"41":0.058194,"42":0.006466,"43":0.038796,"44":0.045262,"45":0.038796,"46":0.058194,"47":0.058194,"48":0.058194,"49":0.704794,"50":0.051728,"51":0.206912,"52":0.103456,"53":0.174582,"54":0.368562,"55":9.841252,"56":22.837912,"57":0.103456,"58":0.045262},"5":{"4":0,"5":0.019398,"7":0.03233,"8":0.316834,"9":0.245708,"10":4.545598,"5.1":0.06466,"6.1":0.045262,"7.1":0.006466,"9.1":1.894538,"10.1":0.03233},"6":{"28":0.038796,"36":0.025864,"38":0.012932,"42":0.588406,"43":0.627202,"10.0-10.1":0,"10.5":0.012932,"12.1":0.09699},"7":{"8":0,"3.2":0,"4.0-4.1":0,"4.2-4.3":0,"5.0-5.1":0,"6.0-6.1":0.100218990557,"7.0-7.1":0.442476297931,"8.1-8.4":0.603204867692,"9.0-9.2":0.119128234058,"9.3":1.63564956286,"10.0-10.2":14.9212840469},"8":{"0":0.952096637555},"9":{"3":0,"4":0.00961632653061,"2.1":0,"2.2":0,"2.3":0,"4.1":0.0288489795918,"4.2-4.3":0.0928937142857,"4.4":0.205212408163,"4.4.3-4.4.4":0.115780571429},"10":{"7":0.0079515},"11":{"0":0.00208336244541,"10":0,"11":0,"12":0,"11.1":0,"11.5":0,"12.1":0},"12":{"0":11.435344},"13":{"0":0.03534},"14":{"10":0.0401434951456,"11":0.189566504854},"15":{"0":0.05301},"16":{"0":4.163052},"17":{}}