{"1":{"6":0.0131454198473,"7":0.00657270992366,"8":0.12488148855,"9":0.203754007634,"10":0.170890458015,"11":10.674080916},"2":{"12":0.059085,"13":0.35451,"14":3.170895},"3":{"21":0.03939,"25":0.006565,"29":0.006565,"30":0.006565,"31":0.01313,"33":0.01313,"35":0.006565,"36":0.006565,"37":0.07878,"38":0.02626,"39":0.01313,"40":0.01313,"41":0.01313,"42":0.01313,"43":0.03939,"44":0.02626,"45":0.1313,"46":0.032825,"47":0.124735,"48":0.18382,"49":0.216645,"50":5.140395,"51":0.02626,"3.6":0.032825},"4":{"8":0.01313,"22":0.006565,"27":0.01313,"29":0.01313,"31":0.02626,"32":0.01313,"33":0.01313,"34":0.03939,"35":0.032825,"36":0.045955,"37":0.02626,"38":0.032825,"39":0.032825,"40":0.019695,"41":0.07878,"42":0.01313,"43":0.05252,"44":0.05252,"45":0.059085,"46":0.059085,"47":0.06565,"48":0.06565,"49":0.80093,"50":0.072215,"51":0.27573,"52":0.17069,"53":0.36764,"54":15.605005,"55":13.346645,"56":0.09191,"57":0.02626},"5":{"4":0,"5":0.019695,"6":0.006565,"7":0.045955,"8":0.30199,"9":0.27573,"10":3.617315,"5.1":0.07878,"6.1":0.06565,"7.1":0.01313,"9.1":1.41804},"6":{"12":0.006565,"28":0.05252,"36":0.032825,"37":0.01313,"38":0.02626,"41":0.873145,"42":0.34138,"10.0-10.1":0,"10.5":0.01313,"12.1":4.785885},"7":{"8":0,"3.2":0,"4.0-4.1":0,"4.2-4.3":0,"5.0-5.1":0,"6.0-6.1":0,"7.0-7.1":0.279892358227,"8.1-8.4":0.424896832972,"9.0-9.2":0.284950653858,"9.3":1.80581154013,"10.0-10.2":13.5275686148},"8":{"0":2.34896838213},"9":{"3":0,"4":0.0111593982264,"2.1":0,"2.2":0,"2.3":0,"4.1":0.0366665941723,"4.2-4.3":0.104989440456,"4.4":0.242090618666,"4.4.3-4.4.4":0.14438894848},"10":{"7":0.010305},"11":{"0":0.179191617874,"10":0,"11":0,"12":0,"11.1":0,"11.5":0,"12.1":0},"12":{"0":10.67858},"13":{"0":0.037785},"14":{"10":0.053586,"11":0.214344},"15":{"0":0.04809},"16":{"0":3.761325}}