{"1":{"6":0.00741388505747,"7":0.0148277701149,"8":0.155691586207,"9":0.0444833103448,"10":0.0667249655172,"11":0.355866482759},"2":{"12":0.092144,"13":0.074424,"14":0.187832},"3":{"3":0.042528,"4":0.01772,"5":0.014176,"6":0.01772,"8":0.003544,"9":0.010632,"10":0.007088,"11":0.014176,"12":0.028352,"13":0.010632,"14":0.01772,"15":0.010632,"16":0.007088,"17":0.010632,"18":0.007088,"19":0.007088,"20":0.003544,"21":0.010632,"22":0.010632,"23":0.014176,"24":0.003544,"25":0.010632,"26":0.003544,"27":0.007088,"28":0.007088,"29":0.024808,"30":0.01772,"31":0.03544,"32":0.024808,"33":0.024808,"34":0.01772,"35":0.021264,"36":0.024808,"37":0.021264,"38":0.042528,"39":0.03544,"40":0.021264,"41":0.021264,"42":0.024808,"43":0.1772,"44":0.237448,"45":0.077968,"46":0.060248,"47":0.3544,"48":0.134672,"49":0.226816,"50":4.210272,"51":0.694624,"52":0.010632,"3.5":0.003544,"3.6":0.010632},"4":{"4":0.003544,"5":0.007088,"6":0.007088,"7":0.003544,"8":0.007088,"9":0.007088,"10":0.007088,"11":0.028352,"12":0.042528,"13":0.007088,"14":0.010632,"15":0.007088,"16":0.014176,"17":0.046072,"18":0.007088,"19":0.060248,"20":0.024808,"21":0.010632,"22":0.028352,"23":0.014176,"24":0.03544,"25":0.028352,"26":0.021264,"27":0.031896,"28":0.046072,"29":0.031896,"30":0.102776,"31":0.1772,"32":0.3544,"33":0.134672,"34":0.014176,"35":0.003544,"36":0.077968,"38":0.010632,"39":0.01772,"40":0.014176,"41":0.010632,"42":0.014176,"43":0.219728,"44":0.028352,"45":0.021264,"46":0.024808,"47":0.056704,"48":0.038984,"49":0.878912,"50":0.049616,"51":0.219728,"52":0.379208,"53":0.205552,"54":9.636136,"55":11.365608,"56":0.219728,"57":0.120496},"5":{"4":0,"7":0.007088,"8":0.031896,"9":0.028352,"10":0.28352,"5.1":0.021264,"6.1":0.007088,"7.1":0.003544,"9.1":0.092144},"6":{"18":0.003544,"34":0.003544,"36":0.021264,"37":0.021264,"38":0.014176,"39":0.010632,"40":0.007088,"41":0.365032,"42":0.202008,"10.0-10.1":0,"11.6":0.010632,"12.1":0.010632},"7":{"8":0,"3.2":0,"4.0-4.1":0,"4.2-4.3":0,"5.0-5.1":0,"6.0-6.1":0,"7.0-7.1":0.0740589426712,"8.1-8.4":0.112426828633,"9.0-9.2":0.0753973572978,"9.3":0.477814021692,"10.0-10.2":3.57936684971},"8":{"0":16.3996525609},"9":{"3":0,"4":0.092044347973,"2.1":0,"2.2":0,"2.3":0,"4.1":0.302431429054,"4.2-4.3":0.865968253378,"4.4":1.99679881419,"4.4.3-4.4.4":1.19094115541},"10":{"7":0.00807},"11":{"0":1.25105143914,"10":0,"11":0,"12":0,"11.1":0,"11.5":0,"12.1":0},"12":{"0":28.118832},"13":{"0":0.012912},"14":{"10":0.0619776,"11":0.2479104},"15":{"0":7.689096},"16":{"0":2.136936}}