{"1":{"8":13.124656,"9":2.324064,"10":0.036032,"11":60.44368},"2":{"12":0.054048,"13":0.117104,"14":0.189168},"3":{"14":1.747552,"21":0.04504,"22":2.909584,"27":0.018016,"37":0.027024,"38":0.027024,"48":0.018016,"51":4.576064},"4":{"11":0.027024,"27":0.018016,"28":0.027024,"35":0.063056,"36":0.009008,"41":0.027024,"49":0.04504,"52":0.018016,"54":0.04504,"55":0.864768,"56":2.828512},"5":{"4":0,"9":0.009008,"10":0.198176,"9.1":0.009008},"6":{"12":0.009008,"28":0.018016,"10.0-10.1":0,"12.1":0.009008},"7":{"8":0,"3.2":0,"4.0-4.1":0,"4.2-4.3":0,"5.0-5.1":0,"6.0-6.1":0.00127186503979,"7.0-7.1":0.00561540413793,"8.1-8.4":0.00765518769231,"9.0-9.2":0.0015118395756,"9.3":0.0207577973475,"10.0-10.2":0.189363906207},"8":{"0":0.724558532751},"9":{"3":0,"4":0.0117462585034,"2.1":0,"2.2":0,"2.3":0,"4.1":0.0352387755102,"4.2-4.3":0.113468857143,"4.4":0.250665156463,"4.4.3-4.4.4":0.141424952381},"10":{"7":0.002976},"11":{"0":0.00158546724891,"10":0,"11":0,"12":0,"11.1":0,"11.5":0,"12.1":0},"12":{"0":5.944384},"13":{"0":0.006944},"14":{"10":0.0428197281553,"11":0.202204271845},"15":{"0":1.804448},"16":{"0":0.432512},"17":{}}