{"1":{"8":1.35938109577,"9":1.67875376285,"10":0.0655123419651,"11":62.9901167994},"2":{"13":0.130976,"14":0.12279},"3":{"14":1.997384,"21":0.016372,"24":0.008186,"25":0.032744,"26":0.04093,"30":0.998692,"37":0.024558,"41":0.008186,"43":0.130976,"47":0.834972,"48":0.024558,"49":0.04093,"50":1.956454,"51":0.351998,"3.6":0.008186},"4":{"11":0.008186,"26":0.04093,"28":0.04093,"34":0.008186,"35":0.090046,"40":0.049116,"41":0.04093,"48":0.008186,"49":0.147348,"51":0.008186,"52":0.08186,"53":0.065488,"54":0.32744,"55":7.015402,"56":0.016372},"5":{"4":0.008186,"7":0.024558,"10":0.466602,"9.1":0.106418},"6":{"28":0.032744,"42":0.04093,"10.0-10.1":0},"7":{"8":0,"3.2":0,"4.0-4.1":0,"4.2-4.3":0,"5.0-5.1":0,"6.0-6.1":0.00147180527383,"7.0-7.1":0.00691748478702,"8.1-8.4":0.00831569979716,"9.0-9.2":0.00375310344828,"9.3":0.0323061257606,"10.0-10.2":0.291895780933},"8":{"0":1.71048713974},"9":{"3":0,"4":0.0166212288947,"2.1":0,"2.2":0,"2.3":0,"4.1":0.0537537615318,"4.2-4.3":0.163736786771,"4.4":0.370971683203,"4.4.3-4.4.4":0.2075885396},"10":{"7":0.005442},"11":{"0":0.00374286026201,"10":0,"11":0,"12":0,"11.1":0,"11.5":0,"12.1":0},"12":{"0":9.359402},"13":{},"14":{"10":0.0507215533981,"11":0.239518446602},"15":{"0":3.02938},"16":{"0":2.586764}}