{"1":{"8":3.748678,"9":4.417495,"10":0.033028,"11":62.439434},"2":{"13":0.222939,"14":0.074313},"3":{"3":0.024771,"5":0.016514,"6":0.008257,"14":1.288092,"21":0.016514,"30":1.007354,"37":0.016514,"40":3.905561,"42":0.033028,"47":0.016514,"48":0.033028,"49":0.066056,"50":1.213779,"3.6":0.024771},"4":{"11":0.033028,"27":0.016514,"28":0.008257,"35":0.074313,"37":0.016514,"40":0.024771,"41":0.016514,"49":0.024771,"50":0.008257,"51":0.024771,"52":0.066056,"53":0.189911,"54":1.956909,"55":1.056896},"5":{"4":0,"9":0.016514,"10":0.066056,"5.1":0.016514,"9.1":0.049542},"6":{"28":0.016514,"41":0.033028,"10.0-10.1":0},"7":{"8":0,"3.2":0,"4.0-4.1":0,"4.2-4.3":0,"5.0-5.1":0,"6.0-6.1":0,"7.0-7.1":0.00173345770065,"8.1-8.4":0.00263151409978,"9.0-9.2":0.00176478524946,"9.3":0.0111839349241,"10.0-10.2":0.083780308026},"8":{"0":0.678553391371},"9":{"3":0,"4":0.0261486803209,"2.1":0,"2.2":0,"2.3":0,"4.1":0.0859170924831,"4.2-4.3":0.246011053632,"4.4":0.567266269003,"4.4.3-4.4.4":0.338331904561},"10":{"7":0.003486},"11":{"0":0.0517636086287,"10":0,"11":0,"12":0,"11.1":0,"11.5":0,"12.1":0},"12":{"0":11.689945},"13":{},"14":{"10":0.1007454,"11":0.4029816},"15":{"0":2.651103},"16":{"0":0.604821}}