{"1":{"10":0.0666094637224,"11":10.4909905363},"2":{"13":0.0332,"14":0.7138},"3":{"17":2.5564,"21":0.2739,"29":0.0332,"36":0.0332,"45":0.0332,"47":1.2616,"48":0.4399,"49":0.581,"50":2.8303,"51":25.896,"52":0.0332},"4":{"29":6.5736,"41":0.2075,"49":0.747,"52":0.2739,"53":0.0664,"54":1.6683,"55":7.1878,"56":14.4503},"5":{"4":0,"9":4.4654,"10":0.2407,"9.1":1.3944},"6":{"28":0.0664,"42":0.0664,"10.0-10.1":0,"12.1":0.0332},"7":{"8":0,"3.2":0,"4.0-4.1":0,"4.2-4.3":0,"5.0-5.1":0,"6.0-6.1":0.0114907374005,"7.0-7.1":0.0507326896552,"8.1-8.4":0.0691612307692,"9.0-9.2":0.013658801061,"9.3":0.187537506631,"10.0-10.2":1.71081903448},"8":{"0":0.139095633188},"9":{"3":0,"4":0.0226955782313,"2.1":0,"2.2":0,"2.3":0,"4.1":0.0680867346939,"4.2-4.3":0.219239285714,"4.4":0.484323639456,"4.4.3-4.4.4":0.273254761905},"10":{"7":0.093075},"11":{"0":0.000304366812227,"10":0,"11":0,"12":0,"11.1":0,"11.5":0,"12.1":0},"12":{"0":11.2355},"13":{"0":0.0935},"14":{"10":0.0487223300971,"11":0.230077669903},"15":{},"16":{"0":1.5793},"17":{}}