{"1":{"8":0.560868451469,"10":0.0394977782725,"11":8.27083477026},"2":{"12":0.252153,"13":0.206307,"14":0.878715},"3":{"3":0.084051,"17":5.738391,"29":7.121412,"33":0.084051,"36":0.252153,"42":0.038205,"43":0.038205,"45":0.038205,"46":0.038205,"47":1.925532,"48":0.420255,"49":2.59794,"50":10.093761,"51":0.924561,"3.6":0.038205},"4":{"29":3.43845,"40":0.038205,"41":0.168102,"43":0.038205,"49":0.504306,"51":0.084051,"52":0.626562,"53":0.374409,"54":3.270348,"55":21.616389},"5":{"4":0,"9":3.644757,"10":0.924561,"9.1":0.84051},"6":{"10.0-10.1":0,"12.1":0.038205},"7":{"8":0,"3.2":0,"4.0-4.1":0,"4.2-4.3":0,"5.0-5.1":0,"6.0-6.1":0.0160574185972,"7.0-7.1":0.0754698674069,"8.1-8.4":0.0907244150742,"9.0-9.2":0.0409464174229,"9.3":0.352460338209,"10.0-10.2":3.18458754329},"8":{"0":0},"9":{"3":0,"4":0.0285143355091,"2.1":0,"2.2":0,"2.3":0,"4.1":0.0922165744125,"4.2-4.3":0.280896539164,"4.4":0.636415701044,"4.4.3-4.4.4":0.356125849869},"10":{"7":0},"11":{"0":0,"10":0,"11":0,"12":0,"11.1":0,"11.5":0,"12.1":0},"12":{"0":13.855574},"13":{},"14":{"10":0.0317434368932,"11":0.149899563107},"15":{},"16":{"0":5.277083}}