{"1":{"7":0.04713,"8":0.25136,"9":0.20423,"10":0.20423,"11":10.65138},"2":{"12":0.149245,"13":0.149245,"14":0.149245},"3":{"4":0.102115,"17":4.05318,"29":0.149245,"34":0.04713,"43":0.149245,"44":0.149245,"46":0.25136,"47":1.720245,"48":0.557705,"49":2.63928,"50":16.173445},"4":{"10":0.04713,"16":0.102115,"18":0.20423,"22":0.102115,"37":0.20423,"39":0.04713,"40":0.20423,"41":0.86405,"42":0.04713,"43":0.04713,"44":0.20423,"49":0.86405,"50":0.353475,"52":0.809065,"53":1.06828,"54":16.833265,"55":15.16015},"5":{"4":0,"8":0.149245,"10":1.468885,"9.1":0.86405},"6":{"28":0.04713,"10.0-10.1":0},"7":{"8":0,"3.2":0,"4.0-4.1":0,"4.2-4.3":0,"5.0-5.1":0,"6.0-6.1":0,"7.0-7.1":0.093385159591,"8.1-8.4":0.141765422993,"9.0-9.2":0.095072843198,"9.3":0.602503047722,"10.0-10.2":4.5134285265},"8":{"0":0.0617819491525},"9":{"3":0,"4":0.0123835705236,"2.1":0,"2.2":0,"2.3":0,"4.1":0.0406888745777,"4.2-4.3":0.116506653294,"4.4":0.268647662584,"4.4.3-4.4.4":0.16022823902},"10":{"7":0},"11":{"0":0.00471305084746,"10":0,"11":0,"12":0,"11.1":0,"11.5":0,"12.1":0},"12":{"0":14.090905},"13":{},"14":{"10":0.106392,"11":0.425568},"15":{},"16":{"0":1.52724}}