{"1":{"7":0.0056734556331,"8":0.215591314058,"9":0.153183302094,"10":0.130489479561,"11":5.17986499302},"2":{"12":0.050607,"13":0.241789,"14":3.008305},"3":{"10":0.005623,"12":0.005623,"16":0.005623,"28":0.005623,"29":0.011246,"31":0.005623,"34":0.011246,"36":0.005623,"37":0.016869,"38":0.028115,"39":0.028115,"40":0.011246,"41":0.028115,"42":0.011246,"43":0.028115,"44":0.011246,"45":0.146198,"46":0.016869,"47":0.106837,"48":0.163067,"49":0.05623,"50":0.331757,"51":5.291243,"52":0.140575,"53":0.005623},"4":{"11":0.011246,"21":0.005623,"22":0.022492,"26":0.011246,"31":0.016869,"32":0.033738,"33":0.011246,"34":0.028115,"35":0.028115,"36":0.163067,"37":0.011246,"38":0.044984,"39":0.028115,"40":0.016869,"41":0.016869,"42":0.016869,"43":0.05623,"44":0.061853,"45":0.286773,"46":0.033738,"47":0.089968,"48":0.061853,"49":1.197699,"50":0.157444,"51":0.241789,"52":0.208051,"53":0.241789,"54":0.427348,"55":8.49073,"56":22.559476,"57":0.101214,"58":0.061853},"5":{"4":0.005623,"5":0.078722,"6":0.011246,"7":0.033738,"8":0.16869,"9":0.202428,"10":2.968944,"5.1":0.095591,"6.1":0.078722,"7.1":0.011246,"9.1":0.877188,"10.1":0.016869},"6":{"28":0.005623,"36":0.011246,"38":0.005623,"42":0.061853,"43":0.118083,"10.0-10.1":0,"12.1":0.011246},"7":{"8":0,"3.2":0,"4.0-4.1":0,"4.2-4.3":0,"5.0-5.1":0,"6.0-6.1":0.105763645305,"7.0-7.1":0.466956471724,"8.1-8.4":0.636577412308,"9.0-9.2":0.12571905008,"9.3":1.726142513,"10.0-10.2":15.7468099076},"8":{"0":0.157227956332},"9":{"3":0,"4":0.0229829719388,"2.1":0,"2.2":0,"2.3":0,"4.1":0.0689489158163,"4.2-4.3":0.222015508929,"4.4":0.490456621173,"4.4.3-4.4.4":0.276714982143},"10":{"7":0.0065655},"11":{"0":0.000344043668122,"10":0,"11":0,"12":0,"11.1":0,"11.5":0,"12.1":0},"12":{"0":19.610493},"13":{"0":0.04377},"14":{"10":0.0466596699029,"11":0.220337330097},"15":{"0":0.446454},"16":{"0":3.475338},"17":{}}