{"1":{"7":0.005472,"8":0.158688,"9":0.186048,"10":0.1368,"11":5.072544},"2":{"12":0.065088,"13":0.287472,"14":2.690304},"3":{"10":0.005424,"12":0.005424,"16":0.010848,"21":0.005424,"24":0.005424,"28":0.010848,"29":0.010848,"31":0.010848,"34":0.010848,"36":0.010848,"37":0.021696,"38":0.037968,"39":0.037968,"40":0.010848,"41":0.032544,"42":0.021696,"43":0.037968,"44":0.021696,"45":0.130176,"46":0.02712,"47":0.16272,"48":0.195264,"49":0.16272,"50":5.434848,"51":0.059664,"52":0.005424,"3.6":0.010848},"4":{"11":0.010848,"21":0.005424,"22":0.021696,"26":0.016272,"31":0.016272,"32":0.016272,"33":0.010848,"34":0.037968,"35":0.021696,"36":0.097632,"37":0.016272,"38":0.048816,"39":0.048816,"40":0.016272,"41":0.021696,"42":0.032544,"43":0.059664,"44":0.070512,"45":0.320016,"46":0.043392,"47":0.1356,"48":0.070512,"49":1.323456,"50":0.18984,"51":0.287472,"52":0.282048,"53":0.428496,"54":16.071312,"55":13.147776,"56":0.086784,"57":0.05424},"5":{"4":0.010848,"5":0.065088,"6":0.010848,"7":0.037968,"8":0.238656,"9":0.21696,"10":2.511312,"5.1":0.10848,"6.1":0.075936,"7.1":0.010848,"9.1":0.938352},"6":{"28":0.016272,"36":0.016272,"37":0.010848,"38":0.016272,"41":0.1356,"42":0.059664,"10.0-10.1":0,"12.1":0.021696},"7":{"8":0,"3.2":0,"4.0-4.1":0,"4.2-4.3":0,"5.0-5.1":0,"6.0-6.1":0,"7.0-7.1":0.331283684537,"8.1-8.4":0.502912581345,"9.0-9.2":0.337270739077,"9.3":2.13737847072,"10.0-10.2":16.0113795243},"8":{"0":0.191282935285},"9":{"3":0,"4":0.0301045819257,"2.1":0,"2.2":0,"2.3":0,"4.1":0.0989150548986,"4.2-4.3":0.283228821791,"4.4":0.65308511402,"4.4.3-4.4.4":0.389516427365},"10":{"7":0.01029375},"11":{"0":0.0145920647149,"10":0,"11":0,"12":0,"11.1":0,"11.5":0,"12.1":0},"12":{"0":20.83446},"13":{"0":0.0366},"14":{"10":0.068625,"11":0.2745},"15":{"0":0.549},"16":{"0":3.46785}}