{"1":{"7":0.0111064849075,"8":0.138831061344,"9":0.17770375852,"10":0.127724576436,"11":5.24226087634},"2":{"12":0.05505,"13":0.28626,"14":2.93967},"3":{"16":0.01101,"24":0.01101,"28":0.01101,"29":0.01101,"31":0.01101,"34":0.01101,"36":0.005505,"37":0.02202,"38":0.038535,"39":0.03303,"40":0.01101,"41":0.03303,"42":0.016515,"43":0.03303,"44":0.016515,"45":0.13212,"46":0.027525,"47":0.13212,"48":0.170655,"49":0.1101,"50":5.081115,"51":0.611055,"52":0.027525,"3.6":0.005505},"4":{"11":0.01101,"22":0.02202,"26":0.02202,"31":0.02202,"32":0.03303,"33":0.01101,"34":0.038535,"35":0.049545,"36":0.20919,"37":0.01101,"38":0.05505,"39":0.027525,"40":0.016515,"41":0.02202,"42":0.027525,"43":0.049545,"44":0.038535,"45":0.291765,"46":0.03303,"47":0.082575,"48":0.060555,"49":1.304685,"50":0.14313,"51":0.236715,"52":0.19818,"53":0.269745,"54":0.765195,"55":29.00034,"56":0.357825,"57":0.09909},"5":{"4":0.01101,"5":0.071565,"6":0.01101,"7":0.03303,"8":0.19818,"9":0.19818,"10":2.735985,"5.1":0.104595,"6.1":0.08808,"7.1":0.01101,"9.1":0.86979},"6":{"28":0.016515,"36":0.016515,"38":0.016515,"42":0.17616,"10.0-10.1":0,"12.1":0.016515},"7":{"8":0,"3.2":0,"4.0-4.1":0,"4.2-4.3":0,"5.0-5.1":0,"6.0-6.1":0.0825962848297,"7.0-7.1":0.3882025387,"8.1-8.4":0.466669009288,"9.0-9.2":0.210620526316,"9.3":1.81298845201,"10.0-10.2":16.3809081889},"8":{"0":0.156981495633},"9":{"3":0,"4":0.0249141927763,"2.1":0,"2.2":0,"2.3":0,"4.1":0.0805735596171,"4.2-4.3":0.245431303307,"4.4":0.556063579199,"4.4.3-4.4.4":0.3111623651},"10":{"7":0.00786625},"11":{"0":0.000343504366812,"10":0,"11":0,"12":0,"11.1":0,"11.5":0,"12.1":0},"12":{"0":19.97092},"13":{"0":0.04495},"14":{"10":0.0487031067961,"11":0.229986893204},"15":{"0":0.498945},"16":{"0":3.66792}}