{"1":{"7":0.00526050641026,"8":0.263025320513,"9":0.194638737179,"10":0.163075698718,"11":2.60921117949},"2":{"12":0.078405,"13":0.292712,"14":1.196983},"3":{"3":0.005227,"4":0.010454,"16":0.010454,"31":0.010454,"36":0.010454,"37":0.015681,"38":0.026135,"39":0.031362,"40":0.005227,"41":0.010454,"42":0.010454,"43":0.109767,"44":0.015681,"45":0.099313,"46":0.041816,"47":0.203853,"48":0.31362,"49":0.20908,"50":3.800029,"51":0.020908,"3.6":0.010454},"4":{"11":0.020908,"18":0.005227,"21":0.020908,"22":0.015681,"26":0.010454,"31":0.057497,"32":0.026135,"34":0.015681,"35":0.067951,"36":0.130675,"37":0.015681,"38":0.041816,"39":0.026135,"40":0.020908,"41":0.031362,"42":0.015681,"43":0.073178,"44":0.078405,"45":0.05227,"46":0.057497,"47":0.078405,"48":0.041816,"49":1.740591,"50":0.10454,"51":0.475657,"52":0.229988,"53":0.329301,"54":17.332732,"55":14.985809,"56":0.067951,"57":0.015681},"5":{"4":0.005227,"5":0.036589,"6":0.010454,"7":0.031362,"8":0.344982,"9":0.31362,"10":2.446236,"5.1":0.067951,"6.1":0.083632,"9.1":1.040173},"6":{"29":0.010454,"36":0.005227,"37":0.010454,"38":0.05227,"40":0.005227,"41":0.198626,"42":0.120221,"10.0-10.1":0,"12.1":0.010454},"7":{"8":0,"3.2":0,"4.0-4.1":0,"4.2-4.3":0,"5.0-5.1":0,"6.0-6.1":0,"7.0-7.1":0.0914181599008,"8.1-8.4":0.138779375271,"9.0-9.2":0.0930702953207,"9.3":0.589812344902,"10.0-10.2":4.4183608246},"8":{"0":0.926851881356},"9":{"3":0,"4":0.103605140625,"2.1":0,"2.2":0,"2.3":0,"4.1":0.340416890625,"4.2-4.3":0.974734078125,"4.4":2.24759723437,"4.4.3-4.4.4":1.34052365625},"10":{"7":0.023865},"11":{"0":0.0707051186441,"10":0,"11":0,"12":0,"11.1":0,"11.5":0,"12.1":0},"12":{"0":28.654517},"13":{"0":0.014319},"14":{"10":0.0677766,"11":0.2711064},"15":{"0":0.233877},"16":{"0":7.603389}}