{"1":{"7":0.006326,"8":0.107542,"9":0.069586,"10":0.208758,"11":3.675406},"2":{"12":0.25304,"13":0.28467,"14":1.45498},"3":{"5":0.044282,"8":0.196106,"9":0.044282,"10":0.018978,"12":0.056934,"13":0.006326,"15":0.006326,"16":0.044282,"17":0.12652,"19":0.018978,"21":0.006326,"23":0.006326,"26":0.025304,"28":0.101216,"30":0.025304,"31":0.012652,"32":0.06326,"33":0.006326,"34":0.069586,"35":0.012652,"37":0.012652,"38":0.34793,"39":0.025304,"40":0.037956,"41":0.037956,"42":0.025304,"43":0.139172,"44":0.056934,"45":0.227736,"46":0.12652,"47":0.37956,"48":0.809728,"49":0.398538,"50":13.461728,"51":0.037956,"52":0.044282,"3.6":0.069586},"4":{"18":0.012652,"22":0.012652,"26":0.012652,"32":0.12652,"34":0.012652,"36":0.866662,"38":0.018978,"39":0.025304,"40":0.037956,"41":0.06326,"42":0.012652,"43":0.227736,"44":0.03163,"45":0.069586,"46":0.025304,"47":0.025304,"48":0.044282,"49":1.113376,"50":0.044282,"51":0.360582,"52":0.354256,"53":0.436494,"54":14.986294,"55":11.804316,"56":0.082238,"57":0.018978},"5":{"4":0.025304,"5":0.151824,"6":0.044282,"7":0.113868,"8":0.227736,"9":0.392212,"10":3.270542,"5.1":0.487102,"6.1":0.240388,"7.1":0.012652,"9.1":1.157658},"6":{"36":0.012652,"38":0.03163,"41":0.955226,"42":0.22141,"43":0.012652,"10.0-10.1":0,"12.1":0.012652},"7":{"8":0,"3.2":0,"4.0-4.1":0,"4.2-4.3":0,"5.0-5.1":0,"6.0-6.1":0,"7.0-7.1":0.167007797128,"8.1-8.4":0.253529908894,"9.0-9.2":0.17002601033,"9.3":1.0775021128,"10.0-10.2":8.07170817085},"8":{"0":0.0955806101695},"9":{"3":0,"4":0.0513165329392,"2.1":0,"2.2":0,"2.3":0,"4.1":0.168611465372,"4.2-4.3":0.482794320101,"4.4":1.11325458193,"4.4.3-4.4.4":0.663973099662},"10":{"7":0.0009185},"11":{"0":0.00729138983051,"10":0,"11":0,"12":0,"11.1":0,"11.5":0,"12.1":0},"12":{"0":19.728176},"13":{"0":0.069806},"14":{"10":0.1917828,"11":0.7671312},"15":{"0":0.143286},"16":{"0":3.901788}}