{"1":{"8":0.096704,"9":0.072528,"10":0.175276,"11":4.182448},"2":{"12":0.296156,"13":0.36264,"14":1.680232},"3":{"5":0.018132,"6":0.006044,"7":0.018132,"8":0.024176,"9":0.036264,"10":0.012088,"12":0.12088,"15":0.012088,"16":0.012088,"17":0.042308,"24":0.006044,"26":0.024176,"28":0.048352,"29":0.006044,"30":0.018132,"31":0.012088,"32":0.09066,"34":0.012088,"35":0.012088,"36":0.012088,"37":0.03022,"38":0.296156,"39":0.012088,"40":0.024176,"41":0.108792,"42":0.024176,"43":0.1511,"44":0.018132,"45":0.459344,"46":0.126924,"47":0.525828,"48":0.828028,"49":0.1511,"50":11.689096,"51":1.257152,"52":0.03022,"3.6":0.018132},"4":{"11":0.018132,"18":0.03022,"22":0.012088,"26":0.012088,"28":0.006044,"31":0.012088,"32":0.229672,"35":0.012088,"36":1.408252,"37":0.006044,"38":0.03022,"39":0.012088,"40":0.048352,"41":0.024176,"42":0.006044,"43":0.290112,"44":0.03022,"45":0.072528,"46":0.012088,"47":0.018132,"48":0.066484,"49":1.202756,"50":0.054396,"51":0.380772,"52":0.157144,"53":0.205496,"54":0.27198,"55":23.082036,"56":0.24176,"57":0.066484,"58":0.018132},"5":{"4":0.024176,"5":0.102748,"6":0.03022,"7":0.024176,"8":0.217584,"9":0.344508,"10":3.511564,"5.1":0.356596,"6.1":0.163188,"9.1":1.311548},"6":{"28":0.006044,"36":0.006044,"38":0.054396,"42":1.11814,"43":0.006044,"10.0-10.1":0},"7":{"8":0,"3.2":0,"4.0-4.1":0,"4.2-4.3":0,"5.0-5.1":0,"6.0-6.1":0.0434099839863,"7.0-7.1":0.204026924736,"8.1-8.4":0.245266409523,"9.0-9.2":0.110695459165,"9.3":0.9528491485,"10.0-10.2":8.60928507409},"8":{"0":0.225056534934},"9":{"3":0,"4":0.0390086501305,"2.1":0,"2.2":0,"2.3":0,"4.1":0.126155634465,"4.2-4.3":0.38427670235,"4.4":0.870639872063,"4.4.3-4.4.4":0.487193140992},"10":{"7":0.00296775},"11":{"0":0.000492465065502,"10":0,"11":0,"12":0,"11.1":0,"11.5":0,"12.1":0},"12":{"0":22.818245},"13":{"0":0.059355},"14":{"10":0.0995780970874,"11":0.470229902913},"15":{"0":0.091011},"16":{"0":4.332915}}