{"1":{"7":0.00817922065728,"8":0.162415953052,"9":0.217333577465,"10":0.163584413146,"11":1.43954283568},"2":{"12":0.083736,"13":0.170961,"14":0.140723},"3":{"3":0.083736,"4":0.004652,"7":0.006978,"8":0.001163,"9":0.002326,"10":0.002326,"11":0.002326,"12":0.006978,"13":0.003489,"14":0.012793,"15":0.001163,"16":0.006978,"18":0.003489,"19":0.006978,"20":0.003489,"21":0.019771,"22":0.004652,"27":0.002326,"28":0.01163,"29":0.001163,"30":0.004652,"31":0.006978,"32":0.045357,"33":0.003489,"34":0.003489,"35":0.004652,"36":0.003489,"37":0.009304,"38":0.029075,"39":0.004652,"40":0.017445,"41":0.009304,"42":0.004652,"43":0.043031,"44":0.038379,"45":0.020934,"46":0.018608,"47":0.480319,"48":0.061639,"49":0.254697,"50":0.183754,"51":1.083916,"52":0.051172,"3.6":0.002326},"4":{"11":0.016282,"12":0.003489,"16":0.002326,"18":0.002326,"23":0.002326,"25":0.013956,"26":0.006978,"27":0.001163,"28":0.017445,"29":0.020934,"31":0.109322,"32":0.055824,"33":0.003489,"37":0.006978,"38":0.005815,"39":0.006978,"40":0.005815,"41":0.016282,"43":0.041868,"44":0.022097,"45":0.01163,"46":0.005815,"47":0.017445,"48":0.015119,"49":0.161657,"50":0.063965,"51":0.124441,"52":0.074432,"53":0.047683,"54":0.063965,"55":1.008321,"56":3.404101,"57":0.010467,"58":0.009304},"5":{"4":0,"5":0.009304,"6":0.004652,"7":0.008141,"8":0.040705,"9":0.012793,"10":0.377975,"5.1":0.015119,"6.1":0.004652,"7.1":0.002326,"9.1":0.040705},"6":{"34":0.003489,"35":0.062802,"36":0.004652,"37":0.004652,"38":0.016282,"40":0.002326,"41":0.001163,"42":0.065128,"43":0.032564,"10.0-10.1":0,"11.5":0.003489},"7":{"8":0,"3.2":0,"4.0-4.1":0,"4.2-4.3":0,"5.0-5.1":0,"6.0-6.1":0.00318038238727,"7.0-7.1":0.0140416882759,"8.1-8.4":0.0191423015385,"9.0-9.2":0.00378045453581,"9.3":0.0519062408488,"10.0-10.2":0.473516932414},"8":{"0":1.51664530131},"9":{"3":0,"4":0.0527890518707,"2.1":0,"2.2":0,"2.3":0,"4.1":0.158367155612,"4.2-4.3":0.509942241071,"4.4":1.12651836692,"4.4.3-4.4.4":0.635580184524},"10":{"7":0.01546475},"11":{"0":0.00331869868996,"10":0,"11":0,"12":0,"11.1":0,"11.5":0,"12.1":0},"12":{"0":6.692016},"13":{},"14":{"10":0.0216206213592,"11":0.102097378641},"15":{"0":76.033548},"16":{"0":0.830678},"17":{}}