{"1":{"7":0.00305240295749,"8":0.222825415896,"9":0.148550277264,"10":0.0834323475046,"11":1.19348955638},"2":{"12":0.03838,"13":0.08686,"14":0.09494},"3":{"3":0.04545,"4":0.00404,"5":0.00303,"6":0.00101,"7":0.00303,"11":0.00202,"12":0.00202,"13":0.00404,"15":0.00202,"16":0.00404,"17":0.00101,"18":0.00303,"20":0.00303,"22":0.00909,"24":0.00202,"25":0.00202,"28":0.00808,"29":0.00202,"30":0.00606,"31":0.00202,"32":0.00303,"34":0.00606,"35":0.00707,"36":0.00303,"37":0.00909,"38":0.0202,"39":0.0101,"40":0.01919,"41":0.00303,"42":0.00404,"43":0.03636,"44":0.03333,"45":0.00909,"46":0.04141,"47":0.13534,"48":0.03737,"49":0.07474,"50":1.15039,"51":0.03535,"3.5":0.00101,"3.6":0.00202},"4":{"4":0.00202,"11":0.00606,"18":0.0101,"22":0.00101,"25":0.00505,"26":0.00101,"27":0.00909,"28":0.00202,"29":0.00101,"30":0.00404,"31":0.12423,"32":0.03232,"36":0.61105,"37":0.0101,"38":0.00202,"39":0.02323,"40":0.0101,"41":0.02727,"43":0.05656,"44":0.0101,"45":0.01616,"46":0.01111,"47":0.01414,"48":0.01111,"49":0.12827,"50":0.03434,"51":0.12524,"52":0.07676,"53":0.1212,"54":2.41289,"55":1.73821,"56":0.00909},"5":{"4":0,"5":0.00505,"6":0.00404,"7":0.01212,"8":0.07171,"9":0.0101,"10":0.09999,"5.1":0.01717,"9.1":0.0404},"6":{"19":0.00101,"30":0.00101,"32":0.00404,"35":0.00303,"36":0.00101,"37":0.02929,"38":0.01616,"39":0.00202,"40":0.00101,"41":0.08686,"42":0.01313,"10.0-10.1":0},"7":{"8":0,"3.2":0,"4.0-4.1":0,"4.2-4.3":0,"5.0-5.1":0,"6.0-6.1":0,"7.0-7.1":0.00693681437868,"8.1-8.4":0.0105305856833,"9.0-9.2":0.00706217849396,"9.3":0.044754989154,"10.0-10.2":0.33526543229},"8":{"0":2.78983664099},"9":{"3":0,"4":0.0520873310811,"2.1":0,"2.2":0,"2.3":0,"4.1":0.171144087838,"4.2-4.3":0.490046114865,"4.4":1.12997618243,"4.4.3-4.4.4":0.673946283784},"10":{"7":0.0112375},"11":{"0":0.212823359014,"10":0,"11":0,"12":0,"11.1":0,"11.5":0,"12.1":0},"12":{"0":5.55781},"13":{},"14":{"10":0.04495,"11":0.1798},"15":{"0":77.08925},"16":{"0":1.04284}}