{"1":{"7":0.00948197368421,"8":0.109990894737,"9":0.114731881579,"10":0.0995607236842,"11":1.25162052632},"2":{"12":0.063114,"13":0.10362,"14":0.087606},"3":{"3":0.063114,"4":0.002826,"5":0.001884,"6":0.001884,"7":0.000942,"12":0.002826,"13":0.000942,"15":0.002826,"16":0.00471,"19":0.001884,"20":0.001884,"21":0.003768,"22":0.005652,"24":0.00471,"25":0.001884,"26":0.000942,"28":0.008478,"30":0.00471,"31":0.013188,"32":0.001884,"34":0.001884,"35":0.002826,"36":0.003768,"37":0.003768,"38":0.013188,"39":0.003768,"40":0.020724,"41":0.002826,"42":0.003768,"43":0.022608,"44":0.013188,"45":0.033912,"46":0.012246,"47":0.132822,"48":0.05652,"49":0.041448,"50":0.806352,"51":0.079128,"52":0.002826,"3.6":0.001884},"4":{"4":0.000942,"11":0.016014,"12":0.001884,"18":0.003768,"22":0.002826,"26":0.002826,"27":0.005652,"28":0.00471,"30":0.001884,"31":0.17898,"32":0.024492,"33":0.066882,"36":0.915624,"37":0.00471,"38":0.003768,"39":0.00471,"40":0.007536,"41":0.024492,"42":0.007536,"43":0.032028,"44":0.020724,"45":0.015072,"46":0.002826,"47":0.013188,"48":0.013188,"49":0.111156,"50":0.034854,"51":0.10362,"52":0.06123,"53":0.045216,"54":0.097968,"55":3.281928,"56":0.06594,"57":0.005652},"5":{"4":0,"5":0.006594,"6":0.006594,"7":0.00471,"8":0.048042,"9":0.007536,"10":0.224196,"5.1":0.00942,"6.1":0.003768,"7.1":0.003768,"9.1":0.036738},"6":{"34":0.002826,"35":0.013188,"37":0.087606,"38":0.01884,"40":0.013188,"42":0.039564,"10.0-10.1":0},"7":{"8":0,"3.2":0,"4.0-4.1":0,"4.2-4.3":0,"5.0-5.1":0,"6.0-6.1":0.00185666275222,"7.0-7.1":0.00872631493541,"8.1-8.4":0.01049014455,"9.0-9.2":0.00473449001815,"9.3":0.0407537474111,"10.0-10.2":0.368222640333},"8":{"0":1.26535117904},"9":{"3":0,"4":0.0452032828547,"2.1":0,"2.2":0,"2.3":0,"4.1":0.146189340296,"4.2-4.3":0.445300424717,"4.4":1.00889880244,"4.4.3-4.4.4":0.564560149695},"10":{"7":0.013587},"11":{"0":0.0027688209607,"10":0,"11":0,"12":0,"11.1":0,"11.5":0,"12.1":0},"12":{"0":5.544426},"13":{"0":0.009058},"14":{"10":0.0316590291262,"11":0.149500970874},"15":{"0":80.000256},"16":{"0":0.95109}}