{"1":{"7":0.00565979087452,"8":0.356566825095,"9":0.0735772813688,"10":0.0962164448669,"11":0.95084486692},"2":{"12":0.072475,"13":0.1338,"14":0.3791},"3":{"3":0.01115,"4":0.005575,"10":0.005575,"11":0.005575,"12":0.01115,"13":0.005575,"15":0.005575,"16":0.005575,"18":0.005575,"19":0.005575,"20":0.01115,"21":0.027875,"22":0.016725,"23":0.016725,"24":0.01115,"25":0.01115,"26":0.01115,"27":0.01115,"28":0.01115,"29":0.016725,"30":0.0223,"31":0.016725,"32":0.016725,"33":0.0223,"34":0.016725,"35":0.027875,"36":0.0223,"37":0.050175,"38":0.0669,"39":0.0446,"40":0.05575,"41":0.061325,"42":0.039025,"43":0.16725,"44":0.094775,"45":0.12265,"46":0.0669,"47":0.295475,"48":0.16725,"49":0.250875,"50":3.33385,"51":0.2453,"52":0.005575,"3.6":0.016725},"4":{"7":0.005575,"10":0.01115,"11":0.0223,"12":0.016725,"13":0.005575,"14":0.005575,"16":0.016725,"17":0.01115,"18":0.027875,"19":0.016725,"20":0.016725,"21":0.0223,"22":0.050175,"23":0.027875,"24":0.027875,"25":0.039025,"26":0.050175,"27":0.050175,"28":0.050175,"29":0.0446,"30":0.039025,"31":0.1784,"32":0.07805,"33":0.128225,"34":0.050175,"35":0.083625,"36":0.2453,"37":0.039025,"38":0.0446,"39":0.07805,"40":0.072475,"41":0.083625,"42":0.050175,"43":0.172825,"44":0.172825,"45":0.1561,"46":0.217425,"47":0.217425,"48":0.206275,"49":2.23,"50":0.30105,"51":0.886425,"52":0.68015,"53":1.05925,"54":19.56825,"55":16.106175,"56":0.295475,"57":0.1338},"5":{"4":0,"5":0.016725,"7":0.0223,"8":0.07805,"9":0.0892,"10":0.540775,"5.1":0.027875,"6.1":0.01115,"9.1":0.228575},"6":{"16":0.005575,"28":0.039025,"36":0.01115,"37":0.0223,"38":0.016725,"41":0.1784,"42":0.072475,"10.0-10.1":0,"12.1":0.01115},"7":{"8":0,"3.2":0,"4.0-4.1":0,"4.2-4.3":0,"5.0-5.1":0,"6.0-6.1":0,"7.0-7.1":0.135012887512,"8.1-8.4":0.20495932321,"9.0-9.2":0.137452879455,"9.3":0.871077123644,"10.0-10.2":6.52535178618},"8":{"0":5.69963776271},"9":{"3":0,"4":0.076198972973,"2.1":0,"2.2":0,"2.3":0,"4.1":0.250368054054,"4.2-4.3":0.716892378378,"4.4":1.65305118919,"4.4.3-4.4.4":0.985921405405},"10":{"7":0.028769},"11":{"0":0.434798237288,"10":0,"11":0,"12":0,"11.1":0,"11.5":0,"12.1":0},"12":{"0":24.089463},"13":{"0":0.026556},"14":{"10":0.0743568,"11":0.2974272},"15":{"0":1.743844},"16":{"0":1.841216}}