{"1":{"7":0.00566618972332,"8":0.198316640316,"9":0.0623280869565,"10":0.0849928458498,"11":1.08224223715},"2":{"12":0.066936,"13":0.128294,"14":0.412772},"3":{"3":0.011156,"4":0.005578,"10":0.005578,"11":0.011156,"12":0.011156,"14":0.005578,"16":0.011156,"18":0.005578,"19":0.005578,"20":0.011156,"21":0.011156,"22":0.022312,"23":0.005578,"24":0.005578,"25":0.005578,"26":0.005578,"27":0.005578,"28":0.011156,"29":0.016734,"30":0.022312,"31":0.022312,"32":0.016734,"33":0.022312,"34":0.016734,"35":0.022312,"36":0.016734,"37":0.02789,"38":0.066936,"39":0.044624,"40":0.050202,"41":0.050202,"42":0.02789,"43":0.150606,"44":0.089248,"45":0.122716,"46":0.05578,"47":0.262166,"48":0.156184,"49":0.172918,"50":3.173882,"51":0.568956,"52":0.044624,"3.6":0.016734},"4":{"6":0.005578,"10":0.011156,"11":0.022312,"12":0.011156,"13":0.005578,"14":0.005578,"16":0.011156,"17":0.011156,"18":0.02789,"19":0.016734,"20":0.016734,"21":0.022312,"22":0.044624,"23":0.02789,"24":0.033468,"25":0.033468,"26":0.044624,"27":0.039046,"28":0.050202,"29":0.039046,"30":0.039046,"31":0.200808,"32":0.122716,"33":0.13945,"34":0.044624,"35":0.089248,"36":0.396038,"37":0.033468,"38":0.044624,"39":0.066936,"40":0.066936,"41":0.050202,"42":0.072514,"43":0.16734,"44":0.178496,"45":0.13945,"46":0.217542,"47":0.178496,"48":0.200808,"49":2.326026,"50":0.256588,"51":0.764186,"52":0.440662,"53":0.881324,"54":1.349876,"55":34.55571,"56":0.680516,"57":0.25101},"5":{"4":0,"5":0.011156,"7":0.016734,"8":0.08367,"9":0.078092,"10":0.574534,"5.1":0.02789,"6.1":0.011156,"9.1":0.206386},"6":{"28":0.011156,"36":0.011156,"37":0.011156,"38":0.016734,"41":0.005578,"42":0.245432,"10.0-10.1":0,"12.1":0.011156},"7":{"8":0,"3.2":0,"4.0-4.1":0,"4.2-4.3":0,"5.0-5.1":0,"6.0-6.1":0.0341899476887,"7.0-7.1":0.160692754137,"8.1-8.4":0.193173204441,"9.0-9.2":0.0871843666062,"9.3":0.750469351767,"10.0-10.2":6.78072137536},"8":{"0":5.93767327948},"9":{"3":0,"4":0.0690814917319,"2.1":0,"2.2":0,"2.3":0,"4.1":0.223412483899,"4.2-4.3":0.680526184508,"4.4":1.5418401027,"4.4.3-4.4.4":0.862783737163},"10":{"7":0.02099975},"11":{"0":0.012992720524,"10":0,"11":0,"12":0,"11.1":0,"11.5":0,"12.1":0},"12":{"0":24.476053},"13":{"0":0.022105},"14":{"10":0.0571725436893,"11":0.269981456311},"15":{"0":1.604823},"16":{"0":1.825873}}