{"1":{"6":0.0362386431095,"7":0.00905966077739,"8":0.292929031802,"9":0.0422784169611,"10":0.0815369469965,"11":0.392585300353},"2":{"12":0.049464,"13":0.052212,"14":0.1374},"3":{"3":0.085188,"4":0.002748,"5":0.002748,"8":0.002748,"10":0.005496,"11":0.005496,"12":0.008244,"13":0.002748,"14":0.008244,"15":0.002748,"16":0.005496,"17":0.005496,"18":0.024732,"19":0.005496,"20":0.002748,"21":0.010992,"22":0.002748,"23":0.01374,"24":0.005496,"25":0.008244,"26":0.005496,"27":0.008244,"28":0.005496,"29":0.016488,"30":0.01374,"31":0.008244,"32":0.010992,"33":0.016488,"34":0.008244,"35":0.01374,"36":0.01374,"37":0.019236,"38":0.021984,"39":0.01374,"40":0.021984,"41":0.019236,"42":0.019236,"43":0.115416,"44":0.140148,"45":0.049464,"46":0.043968,"47":0.200604,"48":0.093432,"49":0.129156,"50":1.95108,"51":0.313272,"52":0.002748,"3.5":0.002748,"3.6":0.010992},"4":{"10":0.005496,"11":0.01374,"12":0.01374,"13":0.005496,"14":0.008244,"15":0.002748,"16":0.010992,"17":0.01374,"18":0.008244,"19":0.010992,"20":0.019236,"21":0.010992,"22":0.021984,"23":0.038472,"24":0.030228,"25":0.060456,"26":0.016488,"27":0.030228,"28":0.02748,"29":0.04122,"30":0.032976,"31":0.098928,"32":0.046716,"33":0.093432,"34":0.032976,"35":0.016488,"36":0.01374,"37":0.008244,"38":0.019236,"39":0.030228,"40":0.016488,"41":0.021984,"42":0.01374,"43":0.2748,"44":0.030228,"45":0.030228,"46":0.032976,"47":0.04122,"48":0.05496,"49":1.206372,"50":0.043968,"51":0.175872,"52":0.203352,"53":0.167628,"54":7.18602,"55":8.680932,"56":0.269304,"57":0.118164},"5":{"4":0.008244,"5":0.002748,"7":0.005496,"8":0.016488,"9":0.01374,"10":0.09618,"5.1":0.005496,"9.1":0.046716},"6":{"12":0.002748,"26":0.005496,"28":0.01374,"35":0.002748,"36":0.024732,"37":0.035724,"38":0.019236,"39":0.002748,"40":0.010992,"41":0.403956,"42":0.21984,"10.0-10.1":0,"11.6":0.005496,"12.1":0.01374},"7":{"8":0,"3.2":0,"4.0-4.1":0,"4.2-4.3":0,"5.0-5.1":0,"6.0-6.1":0,"7.0-7.1":0.0540922342733,"8.1-8.4":0.0821159219089,"9.0-9.2":0.0550698047722,"9.3":0.348992668113,"10.0-10.2":2.61434937093},"8":{"0":8.63810414792},"9":{"3":0,"4":0.1260525,"2.1":0,"2.2":0,"2.3":0,"4.1":0.4141725,"4.2-4.3":1.1859225,"4.4":2.7345675,"4.4.3-4.4.4":1.630965},"10":{"7":0.030821},"11":{"0":0.65895985208,"10":0,"11":0,"12":0,"11.1":0,"11.5":0,"12.1":0},"12":{"0":33.659596},"13":{"0":0.03626},"14":{"10":0.159544,"11":0.638176},"15":{"0":18.354812},"16":{"0":1.718724}}