{"1":{"6":0.03183752,"7":0.00578864,"8":0.26917176,"9":0.03762616,"10":0.06946368,"11":0.38205024},"2":{"12":0.047916,"13":0.050578,"14":0.14641},"3":{"3":0.074536,"4":0.002662,"5":0.002662,"9":0.002662,"10":0.002662,"11":0.007986,"12":0.010648,"13":0.002662,"14":0.007986,"15":0.005324,"16":0.005324,"17":0.005324,"18":0.015972,"19":0.005324,"20":0.002662,"21":0.007986,"22":0.002662,"23":0.010648,"24":0.005324,"25":0.005324,"26":0.005324,"27":0.005324,"28":0.005324,"29":0.018634,"30":0.010648,"31":0.007986,"32":0.010648,"33":0.015972,"34":0.007986,"35":0.01331,"36":0.010648,"37":0.015972,"38":0.021296,"39":0.01331,"40":0.021296,"41":0.018634,"42":0.015972,"43":0.087846,"44":0.122452,"45":0.045254,"46":0.03993,"47":0.165044,"48":0.082522,"49":0.082522,"50":1.807498,"51":0.495132,"52":0.055902,"3.5":0.002662,"3.6":0.010648},"4":{"10":0.005324,"11":0.01331,"12":0.007986,"13":0.005324,"14":0.007986,"15":0.005324,"16":0.010648,"17":0.01331,"18":0.005324,"19":0.010648,"20":0.015972,"21":0.007986,"22":0.021296,"23":0.037268,"24":0.02662,"25":0.061226,"26":0.015972,"27":0.023958,"28":0.02662,"29":0.037268,"30":0.034606,"31":0.10648,"32":0.045254,"33":0.095832,"34":0.029282,"35":0.015972,"36":0.021296,"37":0.007986,"38":0.015972,"39":0.021296,"40":0.015972,"41":0.015972,"42":0.01331,"43":0.27951,"44":0.02662,"45":0.02662,"46":0.029282,"47":0.03993,"48":0.061226,"49":1.123364,"50":0.037268,"51":0.143748,"52":0.117128,"53":0.191664,"54":0.178354,"55":15.176062,"56":0.527076,"57":0.218284},"5":{"4":0.005324,"5":0.002662,"7":0.005324,"8":0.01331,"9":0.010648,"10":0.103818,"5.1":0.005324,"9.1":0.042592},"6":{"18":0.002662,"26":0.005324,"28":0.007986,"35":0.005324,"36":0.021296,"37":0.015972,"38":0.015972,"39":0.005324,"40":0.010648,"41":0.010648,"42":0.54571,"43":0.005324,"10.0-10.1":0,"11.6":0.005324,"12.1":0.010648},"7":{"8":0,"3.2":0,"4.0-4.1":0,"4.2-4.3":0,"5.0-5.1":0,"6.0-6.1":0.0115925696594,"7.0-7.1":0.0544850773994,"8.1-8.4":0.0654980185759,"9.0-9.2":0.0295610526316,"9.3":0.254456904025,"10.0-10.2":2.29909637771},"8":{"0":8.43376936245},"9":{"3":0,"4":0.126801111836,"2.1":0,"2.2":0,"2.3":0,"4.1":0.410080191471,"4.2-4.3":1.24912584639,"4.4":2.83009290035,"4.4.3-4.4.4":1.58366494996},"10":{"7":0.02751375},"11":{"0":0.0184546375546,"10":0,"11":0,"12":0,"11.1":0,"11.5":0,"12.1":0},"12":{"0":34.922844},"13":{"0":0.029348},"14":{"10":0.130783805825,"11":0.617590194175},"15":{"0":18.944134},"16":{"0":1.790228}}