{"1":{"8":0.21089392,"9":0.05272348,"10":0.046133045,"11":4.962597555},"2":{"13":0.078888,"14":2.471824},"3":{"6":0.03287,"15":0.019722,"17":0.013148,"19":0.006574,"21":0.006574,"23":0.026296,"24":0.019722,"25":0.072314,"29":0.052592,"30":0.013148,"31":0.019722,"32":0.013148,"35":0.006574,"36":0.006574,"37":0.052592,"38":0.013148,"40":0.085462,"41":0.03287,"42":0.006574,"43":0.039444,"44":0.019722,"45":0.775732,"48":0.381292,"49":0.151202,"50":14.416782,"51":0.979526,"3.6":0.013148},"4":{"11":0.03287,"21":0.006574,"28":0.013148,"31":0.039444,"32":0.019722,"34":0.026296,"36":0.006574,"37":0.019722,"38":0.013148,"39":0.019722,"41":0.03287,"42":0.019722,"44":0.039444,"45":0.013148,"46":0.046018,"47":0.210368,"48":0.16435,"49":0.999248,"50":0.019722,"52":0.092036,"53":0.072314,"54":0.512772,"55":32.63991,"56":0.289256,"57":0.013148},"5":{"4":0,"5":0.151202,"7":0.046018,"8":0.249812,"9":0.052592,"10":2.734784,"5.1":0.111758,"6.1":0.019722,"9.1":0.946656},"6":{"28":0.013148,"41":0.006574,"42":0.407588,"10.0-10.1":0,"12.1":0.013148},"7":{"8":0,"3.2":0,"4.0-4.1":0,"4.2-4.3":0,"5.0-5.1":0,"6.0-6.1":0.0751986335006,"7.0-7.1":0.353433577453,"8.1-8.4":0.424872279278,"9.0-9.2":0.191756515426,"9.3":1.65061000534,"10.0-10.2":14.913768989},"8":{"0":0},"9":{"3":0,"4":0.0107207859008,"2.1":0,"2.2":0,"2.3":0,"4.1":0.0346714778068,"4.2-4.3":0.105611146214,"4.4":0.239278817232,"4.4.3-4.4.4":0.133895772846},"10":{"7":0},"11":{"0":0,"10":0,"11":0,"12":0,"11.1":0,"11.5":0,"12.1":0},"12":{"0":14.724204},"13":{"0":0.01713},"14":{"10":0.00838205825243,"11":0.0395819417476},"15":{},"16":{"0":1.390956}}