{"1":{"8":0.497646297352,"9":0.0365916395112,"10":0.0219549837067,"11":3.03710607943},"2":{"13":0.057608,"14":2.167501},"3":{"6":0.043206,"12":0.129618,"15":0.201628,"16":0.014402,"19":0.036005,"23":0.014402,"24":0.021603,"25":0.014402,"27":0.086412,"29":0.064809,"30":0.014402,"31":0.086412,"34":0.021603,"35":0.028804,"36":0.057608,"37":0.021603,"38":0.014402,"40":0.064809,"41":0.014402,"42":0.007201,"45":0.734502,"47":0.093613,"48":0.626487,"49":0.194427,"50":16.483089,"51":0.021603},"4":{"11":0.021603,"18":0.036005,"22":0.014402,"31":0.014402,"32":0.007201,"33":0.014402,"34":0.036005,"36":0.043206,"37":0.036005,"38":0.014402,"39":0.028804,"40":0.064809,"42":0.007201,"43":0.007201,"44":0.014402,"45":0.036005,"46":0.093613,"47":0.136819,"48":0.21603,"49":2.462742,"50":0.007201,"51":0.036005,"52":0.079211,"53":0.136819,"54":19.212268,"55":15.719783,"56":0.014402,"57":0.014402},"5":{"4":0,"5":2.556355,"6":0.460864,"8":0.050407,"9":0.086412,"10":3.298058,"5.1":0.172824,"6.1":0.158422,"9.1":0.900125},"6":{"26":0.028804,"41":0.244834,"42":0.115216,"10.0-10.1":0},"7":{"8":0,"3.2":0,"4.0-4.1":0,"4.2-4.3":0,"5.0-5.1":0,"6.0-6.1":0,"7.0-7.1":0.232724952588,"8.1-8.4":0.353293301518,"9.0-9.2":0.236930825225,"9.3":1.50149653145,"10.0-10.2":11.2479053892},"8":{"0":0},"9":{"3":0,"4":0.0180126524493,"2.1":0,"2.2":0,"2.3":0,"4.1":0.0591844294764,"4.2-4.3":0.169465975084,"4.4":0.390764276605,"4.4.3-4.4.4":0.233061666385},"10":{"7":0},"11":{"0":0,"10":0,"11":0,"12":0,"11.1":0,"11.5":0,"12.1":0},"12":{"0":11.839106},"13":{},"14":{"10":0.0403056,"11":0.1612224},"15":{"0":0.013995},"16":{"0":1.676601}}