{"1":{"8":0.16065,"9":0.019278,"10":0.070686,"11":2.686068},"2":{"12":0.173502,"13":0.019278,"14":2.596104},"3":{"6":0.456246,"15":0.044982,"21":0.012852,"25":0.019278,"27":0.006426,"29":0.006426,"31":0.019278,"36":0.006426,"37":0.025704,"40":0.025704,"41":0.03213,"42":0.006426,"43":0.019278,"44":0.006426,"45":0.48195,"47":0.025704,"48":0.231336,"49":0.083538,"50":0.886788,"51":14.71554,"52":0.057834},"4":{"28":0.314874,"32":0.154224,"34":0.006426,"36":0.038556,"38":0.012852,"39":0.006426,"40":0.012852,"41":0.038556,"44":0.025704,"45":0.006426,"46":0.051408,"47":0.044982,"48":0.12852,"49":2.094876,"51":0.012852,"52":0.019278,"53":0.006426,"54":0.28917,"55":6.94008,"56":25.67187,"57":0.06426},"5":{"4":0,"5":0.790398,"7":0.006426,"8":0.083538,"9":0.070686,"10":2.776032,"6.1":0.019278,"9.1":0.89964,"10.1":0.006426},"6":{"28":0.09639,"42":0.03213,"43":0.051408,"10.0-10.1":0},"7":{"8":0,"3.2":0,"4.0-4.1":0,"4.2-4.3":0,"5.0-5.1":0,"6.0-6.1":0.117612471512,"7.0-7.1":0.519270157241,"8.1-8.4":0.707893932308,"9.0-9.2":0.139803503873,"9.3":1.9195242992,"10.0-10.2":17.5109436359},"8":{"0":0.0213971790393},"9":{"3":0,"4":0.0100290816327,"2.1":0,"2.2":0,"2.3":0,"4.1":0.030087244898,"4.2-4.3":0.0968809285714,"4.4":0.214020602041,"4.4.3-4.4.4":0.120750142857},"10":{"7":0.010722},"11":{"0":0.0000468209606987,"10":0,"11":0,"12":0,"11.1":0,"11.5":0,"12.1":0},"12":{"0":11.614742},"13":{},"14":{"10":0.0749499029126,"11":0.353930097087},"15":{},"16":{"0":2.022884},"17":{}}