{"1":{"10":1.70496646789,"11":12.1897135321},"2":{},"3":{"45":0.281016,"48":0.835242,"49":7.774776,"50":9.44526,"51":6.393114},"4":{"41":0.281016,"49":0.281016,"52":1.108452,"54":7.22055,"55":16.946826,"56":9.726276},"5":{"4":0,"10":0.281016},"6":{"10.0-10.1":0,"12.1":0.554226},"7":{"8":0,"3.2":0,"4.0-4.1":0,"4.2-4.3":0,"5.0-5.1":0,"6.0-6.1":0.0125160413793,"7.0-7.1":0.0552595034483,"8.1-8.4":0.0753324,"9.0-9.2":0.0148775586207,"9.3":0.204271241379,"10.0-10.2":1.86347325517},"8":{"0":0},"9":{"3":0,"4":0.0405963010204,"2.1":0,"2.2":0,"2.3":0,"4.1":0.121788903061,"4.2-4.3":0.392160267857,"4.4":0.866325063776,"4.4.3-4.4.4":0.488779464286},"10":{"7":0},"11":{"0":0,"10":0,"11":0,"12":0,"11.1":0,"11.5":0,"12.1":0},"12":{"0":14.349834},"13":{},"14":{"10":0.778308640777,"11":3.67534635922},"15":{},"16":{"0":0.63655},"17":{}}