{"1":{"8":1.511298,"10":0.256302,"11":7.830468},"2":{},"3":{"21":0.760068,"23":1.511298,"31":1.511298,"33":3.278898,"36":1.263834,"37":1.511298,"47":0.503766,"48":5.046498,"49":11.109366,"50":14.900868},"4":{"19":0.256302,"35":0.256302,"37":0.503766,"41":2.527668,"43":1.007532,"44":0.256302,"52":4.295268,"53":0.760068,"54":9.845532,"55":12.116898,"56":0.760068},"5":{"4":0,"5.1":0.503766},"6":{"16":0.256302,"28":2.023902,"10.0-10.1":0,"12.1":2.023902},"7":{"8":0,"3.2":0,"4.0-4.1":0,"4.2-4.3":0,"5.0-5.1":0,"6.0-6.1":0.00483884274581,"7.0-7.1":0.0227425609053,"8.1-8.4":0.0273394615138,"9.0-9.2":0.0123390490018,"9.3":0.106212598271,"10.0-10.2":0.959663487563},"8":{"0":0},"9":{"3":0,"4":0.0347395652742,"2.1":0,"2.2":0,"2.3":0,"4.1":0.112349232376,"4.2-4.3":0.342221674935,"4.4":0.775357531332,"4.4.3-4.4.4":0.433874996084},"10":{"7":0},"11":{"0":0,"10":0,"11":0,"12":0,"11.1":0,"11.5":0,"12.1":0},"12":{"0":8.778321},"13":{},"14":{"10":0,"11":0},"15":{},"16":{}}