{"1":{"7":0.345384,"8":0.682344,"9":0.345384,"10":0.682344,"11":4.447872},"2":{"14":1.373112},"3":{"4":1.373112,"5":0.682344,"48":4.110912,"49":12.669696,"50":10.61424},"4":{"18":0.682344,"35":0.345384,"36":0.682344,"37":1.027728,"40":0.345384,"41":2.055456,"49":2.7378,"52":3.083184,"53":5.13864,"54":11.296584,"55":13.35204},"5":{"4":0,"5.1":0.345384,"9.1":1.373112},"6":{"26":0.682344,"10.0-10.1":0,"12.1":0.345384},"7":{"8":0,"3.2":0,"4.0-4.1":0,"4.2-4.3":0,"5.0-5.1":0,"6.0-6.1":0,"7.0-7.1":0.0472613882863,"8.1-8.4":0.0717462039046,"9.0-9.2":0.0481155097614,"9.3":0.304921366594,"10.0-10.2":2.28420553145},"8":{"0":0},"9":{"3":0,"4":0,"2.1":0,"2.2":0,"2.3":0,"4.1":0,"4.2-4.3":0,"4.4":0,"4.4.3-4.4.4":0},"10":{"7":0},"11":{"0":0,"10":0,"11":0,"12":0,"11.1":0,"11.5":0,"12.1":0},"12":{"0":10.976634},"13":{"0":1.575},"14":{"10":0.07875,"11":0.315},"15":{},"16":{"0":0.39375}}