{"1":{"7":0.00866920489297,"8":0.177718700306,"9":0.286083761468,"10":0.173384097859,"11":3.60638923547},"2":{"12":0.142461,"13":0.423066,"14":2.732661},"3":{"16":0.017268,"31":0.004317,"33":0.008634,"35":0.004317,"37":0.004317,"38":0.017268,"39":0.008634,"40":0.012951,"41":0.004317,"42":0.004317,"43":0.034536,"44":0.012951,"45":0.120876,"46":0.030219,"47":0.181314,"48":0.211533,"49":0.164046,"50":3.807594,"51":0.030219,"3.6":0.008634},"4":{"11":0.025902,"18":0.008634,"20":0.004317,"21":0.008634,"22":0.004317,"25":0.017268,"29":0.008634,"31":0.008634,"32":0.034536,"33":0.012951,"34":0.021585,"35":0.194265,"36":0.358311,"37":0.012951,"38":0.04317,"39":0.034536,"40":0.017268,"41":0.025902,"42":0.021585,"43":0.060438,"44":0.064755,"45":0.017268,"46":0.021585,"47":0.038853,"48":0.04317,"49":0.854766,"50":0.051804,"51":0.211533,"52":0.133827,"53":0.138144,"54":11.250102,"55":9.268599,"56":0.04317,"57":0.025902},"5":{"4":0.008634,"5":0.034536,"6":0.004317,"7":0.012951,"8":0.133827,"9":0.198582,"10":2.352765,"5.1":0.099291,"6.1":0.069072,"7.1":0.008634,"9.1":0.915204},"6":{"29":0.021585,"33":0.017268,"36":0.012951,"37":0.034536,"38":0.025902,"41":0.164046,"42":0.090657,"10.0-10.1":0,"12.1":0.004317},"7":{"8":0,"3.2":0,"4.0-4.1":0,"4.2-4.3":0,"5.0-5.1":0,"6.0-6.1":0,"7.0-7.1":0.260961293668,"8.1-8.4":0.39615810846,"9.0-9.2":0.265677461626,"9.3":1.68367196095,"10.0-10.2":12.6126051753},"8":{"0":0.142565366718},"9":{"3":0,"4":0.0600914852196,"2.1":0,"2.2":0,"2.3":0,"4.1":0.197443451436,"4.2-4.3":0.565350503801,"4.4":1.30361732221,"4.4.3-4.4.4":0.777510237331},"10":{"7":0.005683},"11":{"0":0.010875633282,"10":0,"11":0,"12":0,"11.1":0,"11.5":0,"12.1":0},"12":{"0":32.863218},"13":{"0":0.022732},"14":{"10":0.0920646,"11":0.3682584},"15":{"0":0.051147},"16":{"0":7.67205}}