{"1":{"7":0.00797591261172,"8":0.171482121152,"9":0.255229203575,"10":0.159518252234,"11":3.42166651043},"2":{"12":0.131472,"13":0.310752,"14":2.713104},"3":{"16":0.011952,"27":0.007968,"35":0.003984,"37":0.003984,"38":0.011952,"39":0.011952,"40":0.003984,"41":0.007968,"43":0.023904,"44":0.007968,"45":0.091632,"46":0.015936,"47":0.111552,"48":0.147408,"49":0.05976,"50":0.21912,"51":3.36648,"52":0.035856,"3.6":0.007968},"4":{"11":0.01992,"18":0.003984,"21":0.003984,"22":0.007968,"25":0.007968,"29":0.003984,"31":0.011952,"32":0.091632,"33":0.007968,"34":0.015936,"35":0.115536,"36":0.446208,"37":0.007968,"38":0.035856,"39":0.027888,"40":0.007968,"41":0.015936,"42":0.007968,"43":0.055776,"44":0.043824,"45":0.011952,"46":0.015936,"47":0.015936,"48":0.01992,"49":0.792816,"50":0.043824,"51":0.155376,"52":0.051792,"53":0.107568,"54":0.127488,"55":5.051712,"56":14.7408,"57":0.03984,"58":0.03984},"5":{"4":0.003984,"5":0.031872,"6":0.007968,"7":0.011952,"8":0.13944,"9":0.175296,"10":2.597568,"5.1":0.071712,"6.1":0.051792,"9.1":0.6972,"10.1":0.023904},"6":{"29":0.007968,"33":0.003984,"36":0.007968,"37":0.007968,"38":0.015936,"42":0.091632,"43":0.163344,"10.0-10.1":0,"12.1":0.007968},"7":{"8":0,"3.2":0,"4.0-4.1":0,"4.2-4.3":0,"5.0-5.1":0,"6.0-6.1":0.0920176721485,"7.0-7.1":0.406266703448,"8.1-8.4":0.553842215385,"9.0-9.2":0.109379497082,"9.3":1.50179785676,"10.0-10.2":13.7002160552},"8":{"0":0.180085938865},"9":{"3":0,"4":0.0505170068027,"2.1":0,"2.2":0,"2.3":0,"4.1":0.151551020408,"4.2-4.3":0.487994285714,"4.4":1.07803292517,"4.4.3-4.4.4":0.608224761905},"10":{"7":0.006016},"11":{"0":0.000394061135371,"10":0,"11":0,"12":0,"11.1":0,"11.5":0,"12.1":0},"12":{"0":34.615312},"13":{"0":0.024064},"14":{"10":0.0767478058252,"11":0.362420194175},"15":{"0":0.048128},"16":{"0":7.225216},"17":{}}