{"1":{"7":0.0117884110672,"8":0.184685106719,"9":0.216120869565,"10":0.149319873518,"11":3.41470973913},"2":{"12":0.11742,"13":0.356174,"14":2.579326},"3":{"12":0.003914,"16":0.015656,"26":0.003914,"33":0.003914,"34":0.003914,"35":0.003914,"37":0.003914,"38":0.015656,"39":0.011742,"40":0.007828,"41":0.003914,"43":0.027398,"44":0.011742,"45":0.11742,"46":0.023484,"47":0.125248,"48":0.180044,"49":0.070452,"50":3.24862,"51":0.41097,"52":0.007828,"3.6":0.003914},"4":{"11":0.023484,"18":0.007828,"20":0.003914,"21":0.007828,"22":0.003914,"25":0.011742,"26":0.003914,"28":0.003914,"29":0.003914,"31":0.007828,"32":0.074366,"33":0.007828,"34":0.01957,"35":0.238754,"36":0.618412,"37":0.007828,"38":0.031312,"39":0.03914,"40":0.007828,"41":0.015656,"42":0.007828,"43":0.066538,"44":0.031312,"45":0.011742,"46":0.015656,"47":0.035226,"48":0.023484,"49":0.778886,"50":0.046968,"51":0.15656,"52":0.070452,"53":0.125248,"54":0.336604,"55":18.540618,"56":0.270066,"57":0.035226,"58":0.003914},"5":{"4":0.011742,"5":0.023484,"6":0.003914,"7":0.007828,"8":0.140904,"9":0.168302,"10":2.293604,"5.1":0.07828,"6.1":0.062624,"7.1":0.007828,"9.1":0.720176},"6":{"29":0.015656,"33":0.01957,"36":0.011742,"37":0.011742,"38":0.01957,"42":0.250496,"10.0-10.1":0,"12.1":0.011742},"7":{"8":0,"3.2":0,"4.0-4.1":0,"4.2-4.3":0,"5.0-5.1":0,"6.0-6.1":0.0717299455535,"7.0-7.1":0.337130744102,"8.1-8.4":0.405274192377,"9.0-9.2":0.182911361162,"9.3":1.5744723049,"10.0-10.2":14.2258414519},"8":{"0":0.163963218341},"9":{"3":0,"4":0.0525281653612,"2.1":0,"2.2":0,"2.3":0,"4.1":0.169878322019,"4.2-4.3":0.517458309835,"4.4":1.17238394604,"4.4.3-4.4.4":0.656043256745},"10":{"7":0.006086},"11":{"0":0.000358781659389,"10":0,"11":0,"12":0,"11.1":0,"11.5":0,"12.1":0},"12":{"0":34.485138},"13":{"0":0.03043},"14":{"10":0.0755136699029,"11":0.356592330097},"15":{"0":0.06086},"16":{"0":7.473608}}