{"1":{"6":0.00644200660066,"7":0.00644200660066,"8":0.547570561056,"9":0.154608158416,"10":0.109514112211,"11":1.12735115512},"2":{"12":0.077363,"13":0.267795,"14":0.583198},"3":{"3":0.011902,"11":0.011902,"12":0.077363,"15":0.017853,"25":0.011902,"26":0.005951,"29":0.005951,"30":0.005951,"31":0.017853,"32":0.011902,"33":0.011902,"34":0.017853,"35":0.011902,"36":0.023804,"37":0.011902,"38":0.023804,"39":0.017853,"40":0.041657,"41":0.017853,"42":0.023804,"43":0.261844,"44":0.077363,"45":0.148775,"46":0.05951,"47":0.410619,"48":0.136873,"49":0.160677,"50":4.487054,"51":0.726022,"52":0.029755,"3.5":0.011902,"3.6":0.017853},"4":{"11":0.035706,"12":0.035706,"14":0.011902,"15":0.011902,"17":0.005951,"18":0.017853,"19":0.017853,"20":0.029755,"21":0.011902,"22":0.023804,"24":0.023804,"25":0.017853,"26":0.041657,"27":0.053559,"28":0.017853,"29":0.041657,"30":0.047608,"31":0.047608,"32":0.065461,"33":0.166628,"34":0.029755,"35":0.011902,"36":0.130922,"37":0.053559,"38":0.05951,"39":0.047608,"40":0.023804,"41":0.017853,"42":0.035706,"43":0.821238,"44":0.11902,"45":0.035706,"46":0.053559,"47":0.089265,"48":0.089265,"49":2.541077,"50":0.130922,"51":0.493933,"52":0.321354,"53":0.511786,"54":0.612953,"55":38.550578,"56":0.726022,"57":0.095216},"5":{"4":0.011902,"8":0.041657,"9":0.017853,"10":0.422521,"5.1":0.005951,"9.1":0.261844},"6":{"36":0.029755,"38":0.047608,"39":0.005951,"40":0.011902,"41":0.023804,"42":0.761728,"43":0.011902,"10.0-10.1":0,"12.1":0.095216},"7":{"8":0,"3.2":0,"4.0-4.1":0,"4.2-4.3":0,"5.0-5.1":0,"6.0-6.1":0.0158514615138,"7.0-7.1":0.074501869115,"8.1-8.4":0.0895607575531,"9.0-9.2":0.0404212268603,"9.3":0.347939580228,"10.0-10.2":3.14374110473},"8":{"0":0.916889676856},"9":{"3":0,"4":0.0837027049608,"2.1":0,"2.2":0,"2.3":0,"4.1":0.270698109661,"4.2-4.3":0.824560689295,"4.4":1.86817313838,"4.4.3-4.4.4":1.0453933577},"10":{"7":0.001012},"11":{"0":0.0020063231441,"10":0,"11":0,"12":0,"11.1":0,"11.5":0,"12.1":0},"12":{"0":27.591762},"13":{"0":0.028336},"14":{"10":0.0268818640777,"11":0.126942135922},"15":{"0":0.198352},"16":{"0":4.00752}}