{"1":{"6":0.0131569602273,"7":0.0131569602273,"8":0.624955610795,"9":0.190775923295,"10":0.138148082386,"11":1.32885298295},"2":{"12":0.067925,"13":0.240825,"14":0.512525},"3":{"3":0.01235,"10":0.006175,"12":0.080275,"15":0.006175,"16":0.006175,"18":0.006175,"21":0.006175,"22":0.01235,"25":0.0247,"26":0.006175,"29":0.006175,"32":0.018525,"33":0.006175,"34":0.018525,"35":0.018525,"36":0.043225,"37":0.030875,"38":0.030875,"39":0.030875,"40":0.06175,"41":0.030875,"42":0.018525,"43":0.339625,"44":0.067925,"45":0.20995,"46":0.08645,"47":0.53105,"48":0.290225,"49":0.265525,"50":5.07585,"51":0.166725,"52":0.006175,"3.5":0.006175,"3.6":0.01235},"4":{"11":0.018525,"12":0.018525,"13":0.030875,"15":0.006175,"16":0.01235,"17":0.01235,"18":0.0247,"19":0.01235,"21":0.01235,"22":0.0247,"24":0.043225,"25":0.0494,"26":0.06175,"27":0.067925,"28":0.018525,"29":0.03705,"30":0.067925,"31":0.055575,"32":0.080275,"33":0.129675,"34":0.030875,"35":0.01235,"36":0.129675,"37":0.06175,"38":0.0741,"39":0.080275,"40":0.080275,"41":0.0247,"42":0.0247,"43":1.068275,"44":0.104975,"45":0.043225,"46":0.0988,"47":0.0741,"48":0.0988,"49":2.439125,"50":0.154375,"51":0.6422,"52":0.438425,"53":0.586625,"54":18.296525,"55":21.8842,"56":0.080275,"57":0.06175},"5":{"4":0.01235,"5":0.018525,"8":0.06175,"9":0.030875,"10":0.426075,"5.1":0.01235,"6.1":0.01235,"9.1":0.35815},"6":{"36":0.03705,"37":0.01235,"38":0.06175,"39":0.018525,"40":0.006175,"41":0.487825,"42":0.30875,"43":0.006175,"10.0-10.1":0,"12.1":0.11115},"7":{"8":0,"3.2":0,"4.0-4.1":0,"4.2-4.3":0,"5.0-5.1":0,"6.0-6.1":0,"7.0-7.1":0.07030951348,"8.1-8.4":0.106734924078,"9.0-9.2":0.0715801673381,"9.3":0.453623427332,"10.0-10.2":3.39815196777},"8":{"0":1.1514605547},"9":{"3":0,"4":0.0789116237331,"2.1":0,"2.2":0,"2.3":0,"4.1":0.259281049409,"4.2-4.3":0.742413439611,"4.4":1.71189910262,"4.4.3-4.4.4":1.02101978463},"10":{"7":0.00286875},"11":{"0":0.0878394453005,"10":0,"11":0,"12":0,"11.1":0,"11.5":0,"12.1":0},"12":{"0":25.375725},"13":{"0":0.02295},"14":{"10":0.02601,"11":0.10404},"15":{"0":0.1989},"16":{"0":3.5649}}