{"1":{"7":0.0168392375367,"8":0.235749325513,"9":0.319945513196,"10":0.15155313783,"11":5.01809278592},"2":{"12":0.109135,"13":0.35259,"14":2.70319},"3":{"16":0.008395,"34":0.008395,"35":0.008395,"36":0.008395,"37":0.01679,"38":0.041975,"39":0.025185,"40":0.01679,"41":0.025185,"42":0.01679,"43":0.092345,"44":0.03358,"45":0.10074,"46":0.109135,"47":0.310615,"48":0.260245,"49":0.243455,"50":8.168335,"51":0.041975,"52":0.008395,"3.6":0.01679},"4":{"11":0.01679,"22":0.15111,"26":0.01679,"31":0.025185,"32":0.109135,"33":0.008395,"34":0.041975,"35":0.20148,"36":1.133325,"37":0.03358,"38":0.10074,"39":0.08395,"40":0.03358,"41":0.01679,"42":0.025185,"43":0.142715,"44":0.06716,"45":0.08395,"46":0.058765,"47":0.612835,"48":0.08395,"49":3.097755,"50":0.11753,"51":0.444935,"52":0.226665,"53":0.36938,"54":28.182015,"55":23.74106,"56":0.125925,"57":0.041975},"5":{"4":0,"5":0.041975,"7":0.01679,"8":0.10074,"9":0.13432,"10":2.13233,"5.1":0.08395,"6.1":0.05037,"9.1":0.562465},"6":{"12":0.008395,"28":0.008395,"36":0.05037,"37":0.008395,"38":0.06716,"41":0.461725,"42":0.18469,"10.0-10.1":0,"12.1":0.025185},"7":{"8":0,"3.2":0,"4.0-4.1":0,"4.2-4.3":0,"5.0-5.1":0,"6.0-6.1":0,"7.0-7.1":0.0590874093585,"8.1-8.4":0.0896989587852,"9.0-9.2":0.060155254106,"9.3":0.381220574837,"10.0-10.2":2.85577280291},"8":{"0":0.116316748844},"9":{"3":0,"4":0.0181003061655,"2.1":0,"2.2":0,"2.3":0,"4.1":0.0594724345439,"4.2-4.3":0.170290635557,"4.4":0.392665825591,"4.4.3-4.4.4":0.234195798142},"10":{"7":0.00601875},"11":{"0":0.00887325115562,"10":0,"11":0,"12":0,"11.1":0,"11.5":0,"12.1":0},"12":{"0":10.28963},"13":{"0":0.020865},"14":{"10":0.066447,"11":0.265788},"15":{"0":0.178155},"16":{"0":1.054485}}