{"1":{"7":0.00836064210526,"8":0.175573484211,"9":0.242458621053,"10":0.117048989474,"11":4.22212426316},"2":{"12":0.08346,"13":0.200304,"14":2.437032},"3":{"34":0.008346,"36":0.016692,"37":0.008346,"38":0.025038,"39":0.016692,"40":0.008346,"41":0.016692,"42":0.025038,"43":0.050076,"44":0.025038,"45":0.091806,"46":0.033384,"47":0.16692,"48":0.183612,"49":0.08346,"50":0.317148,"51":6.918834,"52":0.033384,"53":0.016692},"4":{"11":0.016692,"22":0.116844,"23":0.008346,"26":0.008346,"31":0.016692,"32":0.158574,"34":0.025038,"35":0.16692,"36":0.934752,"37":0.04173,"38":0.100152,"39":0.091806,"40":0.04173,"41":0.025038,"42":0.016692,"43":0.141882,"44":0.075114,"45":0.050076,"46":0.04173,"47":0.492414,"48":0.058422,"49":3.17148,"50":0.075114,"51":0.25038,"52":0.100152,"53":0.225342,"54":0.342186,"55":15.581982,"56":39.943956,"57":0.133536,"58":0.066768},"5":{"4":0,"5":0.033384,"7":0.008346,"8":0.075114,"9":0.108498,"10":2.011386,"5.1":0.050076,"6.1":0.04173,"9.1":0.425646,"10.1":0.016692},"6":{"36":0.050076,"38":0.04173,"42":0.225342,"43":0.4173,"10.0-10.1":0,"12.1":0.016692},"7":{"8":0,"3.2":0,"4.0-4.1":0,"4.2-4.3":0,"5.0-5.1":0,"6.0-6.1":0.0191507753846,"7.0-7.1":0.08455248,"8.1-8.4":0.115265987692,"9.0-9.2":0.0227641292308,"9.3":0.312555107692,"10.0-10.2":2.85129752},"8":{"0":0.107275262009},"9":{"3":0,"4":0.0150139880952,"2.1":0,"2.2":0,"2.3":0,"4.1":0.0450419642857,"4.2-4.3":0.145035125,"4.4":0.320398505952,"4.4.3-4.4.4":0.180768416667},"10":{"7":0.0045485},"11":{"0":0.000234737991266,"10":0,"11":0,"12":0,"11.1":0,"11.5":0,"12.1":0},"12":{"0":11.047862},"13":{"0":0.01654},"14":{"10":0.0537630291262,"11":0.253880970874},"15":{"0":0.13232},"16":{"0":1.043674},"17":{}}