{"1":{"7":0.00838425285896,"8":0.192837815756,"9":0.268296091487,"10":0.125763792884,"11":6.00312504701},"2":{"12":0.075267,"13":0.234164,"14":2.308188},"3":{"16":0.008363,"20":0.008363,"34":0.008363,"37":0.008363,"38":0.033452,"39":0.016726,"40":0.016726,"41":0.025089,"42":0.016726,"43":0.075267,"44":0.025089,"45":0.091993,"46":0.050178,"47":0.225801,"48":0.225801,"49":0.108719,"50":6.297339,"51":0.861389,"52":0.016726},"4":{"11":0.016726,"22":0.100356,"26":0.008363,"31":0.025089,"32":0.175623,"33":0.008363,"34":0.033452,"35":0.259253,"36":1.680963,"37":0.041815,"38":0.100356,"39":0.091993,"40":0.033452,"41":0.025089,"42":0.016726,"43":0.133808,"44":0.066904,"45":0.066904,"46":0.050178,"47":0.869752,"48":0.066904,"49":3.127762,"50":0.100356,"51":0.393061,"52":0.158897,"53":0.275979,"54":0.627225,"55":51.198286,"56":0.802848,"57":0.066904},"5":{"4":0,"5":0.033452,"7":0.008363,"8":0.100356,"9":0.108719,"10":1.982031,"5.1":0.058541,"6.1":0.041815,"9.1":0.459965},"6":{"36":0.041815,"38":0.058541,"39":0.008363,"41":0.008363,"42":0.602136,"10.0-10.1":0,"12.1":0.016726},"7":{"8":0,"3.2":0,"4.0-4.1":0,"4.2-4.3":0,"5.0-5.1":0,"6.0-6.1":0.0144964236148,"7.0-7.1":0.0681331909896,"8.1-8.4":0.0819047934237,"9.0-9.2":0.0369658802178,"9.3":0.318196498345,"10.0-10.2":2.87500321341},"8":{"0":0.115902384279},"9":{"3":0,"4":0.0170313437772,"2.1":0,"2.2":0,"2.3":0,"4.1":0.0550800905135,"4.2-4.3":0.167776854656,"4.4":0.380125098346,"4.4.3-4.4.4":0.212710612707},"10":{"7":0.004908},"11":{"0":0.000253615720524,"10":0,"11":0,"12":0,"11.1":0,"11.5":0,"12.1":0},"12":{"0":10.821851},"13":{"0":0.01636},"14":{"10":0.0557510679612,"11":0.263268932039},"15":{"0":0.152148},"16":{"0":0.999596}}