{"1":{"8":1.013688,"9":0.182286,"10":0.351234,"11":3.094416},"2":{"12":0.164502,"13":0.395694,"14":0.306774},"3":{"3":0.008892,"6":0.057798,"12":0.106704,"23":0.013338,"25":0.062244,"26":0.746928,"29":0.026676,"33":0.102258,"34":0.008892,"37":0.195624,"38":0.062244,"39":0.026676,"41":0.008892,"43":0.062244,"44":0.017784,"45":0.031122,"46":0.017784,"47":0.48906,"48":0.11115,"49":0.26676,"50":6.0021,"51":0.51129,"52":0.06669},"4":{"10":0.026676,"11":0.120042,"18":0.008892,"21":0.048906,"22":0.008892,"30":0.013338,"33":0.342342,"38":0.08892,"39":0.017784,"41":0.017784,"44":0.008892,"45":0.64467,"46":0.048906,"47":0.031122,"49":1.3338,"50":0.053352,"51":0.097812,"52":0.293436,"53":0.395694,"54":1.862874,"55":20.900646,"56":0.529074,"57":0.040014},"5":{"4":0,"6":0.02223,"7":0.013338,"8":0.04446,"9":0.146718,"10":1.262664,"5.1":0.164502,"6.1":0.008892,"9.1":0.364572},"6":{"37":0.013338,"42":0.08892,"10.0-10.1":0},"7":{"8":0,"3.2":0,"4.0-4.1":0,"4.2-4.3":0,"5.0-5.1":0,"6.0-6.1":0.0310222355076,"7.0-7.1":0.145804506886,"8.1-8.4":0.175275630618,"9.0-9.2":0.0791067005445,"9.3":0.680938069393,"10.0-10.2":6.15248485705},"8":{"0":1.08066530568},"9":{"3":0,"4":0.0775844012185,"2.1":0,"2.2":0,"2.3":0,"4.1":0.250911255004,"4.2-4.3":0.764288888599,"4.4":1.73161780592,"4.4.3-4.4.4":0.96897964926},"10":{"7":0.002777},"11":{"0":0.00236469432314,"10":0,"11":0,"12":0,"11.1":0,"11.5":0,"12.1":0},"12":{"0":31.358332},"13":{},"14":{"10":0.0514419029126,"11":0.242920097087},"15":{"0":7.88668},"16":{"0":4.33212}}