{"1":{"8":0.869702259481,"9":2.41439731737,"10":1.99252681836,"11":4.47831760479},"2":{"12":0.382674,"13":0.752376,"14":0.239982},"3":{"5":0.012972,"6":0.03243,"8":0.149178,"12":0.058374,"14":0.012972,"16":0.006486,"18":0.012972,"19":3.398664,"24":0.019458,"26":0.239982,"28":0.045402,"33":0.077832,"36":0.019458,"37":0.006486,"38":0.006486,"39":0.35673,"40":0.025944,"41":0.025944,"42":0.012972,"43":0.499422,"44":0.019458,"45":2.036604,"46":0.06486,"47":1.16748,"48":8.78853,"49":0.25944,"50":9.184176,"51":1.433406},"4":{"4":0.012972,"8":0.038916,"10":0.019458,"11":0.168636,"14":0.012972,"18":0.03243,"21":0.019458,"26":0.03243,"28":0.019458,"29":0.012972,"30":0.019458,"31":0.071346,"33":0.382674,"35":0.03243,"36":0.019458,"37":0.006486,"38":0.051888,"39":0.084318,"41":0.051888,"42":0.012972,"44":0.051888,"45":0.87561,"46":0.038916,"47":0.012972,"48":0.012972,"49":0.836694,"50":0.434562,"51":0.363216,"52":0.25944,"53":0.278898,"54":11.6748,"55":6.991908,"56":0.110262,"57":0.03243},"5":{"4":0,"6":0.071346,"8":0.045402,"9":0.025944,"10":0.428076,"3.1":0.006486,"5.1":0.025944,"9.1":0.175122},"6":{"29":0.03243,"37":0.012972,"41":0.051888,"42":0.051888,"10.0-10.1":0},"7":{"8":0,"3.2":0,"4.0-4.1":0,"4.2-4.3":0,"5.0-5.1":0,"6.0-6.1":0,"7.0-7.1":0.0681478611714,"8.1-8.4":0.10345337961,"9.0-9.2":0.0693794490239,"9.3":0.439676863341,"10.0-10.2":3.29367644685},"8":{"0":1.00233465948},"9":{"3":0,"4":0.0675510109797,"2.1":0,"2.2":0,"2.3":0,"4.1":0.221953321791,"4.2-4.3":0.635530940034,"4.4":1.46544336064,"4.4.3-4.4.4":0.874027366554},"10":{"7":0.0008785},"11":{"0":0.0764633405239,"10":0,"11":0,"12":0,"11.1":0,"11.5":0,"12.1":0},"12":{"0":18.05711},"13":{"0":0.014056},"14":{"10":0.0407624,"11":0.1630496},"15":{"0":7.727286},"16":{"0":1.890532}}