{"1":{"8":0.364344,"9":0.115056,"10":0.134232,"11":3.149658},"2":{"12":0.076704,"13":0.488988,"14":0.829362},"3":{"6":0.105468,"10":0.014382,"12":0.062322,"21":0.009588,"24":0.009588,"26":0.810186,"29":0.019176,"33":0.091086,"37":0.076704,"38":0.062322,"39":0.043146,"42":0.062322,"43":0.04794,"44":0.139026,"45":0.062322,"46":0.038352,"47":0.74307,"48":0.249288,"49":0.268464,"50":0.762246,"51":5.68089,"52":0.656778,"3.6":0.009588},"4":{"8":0.009588,"10":0.009588,"15":0.043146,"18":0.129438,"30":0.16779,"31":0.043146,"33":0.129438,"38":0.11985,"39":0.02397,"40":0.014382,"41":0.153408,"42":0.02397,"43":0.02397,"44":0.043146,"45":0.589662,"46":0.014382,"48":0.057528,"49":0.86292,"50":0.21573,"51":0.488988,"52":0.158202,"53":0.206142,"54":0.858126,"55":4.5543,"56":21.275772,"57":0.02397,"58":0.028764},"5":{"4":0,"6":0.009588,"8":0.354756,"9":0.129438,"10":0.939624,"5.1":0.067116,"9.1":0.21573},"6":{"20":0.009588,"29":0.009588,"38":0.043146,"42":0.009588,"43":0.019176,"10.0-10.1":0},"7":{"8":0,"3.2":0,"4.0-4.1":0,"4.2-4.3":0,"5.0-5.1":0,"6.0-6.1":0.0301240978249,"7.0-7.1":0.133000733793,"8.1-8.4":0.181312966154,"9.0-9.2":0.0358078898674,"9.3":0.491648011671,"10.0-10.2":4.48508030069},"8":{"0":1.32982609607},"9":{"3":0,"4":0.042387287415,"2.1":0,"2.2":0,"2.3":0,"4.1":0.127161862245,"4.2-4.3":0.409461196429,"4.4":0.904544713435,"4.4.3-4.4.4":0.510342940476},"10":{"7":0.002603},"11":{"0":0.00290990393013,"10":0,"11":0,"12":0,"11.1":0,"11.5":0,"12.1":0},"12":{"0":27.172098},"13":{"0":0.010412},"14":{"10":0.0791514174757,"11":0.373770582524},"15":{"0":10.240202},"16":{"0":5.747424},"17":{}}