{"1":{"8":0.141676076923,"9":0.0572733076923,"10":0.0572733076923,"11":0.527517307692},"2":{"12":0.04172,"13":0.03874,"14":0.23542},"3":{"3":0.0149,"4":0.00596,"10":0.00596,"11":0.00894,"12":0.00894,"13":0.00894,"14":0.00596,"15":0.00894,"16":0.00298,"17":0.00596,"20":0.00298,"22":0.00894,"23":0.00298,"24":0.00894,"26":0.01788,"27":0.00596,"28":0.00298,"30":0.00596,"31":0.00894,"32":0.00596,"33":0.00298,"34":0.00596,"35":0.01192,"36":0.00596,"37":0.00596,"38":0.02682,"39":0.01192,"40":0.00894,"41":0.00894,"42":0.00894,"43":0.0745,"44":0.0149,"45":0.16092,"46":0.01788,"47":0.18178,"48":0.07748,"49":0.07748,"50":2.86378,"51":0.298,"52":0.00596,"3.5":0.00894,"3.6":0.0149},"4":{"10":0.00596,"11":0.02682,"12":0.00596,"18":0.00596,"21":0.00298,"22":0.00596,"23":0.00298,"26":0.00298,"27":0.00298,"28":0.00298,"29":0.00596,"30":0.00894,"31":0.03874,"32":0.03576,"33":0.01192,"34":0.01192,"35":0.02682,"36":0.61686,"37":0.01192,"38":0.02086,"39":0.01788,"40":0.01788,"41":0.02682,"42":0.00894,"43":0.0447,"44":0.02682,"45":0.01192,"46":0.01192,"47":0.08642,"48":0.02384,"49":0.89698,"50":0.03278,"51":0.12516,"52":0.09238,"53":0.14304,"54":0.2384,"55":19.64714,"56":0.2384,"57":0.02086},"5":{"4":0,"5":0.00596,"7":0.00298,"8":0.0149,"9":0.03278,"10":0.2831,"5.1":0.00596,"9.1":0.10132},"6":{"29":0.02086,"33":0.01192,"36":0.00894,"37":0.0149,"38":0.0149,"39":0.00596,"41":0.00596,"42":0.15794,"43":0.00894,"10.0-10.1":0,"12.1":0.00596},"7":{"8":0,"3.2":0,"4.0-4.1":0,"4.2-4.3":0,"5.0-5.1":0,"6.0-6.1":0.0122908081563,"7.0-7.1":0.0577667983346,"8.1-8.4":0.0694430660831,"9.0-9.2":0.0313415607985,"9.3":0.269783239031,"10.0-10.2":2.4375745276},"8":{"0":3.28519139738},"9":{"3":0,"4":0.175307545692,"2.1":0,"2.2":0,"2.3":0,"4.1":0.566952062663,"4.2-4.3":1.72696582245,"4.4":3.91271522193,"4.4.3-4.4.4":2.18947934726},"10":{"7":0.01404},"11":{"0":0.00718860262009,"10":0,"11":0,"12":0,"11.1":0,"11.5":0,"12.1":0},"12":{"0":48.5996},"13":{"0":0.00702},"14":{"10":0.165617475728,"11":0.782082524272},"15":{"0":0.58968},"16":{"0":5.98104}}