{"1":{"8":0.164084546125,"9":0.0669732841328,"10":0.0669732841328,"11":0.609456885609},"2":{"12":0.026496,"13":0.052992,"14":0.228528},"3":{"3":0.01656,"4":0.009936,"10":0.009936,"11":0.009936,"12":0.009936,"14":0.006624,"15":0.009936,"16":0.003312,"17":0.009936,"22":0.013248,"24":0.006624,"26":0.009936,"27":0.003312,"28":0.003312,"30":0.006624,"31":0.006624,"32":0.009936,"33":0.003312,"34":0.006624,"35":0.013248,"36":0.006624,"37":0.006624,"38":0.036432,"39":0.013248,"40":0.01656,"41":0.01656,"42":0.009936,"43":0.105984,"44":0.026496,"45":0.145728,"46":0.026496,"47":0.23184,"48":0.112608,"49":0.1656,"50":3.470976,"51":0.026496,"52":0.006624,"3.5":0.006624,"3.6":0.013248},"4":{"10":0.006624,"11":0.036432,"18":0.013248,"22":0.009936,"25":0.006624,"26":0.003312,"27":0.003312,"29":0.006624,"30":0.006624,"31":0.036432,"32":0.019872,"33":0.013248,"34":0.026496,"35":0.019872,"36":0.317952,"37":0.01656,"38":0.019872,"39":0.023184,"40":0.023184,"41":0.036432,"42":0.009936,"43":0.04968,"44":0.04968,"45":0.019872,"46":0.01656,"47":0.072864,"48":0.026496,"49":1.003536,"50":0.04968,"51":0.185472,"52":0.152352,"53":0.245088,"54":10.843488,"55":11.2608,"56":0.046368,"57":0.013248},"5":{"4":0,"5":0.026496,"7":0.003312,"8":0.026496,"9":0.04968,"10":0.374256,"5.1":0.006624,"6.1":0.009936,"7.1":0.003312,"9.1":0.14904},"6":{"29":0.013248,"33":0.026496,"36":0.006624,"37":0.029808,"38":0.019872,"39":0.01656,"40":0.003312,"41":0.129168,"42":0.076176,"10.0-10.1":0},"7":{"8":0,"3.2":0,"4.0-4.1":0,"4.2-4.3":0,"5.0-5.1":0,"6.0-6.1":0,"7.0-7.1":0.0520642941845,"8.1-8.4":0.079037362256,"9.0-9.2":0.0530052151637,"9.3":0.335908789588,"10.0-10.2":2.51633633881},"8":{"0":4.16335728814},"9":{"3":0,"4":0.186829054054,"2.1":0,"2.2":0,"2.3":0,"4.1":0.613866891892,"4.2-4.3":1.75771824324,"4.4":4.05304662162,"4.4.3-4.4.4":2.41733918919},"10":{"7":0.020064},"11":{"0":0.317602711864,"10":0,"11":0,"12":0,"11.1":0,"11.5":0,"12.1":0},"12":{"0":43.966352},"13":{"0":0.006688},"14":{"10":0.2033152,"11":0.8132608},"15":{"0":0.642048},"16":{"0":5.470784}}