{"1":{"8":0.131139701681,"9":0.0548956890756,"10":0.0518459285714,"11":0.487961680672},"2":{"12":0.027333,"13":0.042518,"14":0.221701},"3":{"3":0.015185,"4":0.006074,"10":0.009111,"11":0.009111,"12":0.012148,"13":0.003037,"14":0.003037,"15":0.009111,"16":0.003037,"17":0.006074,"22":0.012148,"24":0.009111,"25":0.003037,"26":0.012148,"27":0.003037,"28":0.003037,"29":0.003037,"30":0.009111,"31":0.006074,"32":0.009111,"33":0.003037,"34":0.006074,"35":0.012148,"36":0.003037,"37":0.009111,"38":0.042518,"39":0.012148,"40":0.015185,"41":0.024296,"42":0.009111,"43":0.066814,"44":0.021259,"45":0.118443,"46":0.021259,"47":0.157924,"48":0.072888,"49":0.054666,"50":0.227775,"51":3.179739,"52":0.024296,"53":0.003037,"3.5":0.006074,"3.6":0.009111},"4":{"10":0.003037,"11":0.024296,"18":0.006074,"20":0.003037,"22":0.003037,"23":0.003037,"26":0.009111,"29":0.006074,"30":0.009111,"31":0.045555,"32":0.039481,"33":0.009111,"34":0.006074,"35":0.012148,"36":0.713695,"37":0.015185,"38":0.021259,"39":0.015185,"40":0.012148,"41":0.024296,"42":0.009111,"43":0.036444,"44":0.024296,"45":0.015185,"46":0.012148,"47":0.06074,"48":0.018222,"49":0.804805,"50":0.033407,"51":0.145776,"52":0.078962,"53":0.118443,"54":0.130591,"55":4.992828,"56":15.652698,"57":0.051629,"58":0.012148},"5":{"4":0,"5":0.003037,"7":0.003037,"8":0.024296,"9":0.036444,"10":0.349255,"5.1":0.015185,"9.1":0.088073},"6":{"29":0.006074,"33":0.006074,"36":0.006074,"37":0.006074,"38":0.018222,"39":0.012148,"42":0.063777,"43":0.094147,"44":0.003037,"10.0-10.1":0,"12.1":0.003037},"7":{"8":0,"3.2":0,"4.0-4.1":0,"4.2-4.3":0,"5.0-5.1":0,"6.0-6.1":0.0175024332095,"7.0-7.1":0.0772748937931,"8.1-8.4":0.105344833846,"9.0-9.2":0.0208047790981,"9.3":0.285652919363,"10.0-10.2":2.60588114069},"8":{"0":2.80690996507},"9":{"3":0,"4":0.157200382653,"2.1":0,"2.2":0,"2.3":0,"4.1":0.471601147959,"4.2-4.3":1.51855569643,"4.4":3.35465616582,"4.4.3-4.4.4":1.89269260714},"10":{"7":0.013926},"11":{"0":0.0061420349345,"10":0,"11":0,"12":0,"11.1":0,"11.5":0,"12.1":0},"12":{"0":49.583955},"13":{"0":0.006963},"14":{"10":0.144803359223,"11":0.683793640777},"15":{"0":0.536151},"16":{"0":5.828031},"17":{}}