{"1":{"7":0.00357036792453,"8":0.135673981132,"9":0.249925754717,"10":0.22850354717,"11":3.15977561321},"2":{"12":0.028296,"13":0.17685,"14":0.962064},"3":{"3":0.010611,"17":0.007074,"21":0.003537,"24":0.007074,"31":0.003537,"35":0.028296,"37":0.003537,"38":0.07074,"39":0.007074,"40":0.007074,"41":0.007074,"42":0.014148,"43":0.042444,"44":0.017685,"45":0.038907,"46":0.03537,"47":0.166239,"48":0.166239,"49":0.074277,"50":1.818018,"51":0.28296,"52":0.010611,"3.6":0.003537},"4":{"10":0.007074,"11":0.007074,"21":0.003537,"22":0.028296,"23":0.003537,"24":0.007074,"25":0.003537,"26":0.003537,"27":0.003537,"28":0.007074,"29":0.017685,"30":0.007074,"31":0.056592,"32":0.074277,"33":0.024759,"34":0.031833,"35":0.03537,"36":0.300645,"37":0.010611,"38":0.031833,"39":0.03537,"40":0.014148,"41":0.014148,"42":0.024759,"43":0.183924,"44":0.031833,"45":0.038907,"46":0.031833,"47":0.049518,"48":0.03537,"49":0.809973,"50":0.07074,"51":0.336015,"52":0.162702,"53":0.251127,"54":0.286497,"55":20.917818,"56":0.321867,"57":0.099036},"5":{"4":0.003537,"5":0.007074,"6":0.007074,"7":0.031833,"8":0.088425,"9":0.099036,"10":1.02573,"5.1":0.024759,"6.1":0.017685,"7.1":0.045981,"9.1":0.307719},"6":{"28":0.007074,"29":0.014148,"36":0.003537,"37":0.010611,"38":0.049518,"39":0.003537,"40":0.007074,"41":0.007074,"42":0.307719,"10.0-10.1":0,"12.1":0.010611},"7":{"8":0,"3.2":0,"4.0-4.1":0,"4.2-4.3":0,"5.0-5.1":0,"6.0-6.1":0.0368446888011,"7.0-7.1":0.173170037365,"8.1-8.4":0.208172491726,"9.0-9.2":0.0939539564428,"9.3":0.808740919184,"10.0-10.2":7.30722290648},"8":{"0":7.27434639301},"9":{"3":0,"4":0.0388623733681,"2.1":0,"2.2":0,"2.3":0,"4.1":0.125682569191,"4.2-4.3":0.382835720627,"4.4":0.867375099217,"4.4.3-4.4.4":0.485366237598},"10":{"7":0.02423625},"11":{"0":0.0159176069869,"10":0,"11":0,"12":0,"11.1":0,"11.5":0,"12.1":0},"12":{"0":20.927228},"13":{"0":0.012926},"14":{"10":0.0440487961165,"11":0.208008203883},"15":{"0":21.631661},"16":{"0":3.29613}}