{"1":{"8":1.03664626556,"9":1.15689723237,"10":1.14445747718,"11":2.64966785477},"2":{"12":0.028966,"13":0.140692,"14":0.922774},"3":{"2":0.459318,"3":0.008276,"14":0.004138,"15":0.384834,"17":0.004138,"18":0.426214,"21":0.492422,"23":0.388972,"25":0.939326,"31":0.008276,"35":0.016552,"38":0.033104,"39":0.008276,"40":0.008276,"42":0.008276,"43":0.02069,"44":0.008276,"45":0.028966,"46":0.016552,"47":0.086898,"48":0.049656,"49":0.070346,"50":0.157244,"51":1.742098,"52":0.091036},"4":{"10":0.008276,"11":0.004138,"12":0.004138,"19":0.500698,"22":0.024828,"24":1.502094,"25":0.004138,"26":0.004138,"27":0.004138,"28":0.004138,"29":0.012414,"30":0.47587,"31":0.049656,"32":0.053794,"33":0.02069,"34":0.028966,"35":0.97243,"36":0.12414,"37":0.008276,"38":0.033104,"39":0.028966,"40":0.008276,"41":0.008276,"42":0.008276,"43":0.136554,"44":0.024828,"45":0.028966,"46":0.028966,"47":0.049656,"48":0.016552,"49":0.657942,"50":0.04138,"51":0.148968,"52":0.06207,"53":0.173796,"54":0.10345,"55":4.460764,"56":14.325756,"57":0.066208,"58":0.091036},"5":{"4":0,"5":0.442766,"6":0.004138,"7":0.024828,"8":0.074484,"9":0.078622,"10":0.964154,"5.1":0.024828,"6.1":0.016552,"7.1":0.028966,"9.1":0.211038},"6":{"28":0.008276,"29":0.008276,"36":0.008276,"37":0.008276,"38":0.024828,"40":0.004138,"42":0.099312,"43":0.182072,"10.0-10.1":0.43449,"12.1":0.012414},"7":{"8":0,"3.2":0,"4.0-4.1":0,"4.2-4.3":0,"5.0-5.1":0,"6.0-6.1":0.044270694748,"7.0-7.1":0.195459293793,"8.1-8.4":0.266459464615,"9.0-9.2":0.0526236560212,"9.3":0.722531150133,"10.0-10.2":6.59132174069},"8":{"0":5.49239962009},"9":{"3":0,"4":0.0333974489796,"2.1":0,"2.2":0,"2.3":0,"4.1":0.100192346939,"4.2-4.3":0.322619357143,"4.4":0.712701561224,"4.4.3-4.4.4":0.402105285714},"10":{"7":0.020517},"11":{"0":0.0120183799127,"10":0,"11":0,"12":0,"11.1":0,"11.5":0,"12.1":0},"12":{"0":20.3008},"13":{"0":0.017586},"14":{"10":0.0389282330097,"11":0.18382776699},"15":{"0":19.561494},"16":{"0":2.977896},"17":{}}