{"1":{"6":0.00666862007168,"8":0.170049811828,"9":0.226733082437,"10":0.346768243728,"11":2.9675359319},"2":{"12":0.046102,"13":0.187701,"14":0.92204},"3":{"3":0.013172,"12":0.006586,"15":0.003293,"17":0.003293,"21":0.006586,"22":0.006586,"24":0.003293,"31":0.003293,"33":0.003293,"34":0.003293,"35":0.016465,"36":0.006586,"37":0.006586,"38":0.052688,"39":0.009879,"40":0.009879,"41":0.006586,"42":0.013172,"43":0.046102,"44":0.026344,"45":0.052688,"46":0.026344,"47":0.161357,"48":0.121841,"49":0.135013,"50":1.883596,"51":0.085618,"3.6":0.006586},"4":{"11":0.006586,"19":0.003293,"20":0.003293,"21":0.003293,"22":0.026344,"24":0.009879,"26":0.006586,"27":0.003293,"28":0.006586,"29":0.013172,"30":0.006586,"31":0.049395,"32":0.055981,"33":0.029637,"34":0.026344,"35":0.023051,"36":0.177822,"37":0.009879,"38":0.03293,"39":0.03293,"40":0.016465,"41":0.023051,"42":0.016465,"43":0.148185,"44":0.03293,"45":0.042809,"46":0.042809,"47":0.055981,"48":0.03293,"49":0.82325,"50":0.046102,"51":0.319421,"52":0.204166,"53":0.184408,"54":9.493719,"55":10.096338,"56":0.095497,"57":0.085618},"5":{"4":0.003293,"5":0.006586,"6":0.009879,"7":0.023051,"8":0.105376,"9":0.111962,"10":0.928626,"5.1":0.026344,"6.1":0.023051,"7.1":0.013172,"9.1":0.345765},"6":{"28":0.013172,"36":0.003293,"37":0.019758,"38":0.042809,"40":0.003293,"41":0.200873,"42":0.105376,"10.0-10.1":0,"12.1":0.003293},"7":{"8":0,"3.2":0,"4.0-4.1":0,"4.2-4.3":0,"5.0-5.1":0,"6.0-6.1":0,"7.0-7.1":0.147896243363,"8.1-8.4":0.22451718872,"9.0-9.2":0.150569067039,"9.3":0.954198052061,"10.0-10.2":7.14802144882},"8":{"0":11.0735876995},"9":{"3":0,"4":0.0444112162162,"2.1":0,"2.2":0,"2.3":0,"4.1":0.145922567568,"4.2-4.3":0.417827972973,"4.4":0.963451486486,"4.4.3-4.4.4":0.574626756757},"10":{"7":0.0301815},"11":{"0":0.844751300462,"10":0,"11":0,"12":0,"11.1":0,"11.5":0,"12.1":0},"12":{"0":20.720032},"13":{"0":0.020121},"14":{"10":0.0549974,"11":0.2199896},"15":{"0":19.671631},"16":{"0":3.038271}}