{"1":{"8":0.116637510373,"9":0.0816462572614,"10":0.0874781327801,"11":2.52520209959},"2":{"12":0.103896,"13":0.305916,"14":2.787876},"3":{"3":0.005772,"6":0.005772,"7":0.005772,"11":0.017316,"14":0.011544,"15":0.011544,"16":0.051948,"18":0.011544,"19":0.005772,"20":0.046176,"23":0.051948,"24":0.051948,"25":0.005772,"26":0.017316,"28":0.023088,"30":0.023088,"31":0.051948,"32":0.167388,"33":0.017316,"34":0.046176,"35":0.034632,"36":0.017316,"37":0.017316,"38":0.207792,"39":0.126984,"40":0.063492,"41":0.23088,"42":0.046176,"43":0.126984,"44":0.080808,"45":0.236652,"46":0.051948,"47":0.2886,"48":0.427128,"49":0.386724,"50":0.66378,"51":10.233756,"52":0.05772,"3.6":0.017316},"4":{"11":0.017316,"18":0.005772,"21":0.005772,"22":0.011544,"24":0.017316,"26":0.005772,"28":0.005772,"29":0.011544,"30":0.023088,"31":0.017316,"32":0.08658,"33":0.017316,"34":0.02886,"35":0.017316,"36":0.352092,"37":0.011544,"38":0.02886,"39":0.02886,"40":0.017316,"41":0.034632,"42":0.023088,"43":0.034632,"44":0.213564,"45":0.023088,"46":0.02886,"47":0.069264,"48":0.08658,"49":1.033188,"50":0.040404,"51":0.20202,"52":0.109668,"53":0.31746,"54":0.958152,"55":6.037512,"56":19.10532,"57":0.075036,"58":0.046176},"5":{"4":0.011544,"5":0.05772,"6":0.017316,"7":0.040404,"8":0.126984,"9":0.190476,"10":3.168828,"5.1":0.190476,"6.1":0.098124,"7.1":0.02886,"9.1":0.825396,"10.1":0.023088},"6":{"36":0.213564,"42":0.126984,"43":0.207792,"10.0-10.1":0,"12.1":0.011544},"7":{"8":0,"3.2":0,"4.0-4.1":0,"4.2-4.3":0,"5.0-5.1":0,"6.0-6.1":0.0499404913528,"7.0-7.1":0.22049198069,"8.1-8.4":0.300585221538,"9.0-9.2":0.0593632255703,"9.3":0.815066509814,"10.0-10.2":7.43547957103},"8":{"0":0.219324078603},"9":{"3":0,"4":0.039628125,"2.1":0,"2.2":0,"2.3":0,"4.1":0.118884375,"4.2-4.3":0.3828076875,"4.4":0.8456641875,"4.4.3-4.4.4":0.477122625},"10":{"7":0.01373775},"11":{"0":0.00047992139738,"10":0,"11":0,"12":0,"11.1":0,"11.5":0,"12.1":0},"12":{"0":28.524948},"13":{"0":0.04227},"14":{"10":0.0768246990291,"11":0.362783300971},"15":{"0":0.105675},"16":{"0":3.723987},"17":{}}