{"1":{"8":0.14650756871,"9":0.121027991543,"10":0.171987145877,"11":2.57343729387},"2":{"12":0.150648,"13":0.401728,"14":2.918805},"3":{"3":0.012554,"5":0.006277,"7":0.012554,"11":0.025108,"12":0.025108,"13":0.006277,"14":0.012554,"15":0.025108,"16":0.050216,"20":0.018831,"21":0.006277,"23":0.119263,"24":0.037662,"25":0.018831,"26":0.006277,"28":0.012554,"29":0.006277,"30":0.025108,"31":0.075324,"32":0.169479,"33":0.018831,"34":0.037662,"35":0.056493,"36":0.037662,"37":0.050216,"38":0.238526,"39":0.031385,"40":0.094155,"41":0.364066,"42":0.075324,"43":0.182033,"44":0.12554,"45":0.175756,"46":0.06277,"47":0.238526,"48":0.552376,"49":0.621423,"50":10.444928,"51":1.293062,"52":0.012554,"3.6":0.025108},"4":{"11":0.012554,"18":0.012554,"22":0.006277,"26":0.012554,"28":0.018831,"29":0.025108,"30":0.025108,"31":0.025108,"32":0.144371,"33":0.012554,"34":0.06277,"35":0.025108,"36":0.56493,"37":0.018831,"38":0.037662,"39":0.031385,"40":0.037662,"41":0.018831,"42":0.037662,"43":0.18831,"44":0.31385,"45":0.112986,"46":0.050216,"47":0.037662,"48":0.081601,"49":1.211461,"50":0.056493,"51":0.200864,"52":0.18831,"53":0.351512,"54":1.173799,"55":26.457555,"56":0.489606,"57":0.081601},"5":{"4":0.012554,"5":0.06277,"6":0.012554,"7":0.018831,"8":0.163202,"9":0.150648,"10":3.125946,"5.1":0.18831,"6.1":0.100432,"7.1":0.025108,"9.1":0.734409,"10.1":0.025108},"6":{"36":0.182033,"38":0.012554,"42":0.351512,"10.0-10.1":0,"12.1":0.018831},"7":{"8":0,"3.2":0,"4.0-4.1":0,"4.2-4.3":0,"5.0-5.1":0,"6.0-6.1":0.0319080217786,"7.0-7.1":0.149967702359,"8.1-8.4":0.180280323049,"9.0-9.2":0.0813654555354,"9.3":0.70038107804,"10.0-10.2":6.32815841924},"8":{"0":0.390061473799},"9":{"3":0,"4":0.0360926866841,"2.1":0,"2.2":0,"2.3":0,"4.1":0.116725284595,"4.2-4.3":0.355551360313,"4.4":0.805558049608,"4.4.3-4.4.4":0.450774618799},"10":{"7":0.00837675},"11":{"0":0.000853526200873,"10":0,"11":0,"12":0,"11.1":0,"11.5":0,"12.1":0},"12":{"0":24.125941},"13":{"0":0.044676},"14":{"10":0.0761226990291,"11":0.359468300971},"15":{"0":0.085629},"16":{"0":4.493661}}