{"1":{"6":0.0270140073801,"7":0.0270140073801,"8":0.634829173432,"9":0.202605055351,"10":0.256633070111,"11":2.51230268635},"2":{"12":0.082901,"13":0.204064,"14":0.969304},"3":{"2":0.038262,"3":0.044639,"4":0.006377,"10":0.006377,"11":0.006377,"12":0.012754,"13":0.006377,"16":0.006377,"20":0.006377,"21":0.006377,"28":0.012754,"29":0.006377,"30":0.006377,"31":0.012754,"32":0.006377,"33":0.012754,"34":0.012754,"35":0.019131,"36":0.012754,"37":0.019131,"38":0.070147,"39":0.025508,"40":0.031885,"41":0.019131,"42":0.025508,"43":0.159425,"44":0.044639,"45":0.210441,"46":0.133917,"47":0.548422,"48":0.420882,"49":0.388997,"50":9.099979,"51":0.114786,"52":0.012754,"3.5":0.019131,"3.6":0.044639},"4":{"4":0.012754,"11":0.019131,"14":0.006377,"18":0.012754,"22":0.082901,"26":0.019131,"28":0.006377,"29":0.019131,"30":0.019131,"31":0.031885,"32":0.012754,"33":0.012754,"34":0.051016,"35":0.025508,"36":0.070147,"37":0.031885,"38":0.038262,"39":0.076524,"40":0.038262,"41":0.025508,"42":0.031885,"43":0.178556,"44":0.044639,"45":0.025508,"46":0.038262,"47":0.070147,"48":0.140294,"49":3.067337,"50":0.159425,"51":0.790748,"52":0.267834,"53":0.325227,"54":16.675855,"55":16.816149,"56":0.102032,"57":0.031885},"5":{"4":0.025508,"5":0.012754,"7":0.006377,"8":0.031885,"9":0.044639,"10":0.503783,"5.1":0.025508,"6.1":0.012754,"9.1":0.153048},"6":{"12":0.006377,"28":0.006377,"34":0.006377,"35":0.006377,"36":0.184933,"37":0.025508,"38":0.133917,"39":0.012754,"40":0.019131,"41":1.504972,"42":0.790748,"43":0.006377,"9.5-9.6":0.006377,"10.0-10.1":0,"12.1":0.095655},"7":{"8":0,"3.2":0,"4.0-4.1":0,"4.2-4.3":0,"5.0-5.1":0,"6.0-6.1":0,"7.0-7.1":0.0889363561616,"8.1-8.4":0.135011817787,"9.0-9.2":0.0905436397066,"9.3":0.573800225597,"10.0-10.2":4.29841196075},"8":{"0":0.696612730354},"9":{"3":0,"4":0.0589095050676,"2.1":0,"2.2":0,"2.3":0,"4.1":0.193559802365,"4.2-4.3":0.554230241554,"4.4":1.27797558953,"4.4.3-4.4.4":0.762216861486},"10":{"7":0.019921},"11":{"0":0.0531412696456,"10":0,"11":0,"12":0,"11.1":0,"11.5":0,"12.1":0},"12":{"0":24.087948},"13":{"0":0.10866},"14":{"10":0.1854464,"11":0.7417856},"15":{"0":0.170234},"16":{"0":3.455388}}