{"1":{"6":0.0198196599265,"7":0.0264262132353,"8":0.515311158088,"9":0.184983492647,"10":0.323721112132,"11":2.52370336397},"2":{"12":0.069971,"13":0.184469,"14":1.068648},"3":{"2":0.031805,"3":0.044527,"4":0.006361,"11":0.006361,"12":0.012722,"16":0.006361,"19":0.006361,"20":0.006361,"26":0.006361,"28":0.012722,"29":0.006361,"30":0.006361,"31":0.012722,"32":0.006361,"33":0.012722,"34":0.012722,"35":0.019083,"36":0.012722,"37":0.019083,"38":0.057249,"39":0.019083,"40":0.031805,"41":0.025444,"42":0.025444,"43":0.152664,"44":0.025444,"45":0.286245,"46":0.095415,"47":0.464353,"48":0.502519,"49":0.209913,"50":8.294744,"51":1.183146,"52":0.025444,"3.5":0.019083,"3.6":0.038166},"4":{"4":0.012722,"11":0.019083,"12":0.006361,"14":0.006361,"18":0.012722,"22":0.031805,"26":0.019083,"28":0.012722,"29":0.012722,"30":0.019083,"31":0.025444,"32":0.012722,"33":0.012722,"34":0.057249,"35":0.025444,"36":0.114498,"37":0.031805,"38":0.038166,"39":0.089054,"40":0.038166,"41":0.019083,"42":0.025444,"43":0.146303,"44":0.044527,"45":0.019083,"46":0.025444,"47":0.06361,"48":0.095415,"49":3.085085,"50":0.12722,"51":0.661544,"52":0.19083,"53":0.273523,"54":0.547046,"55":33.497026,"56":0.578851,"57":0.050888},"5":{"4":0.019083,"5":0.012722,"8":0.025444,"9":0.038166,"10":0.521602,"5.1":0.019083,"6.1":0.012722,"9.1":0.114498},"6":{"12":0.006361,"28":0.006361,"30":0.006361,"34":0.006361,"35":0.006361,"36":0.171747,"37":0.012722,"38":0.108137,"39":0.012722,"40":0.012722,"41":0.044527,"42":2.060964,"43":0.012722,"9.5-9.6":0.006361,"10.0-10.1":0,"12.1":0.089054},"7":{"8":0,"3.2":0,"4.0-4.1":0,"4.2-4.3":0,"5.0-5.1":0,"6.0-6.1":0.0225231557596,"7.0-7.1":0.10585883207,"8.1-8.4":0.127255830042,"9.0-9.2":0.0574340471869,"9.3":0.494383268923,"10.0-10.2":4.46690486602},"8":{"0":0.628345065502},"9":{"3":0,"4":0.0522620365535,"2.1":0,"2.2":0,"2.3":0,"4.1":0.169017650131,"4.2-4.3":0.514836657963,"4.4":1.16644417755,"4.4.3-4.4.4":0.652719477807},"10":{"7":0.0182},"11":{"0":0.00137493449782,"10":0,"11":0,"12":0,"11.1":0,"11.5":0,"12.1":0},"12":{"0":24.510447},"13":{"0":0.09828},"14":{"10":0.145670679612,"11":0.687889320388},"15":{"0":0.15652},"16":{"0":3.4944}}