{"1":{"6":0.0146935696203,"7":0.0146935696203,"8":0.352645670886,"9":0.161629265823,"10":0.110201772152,"11":1.6677201519},"2":{"12":0.03539,"13":0.099092,"14":0.842282},"3":{"3":0.014156,"11":0.007078,"12":0.014156,"15":0.014156,"16":0.007078,"20":0.014156,"24":0.014156,"26":0.007078,"27":0.007078,"28":0.014156,"29":0.014156,"30":0.014156,"31":0.014156,"32":0.007078,"33":0.028312,"34":0.014156,"35":0.028312,"36":0.03539,"37":0.028312,"38":0.169872,"39":0.03539,"40":0.03539,"41":0.03539,"42":0.049546,"43":0.14156,"44":0.03539,"45":0.148638,"46":0.056624,"47":0.346822,"48":0.332666,"49":0.184028,"50":0.580396,"51":11.947664,"52":0.290198,"53":0.021234,"3.5":0.014156,"3.6":0.03539},"4":{"11":0.021234,"12":0.007078,"18":0.021234,"22":0.056624,"25":0.014156,"26":0.063702,"27":0.007078,"29":0.028312,"30":0.014156,"31":0.042468,"32":0.03539,"33":0.028312,"34":0.084936,"35":0.021234,"36":0.092014,"37":0.021234,"38":0.042468,"39":0.063702,"40":0.028312,"41":0.014156,"42":0.021234,"43":0.092014,"44":0.056624,"45":0.028312,"46":0.028312,"47":0.077858,"48":0.049546,"49":4.098162,"50":0.056624,"51":0.21234,"52":0.134482,"53":0.240652,"54":0.219418,"55":9.477442,"56":31.235214,"57":0.17695,"58":0.120326},"5":{"4":0.007078,"5":0.007078,"7":0.007078,"8":0.021234,"9":0.028312,"10":0.403446,"5.1":0.028312,"6.1":0.007078,"9.1":0.10617},"6":{"12":0.007078,"26":0.007078,"28":0.007078,"29":0.007078,"30":0.014156,"31":0.007078,"34":0.007078,"35":0.021234,"36":0.24773,"37":0.014156,"38":0.021234,"39":0.014156,"40":0.014156,"41":0.021234,"42":0.835204,"43":1.656252,"10.0-10.1":0,"11.6":0.014156,"12.1":0.198184},"7":{"8":0,"3.2":0,"4.0-4.1":0,"4.2-4.3":0,"5.0-5.1":0,"6.0-6.1":0.015171377931,"7.0-7.1":0.0669830648276,"8.1-8.4":0.09131452,"9.0-9.2":0.018033902069,"9.3":0.247608337931,"10.0-10.2":2.25881779724},"8":{"0":0.924567875546},"9":{"3":0,"4":0.0476603103741,"2.1":0,"2.2":0,"2.3":0,"4.1":0.142980931122,"4.2-4.3":0.460398598214,"4.4":1.01707102338,"4.4.3-4.4.4":0.573830136905},"10":{"7":0.01096125},"11":{"0":0.00202312445415,"10":0,"11":0,"12":0,"11.1":0,"11.5":0,"12.1":0},"12":{"0":20.640631},"13":{"0":0.017538},"14":{"10":0.133833669903,"11":0.631992330097},"15":{"0":0.105228},"16":{"0":1.882412},"17":{}}