{"1":{"8":0.163613861111,"9":0.0455973055556,"10":0.131427527778,"11":0.818069305556},"2":{"12":0.104364,"13":0.259572,"14":0.243516},"3":{"2":0.002676,"3":0.04014,"4":0.018732,"5":0.008028,"6":0.010704,"7":0.005352,"8":0.010704,"9":0.008028,"10":0.016056,"11":0.021408,"12":0.029436,"13":0.016056,"14":0.029436,"15":0.018732,"16":0.01338,"17":0.018732,"18":0.010704,"19":0.016056,"20":0.008028,"21":0.018732,"22":0.008028,"23":0.01338,"24":0.016056,"25":0.010704,"26":0.005352,"27":0.005352,"28":0.01338,"29":0.029436,"30":0.029436,"31":0.02676,"32":0.008028,"33":0.01338,"34":0.042816,"35":0.032112,"36":0.024084,"37":0.016056,"38":0.032112,"39":0.024084,"40":0.056196,"41":0.048168,"42":0.032112,"43":0.176616,"44":0.219432,"45":0.072252,"46":0.04014,"47":0.452244,"48":0.144504,"49":0.216756,"50":4.993416,"51":0.94998,"52":0.08028,"53":0.002676,"3.5":0.005352,"3.6":0.016056},"4":{"10":0.008028,"11":0.016056,"15":0.005352,"18":0.002676,"20":0.002676,"22":0.01338,"23":0.010704,"25":0.005352,"26":0.002676,"27":0.002676,"28":0.016056,"29":0.05352,"30":0.002676,"31":0.016056,"32":0.206052,"33":0.021408,"35":0.005352,"36":0.232812,"37":0.002676,"39":0.005352,"40":0.010704,"41":0.005352,"42":0.01338,"43":0.318444,"44":0.005352,"45":0.115068,"46":0.010704,"47":0.045492,"48":0.037464,"49":0.310416,"50":0.042816,"51":0.0669,"52":0.099012,"53":0.339852,"54":0.232812,"55":10.976952,"56":0.663648,"57":0.099012},"5":{"4":0,"6":0.005352,"7":0.002676,"8":0.058872,"9":0.037464,"10":0.417456,"5.1":0.024084,"6.1":0.002676,"7.1":0.005352,"9.1":0.128448},"6":{"17":0.002676,"18":0.01338,"20":0.016056,"26":0.005352,"29":0.021408,"30":0.002676,"34":0.005352,"35":0.010704,"36":0.005352,"37":0.056196,"38":0.002676,"39":0.005352,"40":0.008028,"41":0.016056,"42":0.479004,"10.0-10.1":0,"10.6":0.002676,"11.6":0.04014,"12.1":0.010704},"7":{"8":0,"3.2":0,"4.0-4.1":0,"4.2-4.3":0,"5.0-5.1":0,"6.0-6.1":0.00537942991353,"7.0-7.1":0.0252833205936,"8.1-8.4":0.0303937790114,"9.0-9.2":0.0137175462795,"9.3":0.118078486602,"10.0-10.2":1.0668754376},"8":{"0":50.425260262},"9":{"3":0,"4":0.0470355056571,"2.1":0,"2.2":0,"2.3":0,"4.1":0.152114826806,"4.2-4.3":0.463349768494,"4.4":1.04979245605,"4.4.3-4.4.4":0.587443442994},"10":{"7":0.084226},"11":{"0":0.110339737991,"10":0,"11":0,"12":0,"11.1":0,"11.5":0,"12.1":0},"12":{"0":9.62048},"13":{"0":0.014648},"14":{"10":0.12671231068,"11":0.59836368932},"15":{"0":6.88456},"16":{"0":1.237756}}