{"1":{"8":0.190961262295,"9":0.0272801803279,"10":0.157618819672,"11":0.918432737705},"2":{"12":0.147833,"13":0.295666,"14":0.325836},"3":{"2":0.003017,"3":0.051289,"4":0.036204,"5":0.012068,"6":0.021119,"7":0.018102,"8":0.024136,"9":0.006034,"10":0.012068,"11":0.015085,"12":0.045255,"13":0.021119,"14":0.03017,"15":0.012068,"16":0.021119,"17":0.015085,"18":0.021119,"19":0.015085,"20":0.057323,"21":0.021119,"22":0.006034,"23":0.009051,"24":0.009051,"25":0.018102,"26":0.003017,"27":0.006034,"28":0.015085,"29":0.042238,"30":0.033187,"31":0.066374,"32":0.009051,"33":0.015085,"34":0.024136,"35":0.033187,"36":0.027153,"37":0.027153,"38":0.03017,"39":0.018102,"40":0.078442,"41":0.051289,"42":0.042238,"43":0.171969,"44":0.298683,"45":0.111629,"46":0.039221,"47":0.398244,"48":0.193088,"49":0.223258,"50":0.434448,"51":6.236139,"52":0.6034,"53":0.024136,"54":0.003017,"3.5":0.009051,"3.6":0.018102},"4":{"10":0.003017,"11":0.024136,"15":0.009051,"16":0.006034,"19":0.006034,"20":0.006034,"22":0.009051,"23":0.027153,"25":0.018102,"26":0.003017,"28":0.012068,"29":0.045255,"31":0.009051,"32":0.199122,"33":0.045255,"35":0.003017,"36":0.253428,"39":0.006034,"40":0.018102,"41":0.003017,"42":0.009051,"43":0.334887,"44":0.006034,"45":0.093527,"46":0.015085,"47":0.039221,"48":0.015085,"49":0.223258,"50":0.063357,"51":0.057323,"52":0.027153,"53":0.404278,"54":0.24136,"55":2.676079,"56":10.520279,"57":0.075425,"58":0.081459},"5":{"4":0,"6":0.006034,"7":0.015085,"8":0.075425,"9":0.039221,"10":0.597366,"5.1":0.021119,"6.1":0.003017,"7.1":0.006034,"9.1":0.178003},"6":{"12":0.006034,"15":0.006034,"16":0.003017,"19":0.003017,"26":0.009051,"28":0.009051,"29":0.006034,"30":0.003017,"34":0.003017,"35":0.009051,"36":0.006034,"37":0.024136,"38":0.006034,"39":0.006034,"40":0.003017,"41":0.012068,"42":0.193088,"43":0.398244,"10.0-10.1":0,"11.6":0.018102,"12.1":0.006034},"7":{"8":0,"3.2":0,"4.0-4.1":0,"4.2-4.3":0,"5.0-5.1":0,"6.0-6.1":0.00808916647215,"7.0-7.1":0.0357144331034,"8.1-8.4":0.0486876246154,"9.0-9.2":0.00961542429708,"9.3":0.132021301857,"10.0-10.2":1.20437004966},"8":{"0":45.234654262},"9":{"3":0,"4":0.0599730442177,"2.1":0,"2.2":0,"2.3":0,"4.1":0.179919132653,"4.2-4.3":0.579339607143,"4.4":1.27982476361,"4.4.3-4.4.4":0.722075452381},"10":{"7":0.1152195},"11":{"0":0.0989817379913,"10":0,"11":0,"12":0,"11.1":0,"11.5":0,"12.1":0},"12":{"0":11.461384},"13":{"0":0.013966},"14":{"10":0.123253339806,"11":0.582029660194},"15":{"0":5.740026},"16":{"0":1.403583},"17":{}}