{"1":{"8":0.104832,"9":0.034398,"10":0.091728,"11":0.478296},"2":{"12":0.068796,"13":0.230958,"14":0.121212},"3":{"3":0.019656,"4":0.018018,"5":0.021294,"6":0.00819,"7":0.001638,"8":0.006552,"9":0.006552,"10":0.00819,"11":0.013104,"12":0.026208,"13":0.011466,"14":0.019656,"15":0.021294,"16":0.011466,"17":0.013104,"18":0.009828,"19":0.01638,"20":0.088452,"21":0.009828,"22":0.004914,"23":0.009828,"24":0.006552,"25":0.009828,"27":0.001638,"28":0.00819,"29":0.01638,"30":0.019656,"31":0.027846,"32":0.009828,"33":0.009828,"34":0.018018,"35":0.021294,"36":0.022932,"37":0.013104,"38":0.027846,"39":0.01638,"40":0.047502,"41":0.02457,"42":0.011466,"43":0.121212,"44":0.165438,"45":0.04914,"46":0.02457,"47":0.314496,"48":0.093366,"49":0.222768,"50":3.04668,"51":0.271908,"52":0.00819,"53":0.003276,"3.5":0.003276,"3.6":0.022932},"4":{"7":0.003276,"10":0.003276,"11":0.011466,"12":0.003276,"15":0.003276,"16":0.003276,"17":0.001638,"20":0.003276,"21":0.001638,"22":0.006552,"23":0.004914,"25":0.003276,"27":0.001638,"28":0.018018,"29":0.026208,"31":0.006552,"32":0.075348,"33":0.018018,"36":0.039312,"38":0.001638,"39":0.001638,"40":0.009828,"41":0.001638,"42":0.006552,"43":0.226044,"44":0.006552,"45":0.075348,"46":0.009828,"47":0.045864,"48":0.018018,"49":0.140868,"50":0.014742,"51":0.04095,"52":0.167076,"53":0.062244,"54":4.391478,"55":3.012282,"56":0.02457,"57":0.042588},"5":{"4":0,"6":0.004914,"7":0.003276,"8":0.045864,"9":0.014742,"10":0.271908,"5.1":0.026208,"7.1":0.004914,"9.1":0.078624},"6":{"11":0.003276,"15":0.001638,"16":0.001638,"17":0.001638,"26":0.001638,"29":0.004914,"32":0.003276,"34":0.003276,"35":0.006552,"36":0.004914,"37":0.15561,"38":0.006552,"39":0.001638,"40":0.006552,"41":0.209664,"42":0.068796,"10.0-10.1":0,"11.1":0.004914,"11.6":0.022932,"12.1":0.014742},"7":{"8":0,"3.2":0,"4.0-4.1":0,"4.2-4.3":0,"5.0-5.1":0,"6.0-6.1":0,"7.0-7.1":0.0129044809421,"8.1-8.4":0.0195899349241,"9.0-9.2":0.0131376944531,"9.3":0.0832572234273,"10.0-10.2":0.623690666253},"8":{"0":65.728412265},"9":{"3":0,"4":0.0321838125,"2.1":0,"2.2":0,"2.3":0,"4.1":0.1057468125,"4.2-4.3":0.3027905625,"4.4":0.6981916875,"4.4.3-4.4.4":0.416419125},"10":{"7":0.0480815},"11":{"0":5.01410773498,"10":0,"11":0,"12":0,"11.1":0,"11.5":0,"12.1":0},"12":{"0":5.486356},"13":{"0":0.008362},"14":{"10":0.075258,"11":0.301032},"15":{"0":3.754538},"16":{"0":0.719132}}