{"1":{"6":0.00828636947791,"7":0.00828636947791,"8":0.575902678715,"9":0.472323060241,"10":0.497182168675,"11":2.56463135341},"2":{"12":0.049224,"13":0.139468,"14":0.853216},"3":{"2":0.159978,"3":0.016408,"15":0.139468,"18":0.155876,"21":0.159978,"23":0.159978,"25":0.332262,"26":0.004102,"28":0.004102,"31":0.004102,"33":0.004102,"35":0.012306,"36":0.008204,"37":0.004102,"38":0.012306,"39":0.008204,"40":0.008204,"41":0.008204,"42":0.008204,"43":0.036918,"44":0.016408,"45":0.045122,"46":0.024612,"47":0.118958,"48":0.077938,"49":0.057428,"50":0.176386,"51":2.535036,"52":0.110754},"4":{"11":0.004102,"12":0.004102,"19":0.176386,"20":0.004102,"22":0.012306,"23":0.004102,"24":0.47173,"25":0.004102,"26":0.008204,"27":0.008204,"28":0.012306,"29":0.024612,"30":0.16408,"31":0.065632,"32":0.024612,"33":0.077938,"34":0.02051,"35":0.319956,"36":0.08204,"37":0.008204,"38":0.028714,"39":0.036918,"40":0.02051,"41":0.012306,"42":0.012306,"43":0.459424,"44":0.024612,"45":0.028714,"46":0.024612,"47":0.049224,"48":0.045122,"49":0.94346,"50":0.04102,"51":0.135366,"52":0.114856,"53":0.258426,"54":0.18459,"55":5.545904,"56":18.372858,"57":0.098448,"58":0.10255},"5":{"4":0.004102,"5":0.168182,"6":0.008204,"7":0.02051,"8":0.094346,"9":0.086142,"10":1.123948,"5.1":0.016408,"6.1":0.012306,"9.1":0.283038,"10.1":0.004102},"6":{"35":0.008204,"38":0.012306,"39":0.008204,"40":0.016408,"41":0.004102,"42":0.036918,"43":0.016408,"10.0-10.1":0.159978,"12.1":0.004102},"7":{"8":0,"3.2":0,"4.0-4.1":0,"4.2-4.3":0,"5.0-5.1":0,"6.0-6.1":0.0649067859947,"7.0-7.1":0.286569583448,"8.1-8.4":0.390665372308,"9.0-9.2":0.0771533493899,"9.3":1.05932773369,"10.0-10.2":9.66376317517},"8":{"0":0.0647363449782},"9":{"3":0,"4":0.051281505102,"2.1":0,"2.2":0,"2.3":0,"4.1":0.153844515306,"4.2-4.3":0.495379339286,"4.4":1.09434731888,"4.4.3-4.4.4":0.617429321429},"10":{"7":0.0250665},"11":{"0":0.000141655021834,"10":0,"11":0,"12":0,"11.1":0,"11.5":0,"12.1":0},"12":{"0":23.68812},"13":{"0":0.023592},"14":{"10":0.0175222135922,"11":0.0827437864078},"15":{"0":16.974444},"16":{"0":3.963456},"17":{}}