{"1":{"6":0.00835066913124,"7":0.00835066913124,"8":0.313150092421,"9":0.308974757856,"10":0.233818735675,"11":3.64506707579},"2":{"12":0.065952,"13":0.222588,"14":0.820278},"3":{"3":0.016488,"8":0.004122,"18":0.008244,"23":0.004122,"25":0.008244,"26":0.004122,"30":0.008244,"31":0.004122,"33":0.008244,"35":0.012366,"36":0.004122,"37":0.008244,"38":0.016488,"39":0.02061,"40":0.012366,"41":0.008244,"42":0.008244,"43":0.074196,"44":0.037098,"45":0.057708,"46":0.032976,"47":0.173124,"48":0.119538,"49":0.140148,"50":2.80296,"51":0.12366},"4":{"11":0.008244,"12":0.008244,"19":0.004122,"22":0.012366,"23":0.004122,"24":0.016488,"25":0.008244,"26":0.008244,"27":0.008244,"28":0.024732,"29":0.024732,"30":0.016488,"31":0.057708,"32":0.02061,"33":0.078318,"34":0.02061,"35":0.016488,"36":0.06183,"37":0.012366,"38":0.028854,"39":0.032976,"40":0.024732,"41":0.053586,"42":0.016488,"43":0.548226,"44":0.032976,"45":0.032976,"46":0.028854,"47":0.049464,"48":0.078318,"49":1.038744,"50":0.078318,"51":0.276174,"52":0.28854,"53":0.22671,"54":13.12857,"55":12.114558,"56":0.136026,"57":0.070074},"5":{"4":0.008244,"5":0.008244,"6":0.008244,"7":0.02061,"8":0.181368,"9":0.098928,"10":1.063476,"5.1":0.065952,"6.1":0.012366,"7.1":0.008244,"9.1":0.403956},"6":{"35":0.008244,"36":0.004122,"37":0.008244,"38":0.032976,"39":0.004122,"40":0.016488,"41":0.086562,"42":0.008244,"10.0-10.1":0,"12.1":0.004122},"7":{"8":0,"3.2":0,"4.0-4.1":0,"4.2-4.3":0,"5.0-5.1":0,"6.0-6.1":0,"7.0-7.1":0.224156962297,"8.1-8.4":0.340286472885,"9.0-9.2":0.228207991736,"9.3":1.44621750976,"10.0-10.2":10.8338030633},"8":{"0":0.0600751525424},"9":{"3":0,"4":0.0594775160473,"2.1":0,"2.2":0,"2.3":0,"4.1":0.195426124155,"4.2-4.3":0.559574181588,"4.4":1.29029795017,"4.4.3-4.4.4":0.769566228041},"10":{"7":0.02939},"11":{"0":0.00458284745763,"10":0,"11":0,"12":0,"11.1":0,"11.5":0,"12.1":0},"12":{"0":23.488322},"13":{"0":0.023512},"14":{"10":0.0211608,"11":0.0846432},"15":{"0":15.059436},"16":{"0":3.85009}}