{"1":{"8":0.231540653765,"9":0.130793957089,"10":0.330519864535,"11":3.50845952461},"2":{"12":0.038852,"13":0.151876,"14":0.063576},"3":{"3":0.098896,"6":0.038852,"7":0.045916,"9":0.001766,"12":0.007064,"15":0.00883,"16":0.003532,"17":0.001766,"19":0.03532,"20":0.003532,"21":0.003532,"22":0.003532,"24":0.005298,"25":0.010596,"26":0.001766,"27":0.005298,"30":0.003532,"35":0.001766,"36":0.001766,"37":0.03532,"39":0.010596,"40":0.007064,"43":0.033554,"44":0.038852,"45":0.01766,"46":0.022958,"47":0.081236,"48":0.109492,"49":0.0883,"50":1.824278,"51":0.245474,"52":0.024724},"4":{"8":0.03532,"11":0.045916,"12":0.003532,"13":0.007064,"19":0.001766,"21":0.015894,"26":0.003532,"29":0.001766,"31":0.037086,"32":0.577482,"33":0.007064,"34":0.003532,"36":0.003532,"38":0.003532,"39":0.003532,"41":0.010596,"42":0.001766,"43":0.010596,"44":0.003532,"45":0.086534,"46":0.049448,"48":0.005298,"49":0.107726,"50":0.012362,"51":0.014128,"52":0.00883,"53":0.162472,"54":0.098896,"55":5.559368,"56":0.054746,"57":0.010596},"5":{"4":0,"5":0.010596,"6":0.003532,"7":0.003532,"8":0.157174,"9":0.045916,"10":0.554524,"3.1":0.021192,"5.1":0.077704,"6.1":0.01766,"9.1":0.07064},"6":{"19":0.12362,"29":0.021192,"33":0.033554,"36":0.003532,"37":0.037086,"41":0.00883,"42":0.266666,"10.0-10.1":0},"7":{"8":0,"3.2":0,"4.0-4.1":0,"4.2-4.3":0,"5.0-5.1":0,"6.0-6.1":0.010794653571,"7.0-7.1":0.0507348717839,"8.1-8.4":0.0609897926764,"9.0-9.2":0.0275263666062,"9.3":0.236942645884,"10.0-10.2":2.14084966948},"8":{"0":18.0095198603},"9":{"3":0,"4":0.0924551357702,"2.1":0,"2.2":0,"2.3":0,"4.1":0.299003843342,"4.2-4.3":0.910781443864,"4.4":2.06351994517,"4.4.3-4.4.4":1.15470563185},"10":{"7":0},"11":{"0":0.039408139738,"10":0,"11":0,"12":0,"11.1":0,"11.5":0,"12.1":0},"12":{"0":23.154202},"13":{},"14":{"10":0.303618757282,"11":1.43375524272},"15":{"0":25.393656},"16":{"0":3.927618}}