{"1":{"8":0.268625,"9":0.101003,"10":0.221347,"11":3.752154},"2":{"12":0.070917,"13":0.240688,"14":0.728511},"3":{"3":0.113897,"4":0.004298,"6":0.06447,"7":0.431949,"10":0.124642,"12":0.004298,"13":0.002149,"14":0.006447,"15":0.004298,"16":0.008596,"19":0.04298,"21":0.010745,"22":0.008596,"24":0.012894,"25":0.008596,"26":0.017192,"27":0.004298,"30":0.103152,"31":0.002149,"32":0.010745,"33":0.008596,"34":0.004298,"35":0.015043,"36":0.006447,"37":0.030086,"38":0.006447,"39":0.010745,"40":0.034384,"41":0.012894,"43":0.073066,"44":0.045129,"45":0.053725,"46":0.030086,"47":0.232092,"48":0.081662,"49":0.15043,"50":0.631806,"51":1.760031,"52":0.621061,"53":0.006447,"3.6":0.002149},"4":{"8":0.118195,"11":0.02149,"12":0.017192,"19":0.002149,"21":0.008596,"22":0.004298,"29":0.023639,"31":0.103152,"32":0.827365,"33":0.004298,"34":0.002149,"36":0.023639,"37":0.006447,"38":0.008596,"41":0.025788,"42":0.008596,"43":0.012894,"44":0.002149,"45":0.019341,"46":0.019341,"47":0.073066,"49":0.120344,"50":0.006447,"51":0.047278,"52":0.034384,"53":0.062321,"54":0.120344,"55":1.923355,"56":5.424076,"57":0.008596,"58":0.030086},"5":{"4":0.002149,"7":0.012894,"8":0.023639,"9":0.051576,"10":0.253582,"5.1":0.012894,"6.1":0.02149,"9.1":0.077364},"6":{"19":0.137536,"26":0.017192,"27":0.004298,"29":0.004298,"33":0.012894,"36":0.002149,"37":0.053725,"38":0.002149,"39":0.002149,"41":0.010745,"42":0.015043,"43":0.055874,"10.0-10.1":0},"7":{"8":0,"3.2":0,"4.0-4.1":0,"4.2-4.3":0,"5.0-5.1":0,"6.0-6.1":0.0135978487003,"7.0-7.1":0.0600357848276,"8.1-8.4":0.0818436553846,"9.0-9.2":0.0161634805305,"9.3":0.221927153316,"10.0-10.2":2.02454007724},"8":{"0":17.1718169083},"9":{"3":0,"4":0.11432684949,"2.1":0,"2.2":0,"2.3":0,"4.1":0.342980548469,"4.2-4.3":1.10439736607,"4.4":2.43973496811,"4.4.3-4.4.4":1.37649526786},"10":{"7":0},"11":{"0":0.0375750917031,"10":0,"11":0,"12":0,"11.1":0,"11.5":0,"12.1":0},"12":{"0":23.841483},"13":{},"14":{"10":0.194826757282,"11":0.920015242718},"15":{"0":22.53237},"16":{"0":3.901947},"17":{}}