{"1":{"7":0.03408,"8":0.233448,"9":0.114168,"10":0.318648,"11":4.420176},"2":{"12":0.05112,"13":0.17892,"14":0.069864},"3":{"3":0.131208,"4":0.001704,"5":0.003408,"10":0.003408,"14":0.003408,"15":0.00852,"17":0.00852,"19":0.011928,"21":0.022152,"22":0.005112,"23":0.081792,"24":0.006816,"25":0.006816,"26":0.003408,"29":0.011928,"32":0.005112,"33":0.011928,"34":0.015336,"36":0.003408,"37":0.00852,"38":0.011928,"39":0.015336,"40":0.003408,"41":0.00852,"43":0.039192,"44":0.03408,"45":0.013632,"46":0.01704,"47":0.19596,"48":0.063048,"49":0.13632,"50":1.537008,"51":0.305016,"3.6":0.006816},"4":{"8":0.013632,"11":0.02556,"12":0.003408,"16":0.003408,"18":0.003408,"21":0.066456,"22":0.003408,"32":0.109056,"33":0.00852,"34":0.001704,"35":0.01704,"36":0.001704,"37":0.001704,"38":0.006816,"41":0.00852,"42":0.011928,"43":0.015336,"44":0.001704,"45":0.010224,"46":0.01704,"47":0.06816,"48":0.00852,"49":0.071568,"50":0.020448,"51":0.054528,"52":0.040896,"53":0.163584,"54":2.702544,"55":2.474208,"56":0.054528,"57":0.011928},"5":{"4":0.005112,"6":0.013632,"8":0.109056,"9":0.011928,"10":0.192552,"5.1":0.01704,"6.1":0.049416,"9.1":0.086904},"6":{"19":0.086904,"21":0.006816,"27":0.003408,"28":0.001704,"29":0.15336,"33":0.117576,"34":0.013632,"37":0.129504,"40":0.011928,"41":0.151656,"42":0.081792,"10.0-10.1":0},"7":{"8":0,"3.2":0,"4.0-4.1":0,"4.2-4.3":0,"5.0-5.1":0,"6.0-6.1":0,"7.0-7.1":0.0324333238302,"8.1-8.4":0.0492361301518,"9.0-9.2":0.0330194682368,"9.3":0.209253553145,"10.0-10.2":1.56754552464},"8":{"0":18.5377251772},"9":{"3":0,"4":0.0865194324324,"2.1":0,"2.2":0,"2.3":0,"4.1":0.284278135135,"4.2-4.3":0.813988945946,"4.4":1.87694197297,"4.4.3-4.4.4":1.11945551351},"10":{"7":0},"11":{"0":1.4141548228,"10":0,"11":0,"12":0,"11.1":0,"11.5":0,"12.1":0},"12":{"0":22.063024},"13":{"0":0.091256},"14":{"10":0.4446656,"11":1.7786624},"15":{"0":25.933296},"16":{"0":3.426248}}