{"1":{"6":0.0253501975052,"7":0.0152101185031,"8":0.790926162162,"9":0.39039304158,"10":0.866976754678,"11":2.78345168607},"2":{"12":0.184334,"13":0.493218,"14":0.752282},"3":{"2":0.009964,"3":0.02491,"5":0.009964,"6":0.004982,"10":0.29892,"11":0.019928,"12":0.014946,"13":0.019928,"14":0.009964,"17":0.029892,"18":0.004982,"21":0.029892,"24":0.07473,"28":0.064766,"29":0.089676,"30":0.129532,"31":0.09964,"32":0.014946,"33":0.019928,"35":0.014946,"36":0.054802,"37":0.069748,"38":0.2491,"39":0.129532,"40":0.014946,"41":0.009964,"42":0.503182,"43":0.338776,"44":0.114586,"45":4.593404,"46":0.214226,"47":1.051202,"48":0.353722,"49":0.388596,"50":7.567658,"51":0.916688,"52":0.04982,"53":0.02491,"3.5":0.004982,"3.6":0.034874},"4":{"11":0.069748,"12":0.104622,"15":0.009964,"18":0.064766,"24":0.004982,"29":0.02491,"30":0.019928,"31":0.064766,"32":0.009964,"33":0.009964,"34":0.14946,"35":0.004982,"36":1.69388,"38":0.014946,"39":0.269028,"40":0.014946,"41":0.139496,"42":0.009964,"43":0.239136,"44":0.009964,"45":0.04982,"46":0.014946,"47":0.014946,"48":0.034874,"49":0.662606,"50":0.363686,"51":1.61915,"52":0.254082,"53":0.139496,"54":0.288956,"55":15.010766,"56":0.214226,"57":0.104622},"5":{"4":0.019928,"5":0.004982,"7":0.014946,"8":0.054802,"9":0.064766,"10":1.101022,"5.1":0.059784,"9.1":0.39856},"6":{"12":0.004982,"29":0.004982,"34":0.014946,"35":0.004982,"36":0.014946,"38":0.363686,"40":0.009964,"41":0.009964,"42":0.154442,"10.0-10.1":0,"12.1":0.069748},"7":{"8":0,"3.2":0,"4.0-4.1":0,"4.2-4.3":0,"5.0-5.1":0,"6.0-6.1":0.0354211764706,"7.0-7.1":0.166479529412,"8.1-8.4":0.200129647059,"9.0-9.2":0.090324,"9.3":0.777494823529,"10.0-10.2":7.02490482353},"8":{"0":2.31325417467},"9":{"3":0,"4":0.0692759138381,"2.1":0,"2.2":0,"2.3":0,"4.1":0.224041253264,"4.2-4.3":0.682441449086,"4.4":1.54617943864,"4.4.3-4.4.4":0.86521194517},"10":{"7":0.0313625},"11":{"0":0.00506182532751,"10":0,"11":0,"12":0,"11.1":0,"11.5":0,"12.1":0},"12":{"0":21.03547},"13":{"0":0.045162},"14":{"10":0.166617087379,"11":0.786802912621},"15":{"0":8.992256},"16":{"0":5.263882}}