{"1":{"7":0.00574280122794,"8":0.0746564159632,"9":0.155055633154,"10":0.16654123561,"11":7.08087391404},"2":{"12":0.051606,"13":0.25803,"14":3.503474},"3":{"16":0.005734,"24":0.005734,"26":0.005734,"31":0.011468,"34":0.005734,"35":0.005734,"37":0.017202,"38":0.034404,"39":0.011468,"40":0.011468,"41":0.011468,"42":0.02867,"43":0.02867,"44":0.017202,"45":0.25803,"46":0.02867,"47":0.097478,"48":0.177754,"49":0.074542,"50":0.321104,"51":5.223674,"52":0.034404,"3.6":0.005734},"4":{"11":0.005734,"22":0.017202,"29":0.011468,"30":0.017202,"31":0.011468,"32":0.011468,"33":0.005734,"34":0.022936,"35":0.011468,"36":0.034404,"37":0.011468,"38":0.040138,"39":0.097478,"40":0.017202,"41":0.011468,"42":0.011468,"43":0.051606,"44":0.02867,"45":0.034404,"46":0.02867,"47":0.02867,"48":0.051606,"49":0.814228,"50":0.063074,"51":0.2867,"52":0.108946,"53":0.14335,"54":0.22936,"55":8.910636,"56":21.278874,"57":0.068808,"58":0.02867},"5":{"4":0,"5":0.022936,"6":0.017202,"7":0.080276,"8":0.579134,"9":0.510326,"10":3.434666,"5.1":0.068808,"6.1":0.14335,"7.1":0.011468,"9.1":1.055056,"10.1":0.022936},"6":{"28":0.005734,"36":0.017202,"38":0.022936,"42":0.120414,"43":0.235094,"10.0-10.1":0,"12.1":0.034404},"7":{"8":0,"3.2":0,"4.0-4.1":0,"4.2-4.3":0,"5.0-5.1":0,"6.0-6.1":0.122205521804,"7.0-7.1":0.539548907586,"8.1-8.4":0.735538895385,"9.0-9.2":0.145263167427,"9.3":1.99448634642,"10.0-10.2":18.1947881614},"8":{"0":0.127730502183},"9":{"3":0,"4":0.0136972151361,"2.1":0,"2.2":0,"2.3":0,"4.1":0.0410916454082,"4.2-4.3":0.132315098214,"4.4":0.292298571003,"4.4.3-4.4.4":0.164914470238},"10":{"7":0.0021335},"11":{"0":0.000279497816594,"10":0,"11":0,"12":0,"11.1":0,"11.5":0,"12.1":0},"12":{"0":14.663281},"13":{"0":0.055471},"14":{"10":0.0238620582524,"11":0.112681941748},"15":{"0":0.093874},"16":{"0":5.064929},"17":{}}