{"1":{"7":0.00563329978118,"8":0.0844994967177,"9":0.185898892779,"10":0.202798792123,"11":7.2444235186},"2":{"12":0.061831,"13":0.303534,"14":3.411947},"3":{"24":0.005621,"26":0.005621,"31":0.011242,"34":0.033726,"35":0.011242,"37":0.022484,"38":0.050589,"39":0.016863,"40":0.011242,"41":0.011242,"42":0.033726,"43":0.039347,"44":0.022484,"45":0.16863,"46":0.033726,"47":0.123662,"48":0.202356,"49":0.101178,"50":5.042037,"51":0.601447,"52":0.005621,"3.6":0.005621},"4":{"11":0.005621,"22":0.016863,"29":0.011242,"31":0.011242,"32":0.005621,"33":0.011242,"34":0.022484,"35":0.016863,"36":0.067452,"37":0.016863,"38":0.033726,"39":0.095557,"40":0.016863,"41":0.016863,"42":0.011242,"43":0.061831,"44":0.028105,"45":0.050589,"46":0.028105,"47":0.028105,"48":0.061831,"49":0.854392,"50":0.067452,"51":0.28105,"52":0.140525,"53":0.191114,"54":0.719488,"55":27.975717,"56":0.427196,"57":0.028105},"5":{"4":0,"5":0.028105,"6":0.011242,"7":0.073073,"8":0.410333,"9":0.432817,"10":3.366979,"5.1":0.073073,"6.1":0.101178,"7.1":0.011242,"9.1":1.152305},"6":{"28":0.011242,"36":0.011242,"38":0.028105,"41":0.011242,"42":0.275429,"10.0-10.1":0,"12.1":0.028105},"7":{"8":0,"3.2":0,"4.0-4.1":0,"4.2-4.3":0,"5.0-5.1":0,"6.0-6.1":0.0948448297214,"7.0-7.1":0.44577069969,"8.1-8.4":0.535873287926,"9.0-9.2":0.241854315789,"9.3":2.08184401238,"10.0-10.2":18.8101008545},"8":{"0":0.144191482533},"9":{"3":0,"4":0.0148672576153,"2.1":0,"2.2":0,"2.3":0,"4.1":0.0480813437772,"4.2-4.3":0.146458303742,"4.4":0.331824536989,"4.4.3-4.4.4":0.185682557876},"10":{"7":0.0021895},"11":{"0":0.000315517467249,"10":0,"11":0,"12":0,"11.1":0,"11.5":0,"12.1":0},"12":{"0":15.034874},"13":{"0":0.052548},"14":{"10":0.0267841747573,"11":0.126480825243},"15":{"0":0.078822},"16":{"0":5.250421}}