{"1":{"6":0.0114425354559,"7":0.0114425354559,"8":0.0972615513748,"9":0.200244370478,"10":0.183080567294,"11":7.40332043994},"2":{"12":0.062843,"13":0.354206,"14":3.284975},"3":{"11":0.005713,"16":0.005713,"23":0.005713,"24":0.005713,"26":0.011426,"31":0.011426,"33":0.051417,"34":0.05713,"35":0.005713,"36":0.005713,"37":0.022852,"38":0.045704,"39":0.017139,"40":0.011426,"41":0.017139,"42":0.022852,"43":0.045704,"44":0.034278,"45":0.119973,"46":0.045704,"47":0.159964,"48":0.22852,"49":0.211381,"50":5.570175,"51":0.028565,"3.6":0.011426},"4":{"11":0.011426,"21":0.005713,"22":0.017139,"29":0.011426,"31":0.011426,"33":0.011426,"34":0.022852,"35":0.017139,"36":0.051417,"37":0.017139,"38":0.034278,"39":0.102834,"40":0.022852,"41":0.017139,"42":0.011426,"43":0.062843,"44":0.034278,"45":0.039991,"46":0.039991,"47":0.034278,"48":0.074269,"49":0.91408,"50":0.085695,"51":0.319928,"52":0.217094,"53":0.302789,"54":15.910705,"55":13.111335,"56":0.062843,"57":0.022852},"5":{"4":0,"5":0.028565,"6":0.022852,"7":0.079982,"8":0.668421,"9":0.502744,"10":2.993612,"5.1":0.091408,"6.1":0.108547,"7.1":0.011426,"9.1":1.251147},"6":{"36":0.011426,"37":0.005713,"38":0.028565,"41":0.211381,"42":0.108547,"10.0-10.1":0,"12.1":0.039991},"7":{"8":0,"3.2":0,"4.0-4.1":0,"4.2-4.3":0,"5.0-5.1":0,"6.0-6.1":0,"7.0-7.1":0.368721854354,"8.1-8.4":0.559746429501,"9.0-9.2":0.375385502324,"9.3":2.37892232538,"10.0-10.2":17.8208158884},"8":{"0":0.143393214176},"9":{"3":0,"4":0.0166772989865,"2.1":0,"2.2":0,"2.3":0,"4.1":0.054796839527,"4.2-4.3":0.156902751689,"4.4":0.361795282095,"4.4.3-4.4.4":0.215783827703},"10":{"7":0.0021435},"11":{"0":0.0109387858243,"10":0,"11":0,"12":0,"11.1":0,"11.5":0,"12.1":0},"12":{"0":14.847244},"13":{"0":0.047157},"14":{"10":0.0368682,"11":0.1474728},"15":{"0":0.094314},"16":{"0":5.135826}}