{"1":{"8":2.37770504427,"9":0.79592668855,"10":1.58177835573,"11":8.44286791145},"2":{},"3":{"21":5.473152,"28":0.494104,"33":0.247052,"37":0.99771,"47":0.750658,"48":4.22839,"49":7.962676,"50":15.421746},"4":{"32":0.750658,"41":2.736576,"43":0.750658,"52":5.720204,"53":2.983628,"54":11.193356,"55":12.191066},"5":{"4":0,"7":1.738866},"6":{"10.0-10.1":0,"12.1":2.242472},"7":{"8":0,"3.2":0,"4.0-4.1":0,"4.2-4.3":0,"5.0-5.1":0,"6.0-6.1":0.00212661471122,"7.0-7.1":0.00999508914274,"8.1-8.4":0.0120153731184,"9.0-9.2":0.00542286751361,"9.3":0.0466791929113,"10.0-10.2":0.421760862603},"8":{"0":0.496912663755},"9":{"3":0,"4":0.00509268929504,"2.1":0,"2.2":0,"2.3":0,"4.1":0.0164699738903,"4.2-4.3":0.0501684073107,"4.4":0.113664490862,"4.4.3-4.4.4":0.0636044386423},"10":{"7":0},"11":{"0":0.00108733624454,"10":0,"11":0,"12":0,"11.1":0,"11.5":0,"12.1":0},"12":{"0":3.735},"13":{},"14":{"10":0,"11":0},"15":{},"16":{}}