{"1":{"8":0.678375,"9":0.678375,"10":3.409965,"11":7.16364},"2":{"14":3.409965},"3":{"4":2.04417,"6":0.678375,"47":0.34371,"48":3.0753,"49":9.89523,"50":14.680035},"4":{"16":0.678375,"18":1.365795,"33":0.678375,"37":0.678375,"41":3.409965,"44":0.34371,"50":2.04417,"51":1.022085,"53":5.11947,"54":16.380495,"55":9.89523},"5":{"4":0,"5.1":0.678375},"6":{"10.0-10.1":0},"7":{"8":0,"3.2":0,"4.0-4.1":0,"4.2-4.3":0,"5.0-5.1":0,"6.0-6.1":0,"7.0-7.1":0.0314898450573,"8.1-8.4":0.0478038611714,"9.0-9.2":0.0320589386427,"9.3":0.203166409978,"10.0-10.2":1.52194594515},"8":{"0":0},"9":{"3":0,"4":0.0151965181588,"2.1":0,"2.2":0,"2.3":0,"4.1":0.0499314168074,"4.2-4.3":0.142971323902,"4.4":0.329671404139,"4.4.3-4.4.4":0.196624336993},"10":{"7":0},"11":{"0":0,"10":0,"11":0,"12":0,"11.1":0,"11.5":0,"12.1":0},"12":{"0":4.407325},"13":{"0":1.46879},"14":{"10":0.073535,"11":0.29414},"15":{"0":0.734395},"16":{}}