{"1":{"8":0.673564074545,"11":10.0644139255},"2":{},"3":{"2":0.303484,"4":0.303484,"21":0.615894,"28":1.535272,"47":1.222862,"48":2.151166,"49":3.989922,"50":11.657356,"51":12.576734},"4":{"51":0.303484,"52":1.222862,"53":2.758134,"54":10.122084,"55":15.334868,"56":13.192628},"5":{"4":0},"6":{"10.0-10.1":0},"7":{"8":0,"3.2":0,"4.0-4.1":0,"4.2-4.3":0,"5.0-5.1":0,"6.0-6.1":0.00832842843501,"7.0-7.1":0.0367707972414,"8.1-8.4":0.0501277107692,"9.0-9.2":0.00989983002653,"9.3":0.135926237666,"10.0-10.2":1.23999299586},"8":{"0":0},"9":{"3":0,"4":0.00787691326531,"2.1":0,"2.2":0,"2.3":0,"4.1":0.0236307397959,"4.2-4.3":0.0760909821429,"4.4":0.168093329082,"4.4.3-4.4.4":0.0948380357143},"10":{"7":0},"11":{"0":0,"10":0,"11":0,"12":0,"11.1":0,"11.5":0,"12.1":0},"12":{"0":5.118226},"13":{"0":1.851576},"14":{"10":0.32357638835,"11":1.52799961165},"15":{},"16":{"0":0.37053},"17":{}}