{"1":{"6":0.0151382239382,"7":0.00756911196911,"8":0.295195366795,"9":0.234642471042,"10":0.242211583012,"11":7.04684324324},"2":{"12":0.06032,"13":0.31668,"14":2.00564},"3":{"4":0.00754,"5":0.00754,"6":0.00754,"7":0.00754,"9":0.01508,"10":0.00754,"11":0.00754,"13":0.04524,"14":0.00754,"16":0.00754,"17":0.06032,"18":0.00754,"19":0.01508,"20":0.02262,"21":0.00754,"22":0.00754,"23":0.00754,"24":0.01508,"26":0.0377,"28":0.01508,"29":0.01508,"30":0.01508,"31":0.04524,"32":0.01508,"33":0.02262,"34":0.01508,"35":0.01508,"36":0.01508,"37":0.13572,"38":0.06786,"39":0.04524,"40":0.03016,"41":0.1131,"42":0.03016,"43":0.12064,"44":0.04524,"45":0.2262,"46":0.06786,"47":0.45994,"48":0.27144,"49":0.36946,"50":16.69356,"51":0.0754,"52":0.00754,"53":0.01508,"3.5":0.0377,"3.6":0.03016},"4":{"9":0.00754,"11":0.02262,"12":0.00754,"14":0.00754,"15":0.00754,"16":0.00754,"19":0.00754,"20":0.00754,"21":0.00754,"22":0.02262,"23":0.01508,"24":0.00754,"25":0.00754,"26":0.01508,"27":0.00754,"29":0.02262,"30":0.02262,"31":0.06032,"32":0.03016,"33":0.00754,"34":0.03016,"35":0.21866,"36":0.25636,"37":0.01508,"38":0.05278,"39":0.06786,"40":0.02262,"41":0.03016,"42":0.02262,"43":0.08294,"44":0.05278,"45":0.02262,"46":0.0754,"47":0.06032,"48":0.05278,"49":1.9227,"50":0.1131,"51":0.5278,"52":0.27144,"53":0.32422,"54":18.52578,"55":18.03568,"56":0.08294,"57":0.05278},"5":{"4":0,"5":0.02262,"6":0.00754,"7":0.01508,"8":0.1131,"9":0.12818,"10":1.74928,"5.1":0.06032,"6.1":0.05278,"7.1":0.01508,"9.1":0.48256},"6":{"36":0.0377,"37":0.01508,"38":0.06032,"40":0.02262,"41":0.45994,"42":0.23374,"10.0-10.1":0,"12.1":0.0754},"7":{"8":0,"3.2":0,"4.0-4.1":0,"4.2-4.3":0,"5.0-5.1":0,"6.0-6.1":0,"7.0-7.1":0.0796388472265,"8.1-8.4":0.120897527115,"9.0-9.2":0.0810781035017,"9.3":0.513814490239,"10.0-10.2":3.84905103192},"8":{"0":0.162280400616},"9":{"3":0,"4":0.0243828800676,"2.1":0,"2.2":0,"2.3":0,"4.1":0.0801151773649,"4.2-4.3":0.229398116554,"4.4":0.528959214527,"4.4.3-4.4.4":0.315484611486},"10":{"7":0.010455},"11":{"0":0.0123795993837,"10":0,"11":0,"12":0,"11.1":0,"11.5":0,"12.1":0},"12":{"0":15.18744},"13":{"0":0.02952},"14":{"10":0.080688,"11":0.322752},"15":{"0":0.0369},"16":{"0":2.89788}}