{"1":{"7":0.0075325375626,"8":0.225976126878,"9":0.135585676127,"10":0.158183288815,"11":3.98471237062},"2":{"12":0.052465,"13":0.217355,"14":2.27848},"3":{"3":0.007495,"12":0.02998,"24":0.007495,"28":0.01499,"29":0.07495,"30":0.007495,"31":0.022485,"32":0.007495,"33":0.05996,"34":0.037475,"35":0.01499,"36":0.067455,"37":1.07928,"38":0.07495,"39":0.037475,"40":0.022485,"41":0.037475,"42":0.157395,"43":0.1499,"44":0.04497,"45":0.28481,"46":0.05996,"47":0.352265,"48":0.217355,"49":0.172385,"50":13.28114,"51":1.69387,"52":0.007495,"53":0.01499,"54":0.007495,"3.5":0.007495,"3.6":0.022485},"4":{"11":0.022485,"12":0.007495,"22":0.04497,"26":0.01499,"31":0.01499,"32":0.05996,"33":0.01499,"34":0.052465,"35":0.022485,"36":0.10493,"37":0.02998,"38":0.037475,"39":0.037475,"40":0.022485,"41":0.02998,"42":0.007495,"43":0.127415,"44":0.04497,"45":0.022485,"46":0.04497,"47":0.04497,"48":0.05996,"49":2.540805,"50":0.05996,"51":0.2998,"52":0.097435,"53":0.16489,"54":0.382245,"55":37.242655,"56":0.5996,"57":0.05996},"5":{"4":0,"5":0.01499,"7":0.02998,"8":0.082445,"9":0.08994,"10":1.63391,"5.1":0.037475,"6.1":0.02998,"9.1":0.337275},"6":{"12":0.01499,"26":0.01499,"28":0.007495,"30":0.01499,"34":0.007495,"35":0.01499,"36":0.19487,"37":0.022485,"38":0.037475,"40":0.007495,"41":0.022485,"42":2.555795,"43":0.037475,"44":0.007495,"10.0-10.1":0,"11.6":0.01499,"12.1":0.2998},"7":{"8":0,"3.2":0,"4.0-4.1":0,"4.2-4.3":0,"5.0-5.1":0,"6.0-6.1":0.0162810291449,"7.0-7.1":0.0765208369809,"8.1-8.4":0.0919878146685,"9.0-9.2":0.0415166243194,"9.3":0.35736858973,"10.0-10.2":3.22893510516},"8":{"0":0.529900480349},"9":{"3":0,"4":0.0351975391645,"2.1":0,"2.2":0,"2.3":0,"4.1":0.113830339426,"4.2-4.3":0.346733204961,"4.4":0.785579118799,"4.4.3-4.4.4":0.43959479765},"10":{"7":0.02004},"11":{"0":0.00115951965066,"10":0,"11":0,"12":0,"11.1":0,"11.5":0,"12.1":0},"12":{"0":16.62204},"13":{"0":0.037575},"14":{"10":0.0621629126214,"11":0.293547087379},"15":{"0":0.08517},"16":{"0":1.90881}}