{"1":{"7":0.00768238386308,"8":0.238153899756,"9":0.130600525672,"10":0.138282909535,"11":5.76947028117},"2":{"12":0.04587,"13":0.221705,"14":1.796575},"3":{"3":0.007645,"6":0.007645,"12":0.022935,"16":0.007645,"28":0.01529,"29":0.068805,"30":0.007645,"31":0.01529,"33":0.04587,"34":0.04587,"35":0.01529,"36":0.053515,"37":1.139105,"38":0.07645,"39":0.04587,"40":0.022935,"41":0.038225,"42":0.129965,"43":0.16819,"44":0.04587,"45":0.328735,"46":0.06116,"47":0.4587,"48":0.25993,"49":0.35167,"50":13.997995,"51":0.038225,"53":0.007645,"3.6":0.03058},"4":{"11":0.022935,"22":0.038225,"26":0.022935,"27":0.007645,"31":0.022935,"32":0.03058,"33":0.01529,"34":0.053515,"35":0.022935,"36":0.068805,"37":0.022935,"38":0.038225,"39":0.038225,"40":0.022935,"41":0.022935,"42":0.01529,"43":0.099385,"44":0.053515,"45":0.022935,"46":0.04587,"47":0.053515,"48":0.09174,"49":2.46169,"50":0.099385,"51":0.41283,"52":0.1529,"53":0.221705,"54":19.303625,"55":19.028405,"56":0.099385,"57":0.038225},"5":{"4":0,"5":0.007645,"7":0.03058,"8":0.09174,"9":0.07645,"10":1.597805,"5.1":0.04587,"6.1":0.022935,"9.1":0.389895},"6":{"12":0.01529,"26":0.01529,"28":0.007645,"30":0.007645,"31":0.007645,"32":0.007645,"34":0.022935,"35":0.01529,"36":0.18348,"37":0.068805,"38":0.07645,"39":0.01529,"40":0.022935,"41":1.72777,"42":1.11617,"43":0.01529,"10.0-10.1":0,"10.6":0.022935,"11.6":0.01529,"12.1":0.33638},"7":{"8":0,"3.2":0,"4.0-4.1":0,"4.2-4.3":0,"5.0-5.1":0,"6.0-6.1":0,"7.0-7.1":0.059749094515,"8.1-8.4":0.0907034446855,"9.0-9.2":0.060828897428,"9.3":0.385489639913,"10.0-10.2":2.88775292346},"8":{"0":0.51879555624},"9":{"3":0,"4":0.0359787466216,"2.1":0,"2.2":0,"2.3":0,"4.1":0.118215881757,"4.2-4.3":0.338493922297,"4.4":0.780518523649,"4.4.3-4.4.4":0.465520925676},"10":{"7":0.015903},"11":{"0":0.0395764437596,"10":0,"11":0,"12":0,"11.1":0,"11.5":0,"12.1":0},"12":{"0":15.611867},"13":{"0":0.028272},"14":{"10":0.0838736,"11":0.3354944},"15":{"0":0.09424},"16":{"0":1.691608}}