{"1":{"6":0.006688,"7":0.190608,"8":0.377872,"9":0.05852,"10":0.135432,"11":1.218888},"2":{"12":0.107008,"13":0.210672,"14":0.24244},"3":{"2":0.003344,"3":0.006688,"4":0.00836,"5":0.010032,"6":0.006688,"7":0.005016,"8":0.001672,"10":0.015048,"11":0.013376,"12":0.045144,"13":0.021736,"14":0.006688,"15":0.005016,"16":0.006688,"17":0.005016,"18":0.013376,"20":0.023408,"21":0.013376,"22":0.005016,"23":0.006688,"24":0.013376,"25":0.093632,"26":0.00836,"27":0.005016,"29":0.038456,"30":0.00836,"31":0.003344,"32":0.00836,"33":0.020064,"34":0.003344,"35":0.01672,"36":0.00836,"37":0.00836,"38":0.020064,"39":0.01672,"40":0.020064,"41":0.026752,"42":0.013376,"43":0.088616,"44":0.361152,"45":0.038456,"46":0.020064,"47":0.361152,"48":0.140448,"49":0.411312,"50":2.640088,"51":0.546744,"3.5":0.003344,"3.6":0.013376},"4":{"11":0.006688,"22":0.006688,"24":0.011704,"25":0.006688,"26":0.020064,"29":0.015048,"31":0.005016,"32":0.001672,"33":0.018392,"36":0.00836,"39":0.001672,"40":0.006688,"41":0.003344,"42":0.006688,"43":0.209,"44":0.051832,"45":0.065208,"46":0.00836,"47":0.021736,"48":0.010032,"49":0.076912,"50":0.048488,"51":0.043472,"52":0.219032,"53":0.120384,"54":3.04304,"55":2.737064,"56":0.060192,"57":0.001672},"5":{"4":0,"6":0.001672,"7":0.001672,"8":0.013376,"9":0.070224,"10":0.327712,"5.1":0.003344,"7.1":0.006688,"9.1":0.065208},"6":{"15":0.026752,"16":0.031768,"18":0.003344,"20":0.001672,"21":0.003344,"22":0.005016,"27":0.010032,"28":0.00836,"29":0.00836,"34":0.005016,"35":0.003344,"36":0.013376,"37":0.046816,"40":0.005016,"41":0.285912,"42":0.122056,"43":0.045144,"10.0-10.1":0,"11.6":0.046816,"12.1":0.00836},"7":{"8":0,"3.2":0,"4.0-4.1":0,"4.2-4.3":0,"5.0-5.1":0,"6.0-6.1":0,"7.0-7.1":0.0302699911166,"8.1-8.4":0.0459520347072,"9.0-9.2":0.0308170391488,"9.3":0.195296147505,"10.0-10.2":1.46298878752},"8":{"0":59.2329148475},"9":{"3":0,"4":0.0373906211993,"2.1":0,"2.2":0,"2.3":0,"4.1":0.122854898226,"4.2-4.3":0.351777068834,"4.4":0.811147557855,"4.4.3-4.4.4":0.483788853885},"10":{"7":0.02289925},"11":{"0":4.51859715254,"10":0,"11":0,"12":0,"11.1":0,"11.5":0,"12.1":0},"12":{"0":7.758608},"13":{},"14":{"10":0.0866008,"11":0.3464032},"15":{"0":6.16198},"16":{"0":1.265704}}