{"1":{"8":1.18086470551,"9":0.23460888189,"10":0.148585625197,"11":3.4018287874},"2":{"12":0.023424,"13":0.421632,"14":1.569408},"3":{"16":0.046848,"22":0.007808,"28":0.007808,"29":0.023424,"36":0.007808,"37":0.03904,"40":0.07808,"42":0.007808,"43":0.031232,"44":0.015616,"45":0.031232,"46":0.015616,"47":0.11712,"48":0.27328,"49":0.171776,"50":0.421632,"51":13.047168},"4":{"26":0.015616,"29":1.163392,"34":0.023424,"36":0.007808,"38":0.031232,"40":0.015616,"43":0.007808,"44":0.015616,"46":0.015616,"47":0.007808,"49":2.475136,"50":0.023424,"51":0.085888,"52":0.242048,"53":0.03904,"54":0.070272,"55":11.134208,"56":33.176192,"57":0.023424,"58":0.132736},"5":{"4":0,"5":0.148352,"6":0.015616,"8":0.070272,"9":0.242048,"10":4.731648,"5.1":0.11712,"6.1":0.265472,"7.1":0.015616,"9.1":0.50752},"6":{"42":0.124928,"43":0.398208,"10.0-10.1":0},"7":{"8":0,"3.2":0,"4.0-4.1":0,"4.2-4.3":0,"5.0-5.1":0,"6.0-6.1":0.0367739923607,"7.0-7.1":0.162360645517,"8.1-8.4":0.221337803077,"9.0-9.2":0.0437124814854,"9.3":0.600179309284,"10.0-10.2":5.47516176828},"8":{"0":0.0459524475983},"9":{"3":0,"4":0.0226572704082,"2.1":0,"2.2":0,"2.3":0,"4.1":0.0679718112245,"4.2-4.3":0.218869232143,"4.4":0.48350615051,"4.4.3-4.4.4":0.272793535714},"10":{"7":0.00164475},"11":{"0":0.000100552401747,"10":0,"11":0,"12":0,"11.1":0,"11.5":0,"12.1":0},"12":{"0":10.106235},"13":{"0":0.006579},"14":{"10":0.0896787961165,"11":0.423483203883},"15":{"0":0.063597},"16":{"0":3.598713},"17":{}}