{"1":{"8":1.852839,"9":0.388368,"10":0.372186,"11":4.619961},"2":{"12":0.016182,"13":0.113274,"14":2.055114},"3":{"7":0.016182,"8":0.202275,"10":0.024273,"11":0.024273,"12":0.024273,"13":0.008091,"14":0.016182,"15":0.008091,"21":0.064728,"22":0.048546,"24":0.105183,"37":0.048546,"40":0.16182,"42":0.008091,"43":0.040455,"44":0.016182,"45":0.275094,"46":0.008091,"47":0.169911,"48":0.776736,"49":0.145638,"50":14.757984,"51":0.008091,"53":0.121365,"3.6":0.072819},"4":{"12":0.016182,"13":0.032364,"14":0.032364,"18":0.016182,"21":0.032364,"22":0.032364,"26":0.016182,"27":0.016182,"29":0.169911,"31":0.008091,"32":0.097092,"34":0.072819,"36":0.024273,"38":0.024273,"39":0.024273,"43":0.016182,"46":0.016182,"47":0.008091,"48":0.137547,"49":3.390129,"50":0.024273,"51":0.105183,"52":0.040455,"53":0.129456,"54":24.208272,"55":16.627005,"56":0.032364,"57":0.016182},"5":{"4":0,"5":0.137547,"7":0.032364,"8":0.218457,"9":0.186093,"10":5.153967,"5.1":0.291276,"6.1":0.040455,"9.1":1.173195},"6":{"36":0.016182,"41":0.315549,"42":0.40455,"10.0-10.1":0,"12.1":0.048546},"7":{"8":0,"3.2":0,"4.0-4.1":0,"4.2-4.3":0,"5.0-5.1":0,"6.0-6.1":0,"7.0-7.1":0.104551124471,"8.1-8.4":0.158716164859,"9.0-9.2":0.106440602624,"9.3":0.674543700651,"10.0-10.2":5.0530944074},"8":{"0":0.0248317072419},"9":{"3":0,"4":0.00920399197635,"2.1":0,"2.2":0,"2.3":0,"4.1":0.0302416879223,"4.2-4.3":0.0865926592061,"4.4":0.199670274916,"4.4.3-4.4.4":0.11908838598},"10":{"7":0.00334075},"11":{"0":0.00189429275809,"10":0,"11":0,"12":0,"11.1":0,"11.5":0,"12.1":0},"12":{"0":9.547275},"13":{"0":0.009545},"14":{"10":0.0691058,"11":0.2764232},"15":{"0":0.007636},"16":{"0":2.504608}}