{"1":{"6":0.007828,"8":1.659536,"9":0.258324,"10":0.148732,"11":4.250604},"2":{"12":0.023484,"13":0.148732,"14":1.980484},"3":{"7":0.007828,"11":0.031312,"16":0.03914,"17":0.015656,"18":0.007828,"21":0.062624,"22":0.109592,"24":0.031312,"25":0.023484,"32":0.015656,"37":0.031312,"40":0.109592,"41":0.015656,"42":0.015656,"43":0.054796,"44":0.015656,"45":0.054796,"46":0.023484,"47":0.187872,"48":0.266152,"49":0.062624,"50":11.46802,"51":1.48732,"53":0.133076,"54":0.023484,"3.5":0.023484,"3.6":0.07828},"4":{"11":0.015656,"12":0.054796,"16":0.07828,"21":0.007828,"22":0.054796,"27":0.015656,"29":0.211356,"31":0.03914,"32":0.023484,"34":0.03914,"38":0.03914,"40":0.015656,"42":0.023484,"43":0.015656,"44":0.023484,"46":0.03914,"48":0.046968,"49":2.567584,"50":0.007828,"51":0.11742,"52":0.15656,"53":0.070452,"54":0.422712,"55":43.774176,"56":0.618412,"57":0.015656},"5":{"4":0,"5":0.03914,"8":0.258324,"9":0.375744,"10":4.117528,"5.1":0.211356,"6.1":0.125248,"9.1":0.74366},"6":{"12":0.007828,"42":0.172216,"10.0-10.1":0,"12.1":0.031312},"7":{"8":0,"3.2":0,"4.0-4.1":0,"4.2-4.3":0,"5.0-5.1":0,"6.0-6.1":0.0327782555781,"7.0-7.1":0.154057801217,"8.1-8.4":0.185197144016,"9.0-9.2":0.0835845517241,"9.3":0.719482709939,"10.0-10.2":6.50074753753},"8":{"0":0.0736867598253},"9":{"3":0,"4":0.0124828563969,"2.1":0,"2.2":0,"2.3":0,"4.1":0.0403700887728,"4.2-4.3":0.122969415144,"4.4":0.27860673107,"4.4.3-4.4.4":0.155902908616},"10":{"7":0.000543},"11":{"0":0.000161240174672,"10":0,"11":0,"12":0,"11.1":0,"11.5":0,"12.1":0},"12":{"0":9.918256},"13":{},"14":{"10":0.0603520776699,"11":0.28499592233},"15":{"0":0.056472},"16":{"0":2.940888}}