{"1":{"7":0.005799,"8":0.23196,"9":0.098583,"10":0.249357,"11":3.218445},"2":{"12":0.150774,"13":0.179769,"14":0.823458},"3":{"3":0.023196,"4":0.005799,"5":0.005799,"6":0.017397,"8":0.005799,"10":0.005799,"11":0.017397,"12":0.05799,"13":0.005799,"14":0.023196,"15":0.034794,"16":0.034794,"17":0.023196,"18":0.011598,"19":0.011598,"20":0.011598,"21":0.052191,"22":0.017397,"23":0.011598,"25":0.017397,"26":0.011598,"27":0.017397,"28":0.011598,"29":0.034794,"30":0.069588,"31":0.028995,"32":0.017397,"33":0.017397,"34":0.023196,"35":0.075387,"36":0.040593,"37":0.034794,"38":0.104382,"39":0.052191,"40":0.040593,"41":0.040593,"42":0.086985,"43":0.28995,"44":0.063789,"45":0.208764,"46":0.127578,"47":0.516111,"48":0.301548,"49":0.208764,"50":0.533508,"51":11.725578,"52":0.17397,"53":0.017397,"3.5":0.023196,"3.6":0.040593},"4":{"4":0.005799,"5":0.023196,"6":0.052191,"7":0.005799,"8":0.005799,"9":0.005799,"10":0.011598,"11":0.104382,"12":0.05799,"13":0.040593,"14":0.011598,"15":0.011598,"16":0.063789,"17":0.052191,"18":0.023196,"19":0.028995,"20":0.005799,"22":0.005799,"23":0.005799,"24":0.011598,"25":0.011598,"26":0.011598,"27":0.011598,"28":0.040593,"29":0.040593,"30":0.028995,"31":0.023196,"32":0.139176,"33":0.046392,"34":0.011598,"35":0.011598,"36":0.168171,"37":0.005799,"38":0.023196,"39":0.023196,"40":0.05799,"41":0.034794,"42":0.034794,"43":0.272553,"44":0.046392,"45":0.069588,"46":0.017397,"47":0.144975,"48":0.040593,"49":1.716504,"50":0.075387,"51":0.081186,"52":0.069588,"53":0.86985,"54":0.133377,"55":6.924006,"56":22.018803,"57":0.11598,"58":0.023196},"5":{"4":0.005799,"5":0.063789,"7":0.017397,"8":0.127578,"9":0.11598,"10":0.643689,"5.1":0.046392,"6.1":0.017397,"7.1":0.011598,"9.1":0.237759,"10.1":0.034794},"6":{"34":0.028995,"35":0.005799,"36":0.092784,"37":0.034794,"38":0.005799,"39":0.005799,"40":0.005799,"41":0.017397,"42":0.313146,"43":0.545106,"10.0-10.1":0,"12.1":0.011598},"7":{"8":0,"3.2":0,"4.0-4.1":0,"4.2-4.3":0,"5.0-5.1":0,"6.0-6.1":0.0221826171883,"7.0-7.1":0.0979383475862,"8.1-8.4":0.133514243077,"9.0-9.2":0.0263680166578,"9.3":0.362037054111,"10.0-10.2":3.30269872138},"8":{"0":2.8043326048},"9":{"3":0,"4":0.106007376701,"2.1":0,"2.2":0,"2.3":0,"4.1":0.318022130102,"4.2-4.3":1.02403125893,"4.4":2.26219741879,"4.4.3-4.4.4":1.27632881548},"10":{"7":0.04306025},"11":{"0":0.00613639519651,"10":0,"11":0,"12":0,"11.1":0,"11.5":0,"12.1":0},"12":{"0":23.637079},"13":{"0":0.470512},"14":{"10":0.314952640777,"11":1.48727635922},"15":{"0":0.697366},"16":{"0":3.856518},"17":{}}