{"1":{"6":0.00103848910412,"8":0.0467320096852,"9":0.0062309346247,"10":0.0321931622276,"11":0.338547447942},"2":{"12":0.048457,"13":0.042271,"14":0.085573},"3":{"3":0.034023,"4":0.002062,"5":0.004124,"10":0.004124,"11":0.005155,"12":0.003093,"13":0.001031,"15":0.002062,"16":0.001031,"18":0.001031,"19":0.005155,"20":0.001031,"21":0.003093,"22":0.004124,"23":0.007217,"24":0.002062,"25":0.003093,"26":0.002062,"27":0.005155,"28":0.005155,"29":0.018558,"30":0.008248,"31":0.006186,"32":0.002062,"33":0.003093,"34":0.015465,"35":0.007217,"36":0.014434,"37":0.053612,"38":0.008248,"39":0.004124,"40":0.003093,"41":0.012372,"42":0.008248,"43":0.068046,"44":0.078356,"45":0.018558,"46":0.03093,"47":0.111348,"48":0.023713,"49":0.08248,"50":0.973264,"51":0.111348,"3.6":0.002062},"4":{"8":0.002062,"9":0.018558,"10":0.001031,"11":0.016496,"12":0.001031,"13":0.002062,"16":0.002062,"17":0.002062,"20":0.029899,"21":0.032992,"22":0.004124,"23":0.024744,"25":0.002062,"26":0.015465,"27":0.004124,"28":0.009279,"29":0.005155,"30":0.011341,"31":0.031961,"32":0.023713,"33":0.156712,"34":0.005155,"35":0.004124,"36":0.006186,"37":0.005155,"38":0.004124,"39":0.017527,"40":0.009279,"41":0.01031,"42":0.002062,"43":1.304215,"44":0.011341,"45":0.02062,"46":0.008248,"47":0.014434,"48":0.007217,"49":0.108255,"50":0.08248,"51":0.079387,"52":0.097945,"53":0.053612,"54":2.21665,"55":2.521826,"56":0.03093,"57":0.014434},"5":{"4":0.04124,"7":0.003093,"8":0.005155,"9":0.006186,"10":0.112379,"5.1":0.002062,"9.1":0.056705},"6":{"11":0.001031,"12":0.001031,"19":0.001031,"21":0.002062,"28":0.001031,"36":0.004124,"37":0.056705,"38":0.009279,"39":0.001031,"40":0.004124,"41":0.12372,"42":0.055674,"10.0-10.1":0,"10.6":0.005155,"11.5":0.001031,"12.1":0.001031},"7":{"8":0,"3.2":0,"4.0-4.1":0,"4.2-4.3":0,"5.0-5.1":0,"6.0-6.1":0,"7.0-7.1":0.0139934519161,"8.1-8.4":0.0212430715835,"9.0-9.2":0.0142463456255,"9.3":0.0902830542299,"10.0-10.2":0.676322076645},"8":{"0":35.0042596364},"9":{"3":0,"4":0.104105300676,"2.1":0,"2.2":0,"2.3":0,"4.1":0.342060273649,"4.2-4.3":0.979439665541,"4.4":2.25844764527,"4.4.3-4.4.4":1.34699511486},"10":{"7":0.006726},"11":{"0":2.67030836364,"10":0,"11":0,"12":0,"11.1":0,"11.5":0,"12.1":0},"12":{"0":17.937998},"13":{},"14":{"10":0.0484272,"11":0.1937088},"15":{"0":26.114816},"16":{"0":1.425912}}