{"1":{"8":0.0652475510204,"9":0.00543729591837,"10":0.036701747449,"11":0.425468405612},"2":{"12":0.066101,"13":0.111967,"14":0.114665},"3":{"3":0.047215,"4":0.004047,"10":0.002698,"11":0.009443,"12":0.005396,"13":0.002698,"15":0.002698,"17":0.002698,"19":0.008094,"20":0.002698,"21":0.002698,"22":0.006745,"23":0.010792,"24":0.002698,"26":0.002698,"28":0.004047,"29":0.020235,"30":0.008094,"31":0.001349,"32":0.001349,"33":0.006745,"34":0.024282,"35":0.006745,"36":0.020235,"37":0.056658,"38":0.044517,"39":0.006745,"40":0.002698,"41":0.010792,"42":0.009443,"43":0.082289,"44":0.089034,"45":0.022933,"46":0.035074,"47":0.151088,"48":0.04047,"49":0.044517,"50":1.046824,"51":0.198303,"52":0.017537,"3.6":0.006745},"4":{"8":0.004047,"9":0.014839,"10":0.002698,"11":0.014839,"15":0.001349,"16":0.002698,"20":0.052611,"21":0.051262,"22":0.002698,"23":0.02698,"24":0.005396,"25":0.004047,"26":0.028329,"27":0.002698,"28":0.009443,"29":0.014839,"30":0.010792,"31":0.048564,"32":0.016188,"33":0.299478,"34":0.006745,"35":0.002698,"36":0.005396,"37":0.001349,"38":0.009443,"39":0.018886,"40":0.012141,"41":0.020235,"42":0.004047,"43":1.67276,"44":0.012141,"45":0.025631,"46":0.009443,"47":0.014839,"48":0.006745,"49":0.142994,"50":0.025631,"51":0.151088,"52":0.043168,"53":0.093081,"54":0.082289,"55":6.321414,"56":0.133551,"57":0.045866,"58":0.002698},"5":{"4":0.021584,"7":0.004047,"8":0.005396,"9":0.008094,"10":0.097128,"5.1":0.002698,"9.1":0.060705},"6":{"15":0.004047,"21":0.002698,"28":0.001349,"30":0.002698,"31":0.002698,"34":0.004047,"36":0.004047,"37":0.004047,"38":0.025631,"39":0.005396,"40":0.005396,"41":0.002698,"42":0.232028,"10.0-10.1":0,"10.6":0.001349,"11.6":0.004047,"12.1":0.006745},"7":{"8":0,"3.2":0,"4.0-4.1":0,"4.2-4.3":0,"5.0-5.1":0,"6.0-6.1":0.00432226753496,"7.0-7.1":0.0203146574143,"8.1-8.4":0.0244208115725,"9.0-9.2":0.0110217822142,"9.3":0.0948737723924,"10.0-10.2":0.857213708872},"8":{"0":16.8067208057},"9":{"3":0,"4":0.144909896867,"2.1":0,"2.2":0,"2.3":0,"4.1":0.468644772846,"4.2-4.3":1.4275166436,"4.4":3.2342655705,"4.4.3-4.4.4":1.80983211619},"10":{"7":0.025953},"11":{"0":0.0367761943231,"10":0,"11":0,"12":0,"11.1":0,"11.5":0,"12.1":0},"12":{"0":27.862443},"13":{},"14":{"10":0.0650084854369,"11":0.306984514563},"15":{"0":31.186855},"16":{"0":1.609086}}