{"1":{"8":0.0612362590674,"9":0.00417519948187,"10":0.040360261658,"11":0.431437279793},"2":{"12":0.08286,"13":0.114623,"14":0.12429},"3":{"3":0.059383,"4":0.004143,"11":0.004143,"12":0.001381,"15":0.001381,"16":0.001381,"19":0.006905,"20":0.005524,"21":0.002762,"22":0.01381,"23":0.005524,"24":0.004143,"25":0.002762,"26":0.001381,"29":0.015191,"30":0.005524,"31":0.004143,"32":0.006905,"33":0.005524,"34":0.005524,"35":0.006905,"36":0.01381,"37":0.071812,"38":0.006905,"39":0.002762,"40":0.004143,"41":0.011048,"42":0.008286,"43":0.056621,"44":0.074574,"45":0.015191,"46":0.017953,"47":0.080098,"48":0.037287,"49":0.053859,"50":0.064907,"51":1.218042,"52":0.149148,"3.6":0.004143},"4":{"8":0.004143,"9":0.015191,"10":0.001381,"11":0.01381,"12":0.001381,"16":0.006905,"17":0.008286,"20":0.035906,"21":0.033144,"23":0.023477,"24":0.006905,"25":0.004143,"26":0.023477,"28":0.009667,"29":0.008286,"30":0.011048,"31":0.114623,"32":0.01381,"33":0.346631,"34":0.006905,"35":0.008286,"36":0.009667,"37":0.002762,"38":0.006905,"39":0.023477,"40":0.022096,"41":0.01381,"42":0.008286,"43":1.62958,"44":0.009667,"45":0.017953,"46":0.008286,"47":0.020715,"48":0.009667,"49":0.15191,"50":0.017953,"51":0.05524,"52":0.023477,"53":0.104956,"54":0.063526,"55":1.713821,"56":5.014411,"57":0.037287,"58":0.062145},"5":{"4":0.029001,"7":0.016572,"8":0.011048,"9":0.015191,"10":0.111861,"5.1":0.002762,"9.1":0.063526},"6":{"21":0.001381,"29":0.008286,"32":0.001381,"34":0.020715,"36":0.005524,"38":0.023477,"39":0.005524,"40":0.001381,"41":0.002762,"42":0.100813,"43":0.167101,"10.0-10.1":0,"11.6":0.001381,"12.1":0.002762},"7":{"8":0,"3.2":0,"4.0-4.1":0,"4.2-4.3":0,"5.0-5.1":0,"6.0-6.1":0.00668775087533,"7.0-7.1":0.0295270510345,"8.1-8.4":0.0402526892308,"9.0-9.2":0.00794959066313,"9.3":0.109149141645,"10.0-10.2":0.995717776552},"8":{"0":12.8643783755},"9":{"3":0,"4":0.145098979592,"2.1":0,"2.2":0,"2.3":0,"4.1":0.435296938776,"4.2-4.3":1.40165614286,"4.4":3.09641222449,"4.4.3-4.4.4":1.74699171429},"10":{"7":0.0495535},"11":{"0":0.0281496244541,"10":0,"11":0,"12":0,"11.1":0,"11.5":0,"12.1":0},"12":{"0":30.371305},"13":{},"14":{"10":0.0451817475728,"11":0.213358252427},"15":{"0":32.084814},"16":{"0":1.827016},"17":{}}