{"1":{"7":0.009486,"8":0.294066,"9":0.270351,"10":0.194463,"11":2.708253},"2":{"12":0.218178,"13":0.559674,"14":2.599164},"3":{"3":0.004743,"14":0.009486,"31":0.004743,"33":0.009486,"35":0.009486,"36":0.014229,"39":0.028458,"40":0.023715,"41":0.009486,"42":0.004743,"43":0.018972,"44":0.009486,"45":0.018972,"46":0.018972,"47":0.080631,"48":0.075888,"49":0.056916,"50":0.227664,"51":4.524822,"52":0.782595,"53":0.009486},"4":{"11":0.033201,"18":0.018972,"20":0.009486,"22":0.104346,"25":0.009486,"26":0.014229,"27":0.004743,"28":0.028458,"29":0.009486,"30":0.004743,"31":0.175491,"32":0.137547,"34":0.037944,"35":0.04743,"36":0.659277,"37":0.014229,"38":0.028458,"39":0.014229,"42":0.037944,"43":0.061659,"44":0.023715,"45":0.037944,"46":0.033201,"47":0.023715,"48":0.014229,"49":1.361241,"50":0.066402,"51":0.09486,"52":0.023715,"53":0.355725,"54":0.147033,"55":5.563539,"56":20.271582,"57":0.109089,"58":0.118575},"5":{"4":0,"6":0.009486,"8":0.028458,"9":0.04743,"10":0.811053,"5.1":0.009486,"6.1":0.033201,"7.1":0.009486,"9.1":0.184977,"10.1":0.004743},"6":{"29":0.004743,"31":0.023715,"33":0.009486,"36":0.037944,"37":0.056916,"39":0.04743,"41":0.014229,"42":0.132804,"43":0.218178,"44":0.004743,"10.0-10.1":0,"12.1":0.009486},"7":{"8":0,"3.2":0,"4.0-4.1":0,"4.2-4.3":0,"5.0-5.1":0,"6.0-6.1":0.0328137198939,"7.0-7.1":0.144875668966,"8.1-8.4":0.197501446154,"9.0-9.2":0.0390049877984,"9.3":0.53554467374,"10.0-10.2":4.88552950345},"8":{"0":1.69954907424},"9":{"3":0,"4":0.12952514881,"2.1":0,"2.2":0,"2.3":0,"4.1":0.388575446429,"4.2-4.3":1.2512129375,"4.4":2.7640666756,"4.4.3-4.4.4":1.55948279167},"10":{"7":0.2129085},"11":{"0":0.00371892576419,"10":0,"11":0,"12":0,"11.1":0,"11.5":0,"12.1":0},"12":{"0":28.443533},"13":{"0":0.010514},"14":{"10":0.0551219417476,"11":0.260298058252},"15":{"0":0.746494},"16":{"0":10.692738},"17":{}}