{"1":{"7":0.00976037055838,"8":0.283050746193,"9":0.278170560914,"10":0.219608337563,"11":3.05499598477},"2":{"12":0.297314,"13":0.346054,"14":1.891112},"3":{"12":0.004874,"15":0.034118,"19":0.004874,"33":0.014622,"35":0.009748,"36":0.029244,"38":0.004874,"39":0.019496,"40":0.07311,"41":0.004874,"43":0.038992,"44":0.009748,"45":0.043866,"46":0.009748,"47":0.068236,"48":0.068236,"49":0.063362,"50":4.742402,"51":1.106398,"52":0.107228,"53":0.004874,"3.6":0.009748},"4":{"11":0.019496,"18":0.038992,"20":0.004874,"22":0.082858,"26":0.014622,"27":0.009748,"28":0.029244,"29":0.009748,"31":0.151094,"32":0.185212,"34":0.029244,"35":0.009748,"36":1.091776,"37":0.019496,"38":0.019496,"39":0.009748,"40":0.014622,"41":0.009748,"42":0.019496,"43":0.063362,"44":0.019496,"45":0.077984,"46":0.014622,"47":0.019496,"48":0.014622,"49":1.481696,"50":0.07311,"51":0.087732,"52":0.09748,"53":0.307062,"54":0.307062,"55":26.00279,"56":0.370424,"57":0.151094},"5":{"4":0,"6":0.009748,"8":0.02437,"9":0.034118,"10":0.75547,"5.1":0.014622,"6.1":0.043866,"7.1":0.029244,"9.1":0.155968},"6":{"29":0.014622,"30":0.004874,"31":0.004874,"33":0.02437,"35":0.004874,"36":0.043866,"37":0.077984,"41":0.009748,"42":0.4874,"10.0-10.1":0,"12.1":0.014622},"7":{"8":0,"3.2":0,"4.0-4.1":0,"4.2-4.3":0,"5.0-5.1":0,"6.0-6.1":0.027761443365,"7.0-7.1":0.130478783816,"8.1-8.4":0.156852155012,"9.0-9.2":0.0707916805808,"9.3":0.609363681862,"10.0-10.2":5.50578825536},"8":{"0":1.69844748472},"9":{"3":0,"4":0.126042096606,"2.1":0,"2.2":0,"2.3":0,"4.1":0.407625503916,"4.2-4.3":1.2416487389,"4.4":2.81315232637,"4.4.3-4.4.4":1.5741853342},"10":{"7":0.22174275},"11":{"0":0.00371651528384,"10":0,"11":0,"12":0,"11.1":0,"11.5":0,"12.1":0},"12":{"0":26.796136},"13":{"0":0.020508},"14":{"10":0.075262368932,"11":0.355405631068},"15":{"0":1.07667},"16":{"0":9.833586}}