{"1":{"7":0.010076,"8":0.297242,"9":0.22671,"10":0.211596,"11":3.47622},"2":{"12":0.196482,"13":0.448382,"14":1.949706},"3":{"15":0.055418,"17":0.010076,"19":0.005038,"28":0.005038,"33":0.015114,"35":0.005038,"36":0.02519,"37":0.010076,"38":0.010076,"39":0.020152,"40":0.040304,"43":0.02519,"44":0.02519,"45":0.060456,"46":0.010076,"47":0.10076,"48":0.110836,"49":0.130988,"50":4.670226,"51":0.65494,"3.6":0.010076},"4":{"11":0.02519,"18":0.005038,"22":0.120912,"24":0.020152,"26":0.02519,"27":0.040304,"28":0.12595,"29":0.010076,"31":0.221672,"32":0.12595,"34":0.020152,"35":0.010076,"36":0.392964,"37":0.010076,"38":0.015114,"39":0.010076,"40":0.010076,"42":0.010076,"43":0.045342,"44":0.015114,"45":0.080608,"46":0.02519,"47":0.015114,"48":0.02519,"49":1.18393,"50":0.055418,"51":0.10076,"52":0.307318,"53":0.211596,"54":14.529592,"55":13.280168,"56":0.080608,"57":0.055418},"5":{"4":0,"6":0.010076,"7":0.010076,"8":0.065494,"9":0.035266,"10":0.740586,"5.1":0.015114,"6.1":0.065494,"7.1":0.010076,"9.1":0.186406},"6":{"29":0.030228,"30":0.015114,"31":0.015114,"33":0.065494,"34":0.010076,"36":0.030228,"37":0.120912,"38":0.010076,"40":0.005038,"41":0.45342,"42":0.20152,"10.0-10.1":0,"12.1":0.02519},"7":{"8":0,"3.2":0,"4.0-4.1":0,"4.2-4.3":0,"5.0-5.1":0,"6.0-6.1":0,"7.0-7.1":0.0879761933685,"8.1-8.4":0.133554221258,"9.0-9.2":0.0895661245739,"9.3":0.567605440347,"10.0-10.2":4.25200602045},"8":{"0":2.10229771341},"9":{"3":0,"4":0.140050773649,"2.1":0,"2.2":0,"2.3":0,"4.1":0.460166827703,"4.2-4.3":1.31762054392,"4.4":3.03824433446,"4.4.3-4.4.4":1.81208552027},"10":{"7":0.265467},"11":{"0":0.160374286595,"10":0,"11":0,"12":0,"11.1":0,"11.5":0,"12.1":0},"12":{"0":26.567088},"13":{"0":0.044658},"14":{"10":0.0962628,"11":0.3850512},"15":{"0":1.101564},"16":{"0":9.169776}}