{"1":{"8":0.1693651417,"9":0.0725850607287,"10":0.0846825708502,"11":2.66145222672},"2":{"12":0.153842,"13":0.183427,"14":1.082811},"3":{"28":0.047336,"38":0.029585,"40":0.053253,"42":0.023668,"43":0.011834,"44":0.011834,"45":0.035502,"47":0.100589,"48":0.011834,"49":0.094672,"50":0.23668,"51":3.597536,"52":0.005917},"4":{"14":0.011834,"16":0.005917,"18":0.053253,"26":0.094672,"30":0.005917,"31":0.023668,"32":0.35502,"33":0.124257,"34":0.005917,"35":0.023668,"36":3.680374,"38":0.011834,"39":0.082838,"40":0.136091,"43":8.46131,"45":0.023668,"46":0.005917,"48":0.053253,"49":2.177456,"50":0.041419,"51":0.053253,"52":0.053253,"53":0.615368,"54":0.100589,"55":5.763158,"56":24.585135,"57":0.017751,"58":0.076921},"5":{"4":0,"8":0.011834,"9":0.029585,"10":1.082811,"6.1":0.017751,"9.1":0.076921},"6":{"36":0.011834,"40":0.011834,"42":0.189344,"43":0.502945,"10.0-10.1":0,"12.1":0.017751},"7":{"8":0,"3.2":0,"4.0-4.1":0,"4.2-4.3":0,"5.0-5.1":0,"6.0-6.1":0.00929884297082,"7.0-7.1":0.0410552689655,"8.1-8.4":0.0559685076923,"9.0-9.2":0.0110533416446,"9.3":0.151764135279,"10.0-10.2":1.38447490345},"8":{"0":2.3751916441},"9":{"3":0,"4":0.14174190051,"2.1":0,"2.2":0,"2.3":0,"4.1":0.425225701531,"4.2-4.3":1.36922675893,"4.4":3.02477215689,"4.4.3-4.4.4":1.70657248214},"10":{"7":0.0102075},"11":{"0":0.0051973558952,"10":0,"11":0,"12":0,"11.1":0,"11.5":0,"12.1":0},"12":{"0":23.46899},"13":{"0":0.036747},"14":{"10":0.117019572816,"11":0.552592427184},"15":{"0":5.222157},"16":{"0":0.722691},"17":{}}