{"1":{"8":0.232128,"9":0.019344,"10":0.083824,"11":5.887024},"2":{"12":0.122512,"13":0.090272,"14":0.786656},"3":{"3":0.038688,"18":0.012896,"28":0.025792,"31":0.012896,"34":0.006448,"35":0.012896,"38":0.006448,"40":0.051584,"41":0.006448,"42":0.019344,"43":0.077376,"44":0.012896,"45":0.038688,"46":0.025792,"47":0.174096,"48":0.045136,"49":0.373984,"50":3.559296,"51":0.019344,"3.6":0.03224},"4":{"11":0.019344,"14":0.025792,"16":0.070928,"18":0.122512,"22":0.006448,"25":0.019344,"26":0.03224,"27":0.006448,"32":0.006448,"33":0.116064,"35":0.199888,"36":4.165408,"37":0.03224,"38":0.019344,"39":0.025792,"40":0.025792,"41":0.045136,"42":0.019344,"43":7.70536,"44":0.025792,"45":0.03224,"47":0.025792,"48":0.148304,"49":1.985984,"50":0.148304,"51":0.141856,"52":0.438464,"53":0.303056,"54":15.6364,"55":14.662752,"56":0.038688},"5":{"4":0,"7":0.006448,"9":0.006448,"10":2.366416,"5.1":0.006448,"6.1":0.077376,"9.1":0.245024},"6":{"37":0.006448,"39":0.006448,"41":0.38688,"42":0.490048,"10.0-10.1":0,"12.1":0.051584},"7":{"8":0,"3.2":0,"4.0-4.1":0,"4.2-4.3":0,"5.0-5.1":0,"6.0-6.1":0,"7.0-7.1":0.0346555735978,"8.1-8.4":0.0526096659436,"9.0-9.2":0.0352818791447,"9.3":0.22359108026,"10.0-10.2":1.67494980105},"8":{"0":1.93064061633},"9":{"3":0,"4":0.133623,"2.1":0,"2.2":0,"2.3":0,"4.1":0.439047,"4.2-4.3":1.257147,"4.4":2.898801,"4.4.3-4.4.4":1.728918},"10":{"7":0.003552},"11":{"0":0.147279383667,"10":0,"11":0,"12":0,"11.1":0,"11.5":0,"12.1":0},"12":{"0":19.891856},"13":{"0":0.042624},"14":{"10":0.1342656,"11":0.5370624},"15":{"0":4.152288},"16":{"0":0.991008}}