{"1":{"7":0.006353,"8":0.330356,"10":0.6353,"11":2.503082},"2":{"12":0.311297,"13":0.152472,"14":0.844949},"3":{"3":0.044471,"28":0.031765,"29":0.031765,"42":0.019059,"43":0.031765,"47":0.06353,"48":0.031765,"49":0.114354,"50":3.125676,"51":0.349415,"52":0.012706},"4":{"11":0.12706,"14":0.012706,"16":0.025412,"18":0.069883,"26":0.031765,"31":0.006353,"33":0.209649,"35":0.038118,"36":8.277959,"38":0.012706,"39":0.031765,"40":0.044471,"43":7.05183,"44":0.044471,"45":0.057177,"46":0.019059,"48":0.088942,"49":1.531073,"50":0.082589,"51":0.101648,"52":0.06353,"53":0.387533,"54":0.235061,"55":31.040758,"56":0.851302},"5":{"4":0,"8":0.019059,"9":0.012706,"10":0.972009,"6.1":0.006353,"9.1":0.108001},"6":{"39":0.012706,"40":0.031765,"42":0.844949,"10.0-10.1":0},"7":{"8":0,"3.2":0,"4.0-4.1":0,"4.2-4.3":0,"5.0-5.1":0,"6.0-6.1":0.00749100886089,"7.0-7.1":0.0352077416462,"8.1-8.4":0.0423242000641,"9.0-9.2":0.0191020725953,"9.3":0.164427644497,"10.0-10.2":1.48565433234},"8":{"0":2.34717894105},"9":{"3":0,"4":0.142169518712,"2.1":0,"2.2":0,"2.3":0,"4.1":0.459782273281,"4.2-4.3":1.40052100348,"4.4":3.17310266232,"4.4.3-4.4.4":1.77560654221},"10":{"7":0.00638225},"11":{"0":0.00513605895197,"10":0,"11":0,"12":0,"11.1":0,"11.5":0,"12.1":0},"12":{"0":21.629217},"13":{"0":0.025529},"14":{"10":0.113446485437,"11":0.535719514563},"15":{"0":2.935835},"16":{"0":0.762223}}