{"1":{"7":0.005254,"8":0.215414,"9":0.07881,"10":0.094572,"11":0.961482},"2":{"12":0.068302,"13":0.126096,"14":0.541162},"3":{"3":0.036778,"11":0.005254,"16":0.005254,"20":0.005254,"28":0.005254,"29":0.005254,"30":0.031524,"31":0.010508,"33":0.010508,"35":0.02627,"36":0.015762,"37":0.021016,"38":0.031524,"39":0.031524,"40":0.063048,"41":0.036778,"42":0.005254,"43":0.068302,"44":0.021016,"45":0.152366,"46":0.063048,"47":0.178636,"48":0.257446,"49":0.141858,"50":4.17693,"51":0.535908,"52":0.015762,"3.6":0.010508},"4":{"11":0.015762,"18":0.005254,"21":0.010508,"22":0.042032,"24":0.005254,"26":0.005254,"30":0.005254,"31":0.02627,"32":0.031524,"33":0.010508,"34":0.021016,"35":0.021016,"36":0.220668,"37":0.021016,"38":0.057794,"39":0.047286,"40":0.031524,"41":0.010508,"42":0.036778,"43":0.094572,"44":0.031524,"45":0.02627,"46":0.036778,"47":0.047286,"48":0.05254,"49":1.691788,"50":0.089318,"51":0.168128,"52":0.147112,"53":0.357272,"54":0.530654,"55":34.166762,"56":0.49913,"57":0.021016},"5":{"4":0.015762,"5":0.031524,"7":0.02627,"8":0.162874,"9":0.141858,"10":1.187404,"5.1":0.021016,"6.1":0.005254,"9.1":0.425574},"6":{"29":0.005254,"36":0.015762,"37":0.021016,"38":0.005254,"40":0.021016,"41":0.010508,"42":0.572686,"10.0-10.1":0,"12.1":0.005254},"7":{"8":0,"3.2":0,"4.0-4.1":0,"4.2-4.3":0,"5.0-5.1":0,"6.0-6.1":0.0113268068752,"7.0-7.1":0.0532359923134,"8.1-8.4":0.0639964588449,"9.0-9.2":0.0288833575318,"9.3":0.248623410911,"10.0-10.2":2.24638897352},"8":{"0":1.96487549127},"9":{"3":0,"4":0.107916744996,"2.1":0,"2.2":0,"2.3":0,"4.1":0.349007345518,"4.2-4.3":1.06309474326,"4.4":2.40860990426,"4.4.3-4.4.4":1.34781126197},"10":{"7":0.03202875},"11":{"0":0.00429950873362,"10":0,"11":0,"12":0,"11.1":0,"11.5":0,"12.1":0},"12":{"0":34.408501},"13":{"0":0.023725},"14":{"10":0.0837515533981,"11":0.395493446602},"15":{"0":2.57179},"16":{"0":2.367755}}