{"1":{"6":0.0154805010438,"7":0.00309610020877,"8":0.37772422547,"9":0.145516709812,"10":0.145516709812,"11":0.792601653445},"2":{"12":0.057741,"13":0.072936,"14":0.282627},"3":{"3":0.054702,"4":0.009117,"5":0.015195,"6":0.003039,"8":0.003039,"10":0.021273,"11":0.024312,"12":0.118521,"13":0.006078,"14":0.003039,"15":0.015195,"16":0.012156,"17":0.179301,"18":0.003039,"19":0.012156,"20":0.003039,"21":0.009117,"23":0.003039,"24":0.003039,"25":0.009117,"26":0.021273,"27":0.006078,"28":0.024312,"29":0.015195,"30":0.027351,"31":0.021273,"32":0.021273,"33":0.018234,"34":0.018234,"35":0.063819,"36":0.079014,"37":0.033429,"38":0.051663,"39":0.075975,"40":0.027351,"41":0.06078,"42":0.018234,"43":0.267432,"44":0.139794,"45":0.139794,"46":0.094209,"47":0.747594,"48":0.379875,"49":0.428499,"50":5.382069,"51":0.762789,"52":0.054702,"53":0.006078,"3.5":0.012156,"3.6":0.027351},"4":{"5":0.003039,"8":0.006078,"10":0.003039,"11":0.033429,"12":0.009117,"14":0.003039,"15":0.009117,"17":0.003039,"18":0.009117,"19":0.006078,"20":0.006078,"22":0.006078,"23":0.042546,"24":0.009117,"25":0.009117,"26":0.012156,"27":0.012156,"28":0.024312,"29":0.039507,"30":0.021273,"31":0.06078,"32":0.124599,"33":0.063819,"34":0.039507,"35":0.006078,"36":0.206652,"37":0.006078,"38":0.051663,"39":0.042546,"40":0.033429,"41":0.012156,"42":0.015195,"43":0.714165,"44":0.063819,"45":0.018234,"46":0.051663,"47":0.09117,"48":0.045585,"49":0.647307,"50":0.112443,"51":0.294783,"52":0.358602,"53":0.562215,"54":0.346446,"55":12.347457,"56":0.267432,"57":0.057741},"5":{"4":0,"5":0.012156,"7":0.006078,"8":0.012156,"9":0.012156,"10":0.139794,"5.1":0.021273,"6.1":0.009117,"9.1":0.054702},"6":{"11":0.009117,"20":0.006078,"36":0.036468,"37":0.006078,"38":0.024312,"39":0.003039,"40":0.006078,"41":0.012156,"42":0.471045,"10.0-10.1":0,"11.5":0.006078,"11.6":0.006078,"12.1":0.009117},"7":{"8":0,"3.2":0,"4.0-4.1":0,"4.2-4.3":0,"5.0-5.1":0,"6.0-6.1":0.0113535603715,"7.0-7.1":0.0533617337461,"8.1-8.4":0.0641476160991,"9.0-9.2":0.0289515789474,"9.3":0.249210650155,"10.0-10.2":2.25169486068},"8":{"0":7.75040069869},"9":{"3":0,"4":0.265482506527,"2.1":0,"2.2":0,"2.3":0,"4.1":0.858581723238,"4.2-4.3":2.61528511749,"4.4":5.92534360313,"4.4.3-4.4.4":3.31570704961},"10":{"7":0.00348},"11":{"0":0.01695930131,"10":0,"11":0,"12":0,"11.1":0,"11.5":0,"12.1":0},"12":{"0":33.360075},"13":{"0":0.0348},"14":{"10":0.0145957281553,"11":0.0689242718447},"15":{"0":5.1504},"16":{"0":6.4728}}