{"1":{"6":0.0133887804878,"7":0.00267775609756,"8":0.321330731707,"9":0.20886497561,"10":0.0374885853659,"11":0.514129170732},"2":{"12":0.05228,"13":0.06535,"14":0.154226},"3":{"3":0.047052,"4":0.007842,"5":0.007842,"6":0.002614,"8":0.007842,"10":0.028754,"11":0.023526,"12":0.057508,"13":0.010456,"15":0.03921,"16":0.010456,"17":0.159454,"18":0.005228,"19":0.007842,"20":0.002614,"21":0.01307,"22":0.002614,"23":0.005228,"24":0.007842,"25":0.007842,"26":0.015684,"27":0.007842,"28":0.007842,"29":0.02614,"30":0.018298,"31":0.01307,"32":0.01307,"33":0.020912,"34":0.01307,"35":0.096718,"36":0.06535,"37":0.020912,"38":0.054894,"39":0.03921,"40":0.031368,"41":0.044438,"42":0.023526,"43":0.206506,"44":0.086262,"45":0.122858,"46":0.073192,"47":0.616904,"48":0.295382,"49":0.243102,"50":0.389486,"51":4.736568,"52":0.193436,"53":0.015684,"3.5":0.005228,"3.6":0.015684},"4":{"8":0.005228,"9":0.002614,"10":0.007842,"11":0.031368,"12":0.005228,"14":0.010456,"15":0.005228,"17":0.005228,"18":0.007842,"19":0.002614,"20":0.005228,"21":0.002614,"22":0.010456,"23":0.01307,"24":0.005228,"25":0.005228,"26":0.007842,"27":0.020912,"28":0.018298,"29":0.007842,"30":0.01307,"31":0.049666,"32":0.10456,"33":0.057508,"34":0.015684,"35":0.010456,"36":0.049666,"37":0.002614,"38":0.031368,"39":0.031368,"40":0.070578,"41":0.018298,"42":0.015684,"43":0.624746,"44":0.03921,"45":0.020912,"46":0.020912,"47":0.067964,"48":0.049666,"49":0.428696,"50":0.083648,"51":0.177752,"52":0.23526,"53":0.50973,"54":0.167296,"55":3.134186,"56":8.845776,"57":0.041824,"58":0.020912},"5":{"4":0,"5":0.002614,"7":0.007842,"8":0.010456,"9":0.002614,"10":0.107174,"5.1":0.01307,"9.1":0.028754},"6":{"11":0.007842,"19":0.005228,"20":0.005228,"35":0.002614,"36":0.023526,"37":0.002614,"38":0.020912,"39":0.005228,"41":0.002614,"42":0.154226,"43":0.284926,"10.0-10.1":0,"11.6":0.002614,"12.1":0.007842},"7":{"8":0,"3.2":0,"4.0-4.1":0,"4.2-4.3":0,"5.0-5.1":0,"6.0-6.1":0.0124186675862,"7.0-7.1":0.0548295889655,"8.1-8.4":0.07474632,"9.0-9.2":0.0147618124138,"9.3":0.202682027586,"10.0-10.2":1.84897558345},"8":{"0":7.51727082969},"9":{"3":0,"4":0.276032908163,"2.1":0,"2.2":0,"2.3":0,"4.1":0.82809872449,"4.2-4.3":2.66647789286,"4.4":5.8905422602,"4.4.3-4.4.4":3.32343621429},"10":{"7":0.0055395},"11":{"0":0.0164491703057,"10":0,"11":0,"12":0,"11.1":0,"11.5":0,"12.1":0},"12":{"0":38.41553},"13":{"0":0.044316},"14":{"10":0.0154890873786,"11":0.0731429126214},"15":{"0":4.941234},"16":{"0":6.817278},"17":{}}