{"1":{"6":0.00939084327177,"7":0.00704313245383,"8":0.636229631662,"9":0.34276577942,"10":0.42258794723,"11":3.03089466596},"2":{"12":0.297688,"13":0.311752,"14":0.325816},"3":{"3":0.009376,"7":0.002344,"8":0.007032,"9":0.002344,"10":0.004688,"12":0.042192,"14":0.004688,"15":0.025784,"16":0.004688,"17":0.004688,"18":0.004688,"19":0.004688,"21":0.009376,"24":0.007032,"25":0.004688,"26":0.07032,"27":0.009376,"29":0.009376,"30":0.007032,"31":0.044536,"33":0.009376,"34":0.002344,"35":0.039848,"36":0.032816,"37":0.007032,"38":0.060944,"39":0.007032,"40":0.016408,"41":0.025784,"42":0.007032,"43":0.07032,"44":0.159392,"45":0.178144,"46":0.154704,"47":0.215648,"48":0.0586,"49":0.124232,"50":0.15236,"51":2.358064,"52":0.208616,"53":0.004688,"3.5":0.004688,"3.6":0.016408},"4":{"5":0.004688,"9":0.009376,"11":0.025784,"12":0.002344,"16":0.004688,"18":0.016408,"23":0.002344,"25":0.044536,"26":0.030472,"28":0.004688,"29":0.002344,"30":0.018752,"31":0.004688,"32":0.077352,"33":0.018752,"35":0.009376,"36":0.028128,"37":0.016408,"38":0.004688,"39":0.009376,"40":0.042192,"41":0.089072,"42":0.007032,"43":0.056256,"44":0.007032,"45":0.004688,"46":0.021096,"47":0.004688,"48":0.007032,"49":0.309408,"50":0.072664,"51":0.04688,"52":0.049224,"53":0.1172,"54":0.178144,"55":2.259616,"56":7.554712,"57":0.009376,"58":0.004688},"5":{"4":0,"6":0.007032,"8":0.004688,"9":0.182832,"10":0.532088,"5.1":0.042192,"6.1":0.01172,"9.1":0.067976},"6":{"19":0.002344,"20":0.007032,"22":0.007032,"29":0.004688,"33":0.018752,"34":0.002344,"36":0.016408,"37":0.014064,"38":0.004688,"39":0.002344,"40":0.042192,"41":0.063288,"42":0.220336,"43":0.321128,"10.0-10.1":0,"11.6":0.01172,"12.1":0.028128},"7":{"8":0,"3.2":0,"4.0-4.1":0,"4.2-4.3":0,"5.0-5.1":0,"6.0-6.1":0.00908403692308,"7.0-7.1":0.04010688,"8.1-8.4":0.0546756184615,"9.0-9.2":0.0107980061538,"9.3":0.148258338462,"10.0-10.2":1.35249312},"8":{"0":53.3909547773},"9":{"3":0,"4":0.0652647959184,"2.1":0,"2.2":0,"2.3":0,"4.1":0.195794387755,"4.2-4.3":0.630457928571,"4.4":1.3927507449,"4.4.3-4.4.4":0.785788142857},"10":{"7":0.156948},"11":{"0":0.116829222707,"10":0,"11":0,"12":0,"11.1":0,"11.5":0,"12.1":0},"12":{"0":10.789088},"13":{"0":0.015312},"14":{"10":0.338499262136,"11":1.59846873786},"15":{"0":2.18196},"16":{"0":2.633664},"17":{}}