{"1":{"6":0.00555987051207,"7":0.00277993525603,"8":0.319692554444,"9":0.162626212478,"10":0.262703881695,"11":1.60819254562},"2":{"12":0.103275,"13":0.253368,"14":0.228582},"3":{"2":0.001377,"3":0.002754,"6":0.001377,"7":0.001377,"9":0.011016,"11":0.008262,"12":0.022032,"15":0.011016,"16":0.001377,"17":0.004131,"19":0.001377,"21":0.009639,"26":0.011016,"29":0.005508,"30":0.001377,"31":0.002754,"32":0.035802,"33":0.004131,"35":0.009639,"37":0.004131,"38":0.01377,"39":0.006885,"40":0.009639,"41":0.006885,"43":0.035802,"44":0.08262,"45":0.152847,"46":0.095013,"47":0.144585,"48":0.061965,"49":0.042687,"50":1.637253,"51":0.338742,"52":0.020655,"3.5":0.009639,"3.6":0.009639},"4":{"9":0.034425,"11":0.028917,"12":0.002754,"16":0.001377,"18":0.006885,"22":0.019278,"23":0.001377,"25":0.048195,"26":0.035802,"30":0.016524,"31":0.002754,"32":0.028917,"33":0.008262,"35":0.008262,"36":0.130815,"37":0.002754,"38":0.001377,"39":0.005508,"40":0.04131,"41":0.037179,"42":0.001377,"43":0.045441,"44":0.004131,"45":0.008262,"46":0.008262,"47":0.005508,"48":0.017901,"49":0.184518,"50":0.028917,"51":0.035802,"52":0.017901,"53":0.064719,"54":0.207927,"55":5.060475,"56":0.086751,"57":0.004131},"5":{"4":0.004131,"6":0.001377,"8":0.159732,"9":0.01377,"10":0.246483,"5.1":0.004131,"6.1":0.001377,"9.1":0.011016},"6":{"16":0.001377,"18":0.001377,"19":0.001377,"29":0.004131,"31":0.001377,"32":0.004131,"33":0.002754,"35":0.008262,"36":0.016524,"37":0.005508,"38":0.008262,"40":0.015147,"41":0.038556,"42":0.549423,"10.0-10.1":0,"11.6":0.005508},"7":{"8":0,"3.2":0,"4.0-4.1":0,"4.2-4.3":0,"5.0-5.1":0,"6.0-6.1":0.00563390199637,"7.0-7.1":0.0264793393829,"8.1-8.4":0.0318315462795,"9.0-9.2":0.0143664500907,"9.3":0.12366414882,"10.0-10.2":1.11734361343},"8":{"0":66.0972530611},"9":{"3":0,"4":0.0537905591819,"2.1":0,"2.2":0,"2.3":0,"4.1":0.173960957354,"4.2-4.3":0.529894231941,"4.4":1.20055950174,"4.4.3-4.4.4":0.671809749782},"10":{"7":0.1767715},"11":{"0":0.144632938865,"10":0,"11":0,"12":0,"11.1":0,"11.5":0,"12.1":0},"12":{"0":8.435966},"13":{},"14":{"10":0.334538912621,"11":1.57976708738},"15":{"0":2.319587},"16":{"0":2.362702}}