{"1":{"6":0.00497910817506,"8":0.0647284062758,"9":0.119498596201,"10":0.164310569777,"11":5.67618331957},"2":{"12":0.2985,"13":0.4378,"14":4.621775},"3":{"7":0.02985,"11":0.174125,"18":0.004975,"24":0.00995,"29":0.004975,"31":0.024875,"37":0.004975,"40":0.014925,"43":0.014925,"46":0.014925,"47":0.0597,"48":0.14925,"49":0.024875,"50":0.18905,"51":3.228775,"52":0.0995,"53":0.004975},"4":{"13":0.004975,"30":0.00995,"32":0.00995,"34":0.024875,"35":0.004975,"36":2.124325,"38":0.00995,"39":0.0199,"41":0.00995,"43":0.094525,"44":0.014925,"45":0.0398,"46":0.0398,"47":0.0199,"48":0.0199,"49":0.74625,"50":0.064675,"51":0.06965,"52":0.064675,"53":0.203975,"54":0.0995,"55":6.711275,"56":16.62645,"57":0.194025,"58":0.06965},"5":{"4":0,"6":0.00995,"7":0.084575,"8":0.1194,"9":0.3582,"10":2.3681,"5.1":0.18905,"6.1":0.074625,"9.1":0.701475,"10.1":0.004975},"6":{"29":0.004975,"32":0.00995,"37":0.014925,"42":0.074625,"43":0.114425,"10.0-10.1":0},"7":{"8":0,"3.2":0,"4.0-4.1":0,"4.2-4.3":0,"5.0-5.1":0,"6.0-6.1":0.127691862493,"7.0-7.1":0.56377161931,"8.1-8.4":0.768560455385,"9.0-9.2":0.151784666737,"9.3":2.08402756711,"10.0-10.2":19.011631829},"8":{"0":0.295886545852},"9":{"3":0,"4":0.0606880952381,"2.1":0,"2.2":0,"2.3":0,"4.1":0.182064285714,"4.2-4.3":0.586247,"4.4":1.29508395238,"4.4.3-4.4.4":0.730684666667},"10":{"7":0.095494},"11":{"0":0.000647454148472,"10":0,"11":0,"12":0,"11.1":0,"11.5":0,"12.1":0},"12":{"0":21.106122},"13":{"0":0.020104},"14":{"10":0.0377681941748,"11":0.178349805825},"15":{"0":0.567938},"16":{"0":3.628772},"17":{}}