{"1":{"6":0.0216632805755,"7":0.0108316402878,"8":0.0595740215827,"9":0.092068942446,"10":0.297870107914,"11":5.54038400719},"2":{"12":0.203604,"13":0.691182,"14":4.104228},"3":{"5":0.010716,"11":0.037506,"15":0.128592,"31":0.032148,"38":0.005358,"39":0.005358,"40":0.016074,"41":0.016074,"42":0.058938,"47":0.021432,"48":0.13395,"49":0.10716,"50":3.798822,"51":0.069654},"4":{"11":0.010716,"19":0.010716,"34":0.021432,"35":0.069654,"36":1.811004,"38":0.016074,"40":0.010716,"41":0.005358,"43":0.075012,"44":0.016074,"45":0.192888,"46":0.085728,"47":0.016074,"48":0.005358,"49":1.173402,"50":0.40185,"51":0.225036,"52":0.139308,"53":0.117876,"54":11.65365,"55":12.419844,"56":0.166098,"57":0.032148},"5":{"4":0,"5":0.010716,"6":0.005358,"7":0.037506,"8":0.096444,"9":0.219678,"10":2.684358,"5.1":0.198246,"6.1":0.02679,"9.1":1.961028},"6":{"29":0.016074,"37":0.032148,"41":0.155382,"42":0.112518,"10.0-10.1":0},"7":{"8":0,"3.2":0,"4.0-4.1":0,"4.2-4.3":0,"5.0-5.1":0,"6.0-6.1":0,"7.0-7.1":0.357544092346,"8.1-8.4":0.542777778742,"9.0-9.2":0.364005732569,"9.3":2.30680555965,"10.0-10.2":17.2805798367},"8":{"0":0.383938183359},"9":{"3":0,"4":0.0362204978885,"2.1":0,"2.2":0,"2.3":0,"4.1":0.119010207348,"4.2-4.3":0.340768357686,"4.4":0.78576304603,"4.4.3-4.4.4":0.468648891047},"10":{"7":0.30992025},"11":{"0":0.029288816641,"10":0,"11":0,"12":0,"11.1":0,"11.5":0,"12.1":0},"12":{"0":19.779803},"13":{"0":0.069645},"14":{"10":0.023215,"11":0.09286},"15":{"0":0.348225},"16":{"0":3.830475}}