{"1":{"6":0.0214882165605,"8":0.0805808121019,"9":0.161161624204,"10":0.0805808121019,"11":4.71666353503},"2":{"12":0.176715,"13":0.59976,"14":4.33755},"3":{"3":0.005355,"11":0.101745,"18":0.058905,"22":0.01071,"31":0.02142,"33":0.005355,"38":0.01071,"42":0.058905,"43":0.005355,"47":0.02142,"48":0.048195,"49":0.080325,"50":3.67353,"51":0.390915,"52":0.005355},"4":{"11":0.005355,"29":0.04284,"30":0.09639,"31":0.01071,"32":0.016065,"35":0.01071,"36":2.60253,"38":0.016065,"39":0.02142,"40":0.016065,"42":0.01071,"43":0.06426,"44":0.01071,"45":0.04284,"46":0.037485,"47":0.01071,"48":0.026775,"49":0.70686,"50":2.12058,"51":0.058905,"52":0.069615,"53":0.112455,"54":0.208845,"55":24.25815,"56":0.27846,"57":0.20349},"5":{"4":0,"5":0.01071,"7":0.026775,"8":0.12852,"9":0.155295,"10":2.52756,"5.1":0.29988,"6.1":0.026775,"7.1":0.005355,"9.1":0.883575,"10.1":0.016065},"6":{"29":0.005355,"37":0.04284,"42":0.198135,"10.0-10.1":0},"7":{"8":0,"3.2":0,"4.0-4.1":0,"4.2-4.3":0,"5.0-5.1":0,"6.0-6.1":0.0938421906694,"7.0-7.1":0.441058296146,"8.1-8.4":0.530208377282,"9.0-9.2":0.239297586207,"9.3":2.05983608519,"10.0-10.2":18.6112524645},"8":{"0":0.305900633188},"9":{"3":0,"4":0.030685702785,"2.1":0,"2.2":0,"2.3":0,"4.1":0.0992388685814,"4.2-4.3":0.302286816797,"4.4":0.68487877067,"4.4.3-4.4.4":0.383244841166},"10":{"7":0.12077},"11":{"0":0.000669366812227,"10":0,"11":0,"12":0,"11.1":0,"11.5":0,"12.1":0},"12":{"0":19.63572},"13":{"0":0.013935},"14":{"10":0.0284111650485,"11":0.134163834951},"15":{"0":0.404115},"16":{"0":4.06902}}