{"1":{"7":0.00136790697674,"8":0.0547162790698,"9":0.010943255814,"10":0.012584744186,"11":0.155667813953},"2":{"12":0.008432,"13":0.01088,"14":0.011424},"3":{"2":0.000544,"3":0.451248,"4":0.0068,"5":0.002176,"6":0.000816,"7":0.00136,"8":0.004896,"9":0.005168,"10":0.08976,"11":0.002992,"12":0.003264,"13":0.001088,"14":0.007616,"15":0.01904,"16":0.002992,"17":0.003808,"18":0.004352,"19":0.000272,"20":0.001904,"21":0.00408,"22":0.002448,"23":0.000816,"24":0.004624,"26":0.001088,"28":0.000272,"29":0.002992,"30":0.000816,"31":0.0068,"32":0.000272,"33":0.001904,"34":0.002448,"35":0.000544,"36":0.002448,"37":0.00544,"38":0.001904,"39":0.000544,"40":0.001632,"41":0.00136,"42":0.002176,"43":0.04352,"44":0.00952,"45":0.007616,"46":0.003264,"47":0.078336,"48":0.019856,"49":0.036992,"50":0.339728,"51":0.009248,"3.6":0.002992},"4":{"9":0.000272,"10":0.000816,"11":0.004896,"16":0.000544,"18":0.001088,"19":0.000816,"22":0.000544,"25":0.002176,"26":0.007344,"28":0.002448,"29":0.001088,"31":0.000544,"32":0.001904,"33":0.003264,"34":0.00272,"38":0.000544,"40":0.000544,"43":0.00136,"44":0.000544,"45":0.028016,"46":0.000816,"48":0.000272,"49":0.017952,"50":0.00408,"51":0.049776,"52":0.011424,"53":0.014416,"54":0.327216,"55":0.225216,"56":0.000272},"5":{"4":0,"6":0.000544,"7":0.00136,"8":0.013328,"9":0.007344,"10":0.026656,"5.1":0.016048,"6.1":0.001904,"7.1":0.003808,"9.1":0.01088},"6":{"18":0.000544,"19":0.001088,"22":0.000544,"25":0.000544,"29":0.001904,"34":0.001904,"35":0.001088,"36":0.070176,"37":0.001904,"38":0.002448,"39":0.001904,"40":0.000544,"41":0.032912,"42":0.019856,"10.0-10.1":0,"10.6":0.000544,"11.6":0.012784,"12.1":0.002448},"7":{"8":0,"3.2":0,"4.0-4.1":0,"4.2-4.3":0,"5.0-5.1":0,"6.0-6.1":0,"7.0-7.1":0.0113428017767,"8.1-8.4":0.0172191930586,"9.0-9.2":0.0115477921702,"9.3":0.0731815704989,"10.0-10.2":0.548212642496},"8":{"0":68.2225689245},"9":{"3":0,"4":0.0287855135135,"2.1":0,"2.2":0,"2.3":0,"4.1":0.094580972973,"4.2-4.3":0.270818810811,"4.4":0.624469405405,"4.4.3-4.4.4":0.372449297297},"10":{"7":0.009728},"11":{"0":5.2043750755,"10":0,"11":0,"12":0,"11.1":0,"11.5":0,"12.1":0},"12":{"0":3.208288},"13":{},"14":{"10":0.0466944,"11":0.1867776},"15":{"0":17.111552},"16":{"0":0.690688}}