{"1":{"7":0.00115320805369,"8":0.113014389262,"9":0.00518943624161,"10":0.0294068053691,"11":0.280806161074},"2":{"12":0.004995,"13":0.021645,"14":0.063825},"3":{"3":0.77589,"4":0.00333,"5":0.00111,"6":0.00111,"7":0.00111,"8":0.00111,"9":0.006105,"10":0.00111,"11":0.00222,"12":0.00111,"13":0.00111,"14":0.00222,"15":0.00111,"16":0.00555,"18":0.01776,"20":0.00222,"21":0.00222,"22":0.00111,"25":0.00111,"28":0.001665,"29":0.006105,"31":0.00555,"32":0.002775,"33":0.004995,"34":0.00222,"35":0.006105,"36":0.00666,"37":0.009435,"38":0.012765,"39":0.00444,"40":0.002775,"41":0.00444,"42":0.034965,"43":0.02997,"44":0.01221,"45":0.016095,"46":0.02109,"47":0.434565,"48":0.050505,"49":0.07104,"50":0.112665,"51":1.03008,"52":0.0111,"53":0.00111,"3.5":0.004995,"3.6":0.006105},"4":{"4":0.00444,"10":0.00111,"11":0.031635,"23":0.027195,"26":0.01554,"28":0.00444,"29":0.002775,"30":0.013875,"31":0.002775,"32":0.006105,"33":0.00111,"34":0.00111,"37":0.00777,"40":0.003885,"43":0.009435,"45":0.15207,"46":0.002775,"49":0.024975,"50":0.00888,"51":0.018315,"52":0.002775,"53":0.01443,"54":0.0777,"55":0.25641,"56":0.94794,"58":0.001665},"5":{"4":0.00111,"8":0.007215,"9":0.027195,"10":0.08325,"5.1":0.008325,"7.1":0.003885,"9.1":0.012765},"6":{"28":0.00111,"29":0.077145,"32":0.002775,"34":0.00111,"36":0.07215,"37":0.003885,"39":0.00111,"40":0.00111,"42":0.133755,"43":0.0777,"10.0-10.1":0,"12.1":0.00666},"7":{"8":0,"3.2":0,"4.0-4.1":0,"4.2-4.3":0,"5.0-5.1":0,"6.0-6.1":0.00801828424403,"7.0-7.1":0.0354014813793,"8.1-8.4":0.0482609938462,"9.0-9.2":0.00953116806366,"9.3":0.130864450398,"10.0-10.2":1.19381662207},"8":{"0":54.725195214},"9":{"3":0,"4":0.0770857142857,"2.1":0,"2.2":0,"2.3":0,"4.1":0.231257142857,"4.2-4.3":0.744648,"4.4":1.64500914286,"4.4.3-4.4.4":0.928112},"10":{"7":0.0424935},"11":{"0":0.119748786026,"10":0,"11":0,"12":0,"11.1":0,"11.5":0,"12.1":0},"12":{"0":9.649548},"13":{"0":0.018886},"14":{"10":0.11056561165,"11":0.52211538835},"15":{"0":21.142877},"16":{"0":1.633639},"17":{}}