{"1":{"6":0.00866581473214,"7":0.0115544196429,"8":0.265751651786,"9":0.04044046875,"10":0.158873270089,"11":0.808809375},"2":{"12":0.072358,"13":0.211508,"14":0.22264},"3":{"3":0.105754,"6":0.005566,"7":0.002783,"10":0.008349,"11":0.077924,"12":0.016698,"13":0.013915,"14":0.002783,"15":0.013915,"16":0.019481,"17":0.008349,"18":0.005566,"19":0.008349,"20":0.022264,"21":0.02783,"22":0.011132,"23":0.02783,"24":0.025047,"25":0.058443,"26":0.022264,"27":0.097405,"28":0.02783,"29":0.147499,"30":0.125235,"31":0.041745,"32":0.066792,"33":0.080707,"34":0.066792,"35":0.105754,"36":0.08349,"37":0.102971,"38":0.203159,"39":0.061226,"40":0.311696,"41":0.122452,"42":0.186461,"43":0.645656,"44":0.233772,"45":0.267168,"46":0.122452,"47":0.848815,"48":0.269951,"49":0.517638,"50":6.771039,"51":1.1132,"52":0.086273,"3.6":0.008349},"4":{"4":0.025047,"11":0.058443,"14":0.025047,"16":0.052877,"18":0.005566,"19":0.036179,"23":0.002783,"24":0.002783,"25":0.019481,"26":0.025047,"27":0.016698,"28":0.016698,"29":0.052877,"30":0.050094,"31":0.036179,"32":0.108537,"33":0.058443,"35":0.016698,"36":0.016698,"37":0.013915,"38":0.005566,"39":0.005566,"40":0.072358,"41":0.008349,"42":0.013915,"43":0.523204,"44":0.097405,"45":0.130801,"46":0.019481,"47":0.038962,"48":0.242121,"49":0.470327,"50":0.100188,"51":0.077924,"52":0.158631,"53":0.350658,"54":0.258819,"55":6.81835,"56":0.161414,"57":0.016698},"5":{"4":0.011132,"8":0.066792,"9":0.011132,"10":0.203159,"5.1":0.005566,"6.1":0.005566,"9.1":0.161414},"6":{"11":0.002783,"18":0.016698,"19":0.013915,"21":0.008349,"22":0.002783,"28":0.005566,"29":0.005566,"33":0.002783,"35":0.002783,"36":0.033396,"37":0.013915,"38":0.008349,"39":0.002783,"40":0.005566,"41":0.050094,"42":0.461978,"10.0-10.1":0,"11.6":0.005566,"12.1":0.011132},"7":{"8":0,"3.2":0,"4.0-4.1":0,"4.2-4.3":0,"5.0-5.1":0,"6.0-6.1":0.0039442639052,"7.0-7.1":0.0185380403544,"8.1-8.4":0.0222850910644,"9.0-9.2":0.0100578729583,"9.3":0.0865765927191,"10.0-10.2":0.782246138999},"8":{"0":23.9624138341},"9":{"3":0,"4":0.174593914708,"2.1":0,"2.2":0,"2.3":0,"4.1":0.564644149695,"4.2-4.3":1.71993579809,"4.4":3.89678758573,"4.4.3-4.4.4":2.18056655178},"10":{"7":0.039688},"11":{"0":0.0524341659389,"10":0,"11":0,"12":0,"11.1":0,"11.5":0,"12.1":0},"12":{"0":20.312831},"13":{"0":0.03608},"14":{"10":0.195462524272,"11":0.923017475728},"15":{"0":16.34424},"16":{"0":1.205072}}