{"1":{"6":0.007134,"7":0.01189,"8":0.20213,"9":0.03567,"10":0.3567,"11":0.55883},"2":{"12":0.05412,"13":0.056375,"14":0.14883},"3":{"2":0.002255,"3":0.09471,"4":0.006765,"7":0.00902,"9":0.002255,"10":0.01804,"11":0.02255,"12":0.02706,"13":0.01804,"14":0.01804,"15":0.02706,"16":0.03608,"17":0.006765,"18":0.015785,"19":0.006765,"20":0.047355,"21":0.020295,"22":0.038335,"23":0.024805,"24":0.01353,"25":0.060885,"26":0.011275,"27":0.214225,"28":0.02255,"29":0.10373,"30":0.191675,"31":0.060885,"32":0.060885,"33":0.047355,"34":0.03157,"35":0.0902,"36":0.04961,"37":0.11275,"38":0.110495,"39":0.07667,"40":0.27962,"41":0.060885,"42":0.087945,"43":0.507375,"44":0.24805,"45":0.209715,"46":0.115005,"47":0.85239,"48":0.290895,"49":0.65395,"50":5.10532,"51":0.281875,"52":0.01804,"3.5":0.002255,"3.6":0.01804},"4":{"4":0.006765,"5":0.011275,"11":0.06314,"13":0.002255,"14":0.011275,"16":0.01353,"18":0.011275,"19":0.00902,"23":0.00451,"25":0.033825,"26":0.01353,"27":0.00451,"28":0.011275,"29":0.547965,"30":0.02255,"31":0.05863,"32":0.051865,"33":0.015785,"34":0.00451,"35":0.006765,"36":0.006765,"37":0.002255,"38":0.006765,"39":0.00451,"40":0.024805,"41":0.00902,"42":0.00451,"43":0.3608,"44":0.02255,"45":0.169125,"46":0.024805,"47":0.0451,"48":0.1353,"49":0.30668,"50":0.04961,"51":0.12628,"52":0.390115,"53":0.17138,"54":2.766885,"55":2.771395,"56":0.00902,"57":0.006765},"5":{"4":0.00451,"5":0.006765,"7":0.015785,"8":0.08118,"9":0.06314,"10":0.151085,"5.1":0.006765,"6.1":0.024805,"9.1":0.05863},"6":{"16":0.002255,"17":0.00451,"18":0.024805,"19":0.006765,"22":0.006765,"24":0.002255,"29":0.00451,"33":0.006765,"34":0.002255,"35":0.011275,"36":0.024805,"37":0.05863,"38":0.01804,"39":0.011275,"40":0.00451,"41":0.363055,"42":0.07667,"10.0-10.1":0,"11.6":0.00902,"12.1":0.002255},"7":{"8":0,"3.2":0,"4.0-4.1":0,"4.2-4.3":0,"5.0-5.1":0,"6.0-6.1":0,"7.0-7.1":0.0108898812106,"8.1-8.4":0.016531626898,"9.0-9.2":0.0110866862927,"9.3":0.0702594143167,"10.0-10.2":0.526322391282},"8":{"0":39.9380651002},"9":{"3":0,"4":0.144397806166,"2.1":0,"2.2":0,"2.3":0,"4.1":0.474449934544,"4.2-4.3":1.35851813556,"4.4":3.13254832559,"4.4.3-4.4.4":1.86833079814},"10":{"7":0.04840625},"11":{"0":3.04668489985,"10":0,"11":0,"12":0,"11.1":0,"11.5":0,"12.1":0},"12":{"0":15.38005},"13":{"0":0.023235},"14":{"10":0.196723,"11":0.786892},"15":{"0":9.7587},"16":{"0":1.02234}}