{"1":{"7":0.00875503888889,"8":0.224712664815,"9":0.227631011111,"10":0.140080622222,"11":0.974727662963},"2":{"12":0.020167,"13":0.05762,"14":0.244885},"3":{"4":0.005762,"5":0.002881,"6":0.005762,"7":0.005762,"8":0.002881,"12":0.008643,"26":0.008643,"29":0.005762,"30":0.011524,"31":0.005762,"33":0.008643,"34":0.005762,"35":0.005762,"36":0.005762,"37":0.005762,"38":0.011524,"39":0.011524,"40":0.008643,"41":0.008643,"42":0.008643,"43":0.043215,"44":0.017286,"45":0.023048,"46":0.025929,"47":0.092192,"48":0.074906,"49":0.077787,"50":1.702671,"51":0.054739,"52":0.002881,"3.6":0.005762},"4":{"10":0.008643,"11":0.054739,"12":0.017286,"13":0.005762,"15":0.002881,"16":0.011524,"17":0.002881,"18":0.002881,"20":0.002881,"21":0.011524,"22":0.02881,"23":0.005762,"24":0.002881,"25":0.014405,"26":0.017286,"27":0.005762,"28":0.005762,"29":0.005762,"30":0.008643,"31":0.037453,"32":0.020167,"33":0.031691,"34":0.034572,"35":0.017286,"36":0.031691,"37":0.011524,"38":0.037453,"39":0.02881,"40":0.031691,"41":0.011524,"42":0.023048,"43":1.215782,"44":0.02881,"45":0.02881,"46":0.054739,"47":0.046096,"48":0.043215,"49":0.936325,"50":0.060501,"51":0.218956,"52":0.195908,"53":0.236242,"54":7.95156,"55":10.164168,"56":0.109478,"57":0.051858},"5":{"4":0,"5":0.005762,"6":0.002881,"7":0.014405,"8":0.040334,"9":0.051858,"10":0.365887,"5.1":0.017286,"6.1":0.008643,"9.1":0.126764},"6":{"36":0.025929,"37":0.014405,"38":0.008643,"41":0.072025,"42":0.236242,"10.0-10.1":0,"12.1":0.002881},"7":{"8":0,"3.2":0,"4.0-4.1":0,"4.2-4.3":0,"5.0-5.1":0,"6.0-6.1":0,"7.0-7.1":0.22652900816,"8.1-8.4":0.343887409978,"9.0-9.2":0.230622905898,"9.3":1.46152149241,"10.0-10.2":10.9484471836},"8":{"0":0.575373494607},"9":{"3":0,"4":0.0860171824324,"2.1":0,"2.2":0,"2.3":0,"4.1":0.282627885135,"4.2-4.3":0.809263695946,"4.4":1.86604622297,"4.4.3-4.4.4":1.11295701351},"10":{"7":0},"11":{"0":0.0438925053929,"10":0,"11":0,"12":0,"11.1":0,"11.5":0,"12.1":0},"12":{"0":46.895714},"13":{"0":0.021354},"14":{"10":0.0811452,"11":0.3245808},"15":{"0":0.797216},"16":{"0":6.185542}}