{"1":{"7":0.00855396045198,"8":0.199592410546,"9":0.210997691149,"10":0.136863367232,"11":0.958043570621},"2":{"12":0.019663,"13":0.050562,"14":0.247192},"3":{"4":0.008427,"5":0.005618,"6":0.008427,"7":0.005618,"12":0.008427,"26":0.008427,"29":0.005618,"30":0.011236,"31":0.005618,"33":0.005618,"34":0.005618,"35":0.005618,"36":0.002809,"37":0.005618,"38":0.011236,"39":0.011236,"40":0.008427,"41":0.008427,"42":0.008427,"43":0.036517,"44":0.014045,"45":0.019663,"46":0.022472,"47":0.075843,"48":0.064607,"49":0.044944,"50":1.558995,"51":0.207866,"52":0.008427,"3.6":0.005618},"4":{"10":0.008427,"11":0.044944,"12":0.016854,"13":0.005618,"15":0.002809,"16":0.014045,"17":0.002809,"18":0.002809,"20":0.002809,"21":0.011236,"22":0.025281,"23":0.002809,"24":0.002809,"25":0.014045,"26":0.016854,"27":0.005618,"28":0.005618,"29":0.005618,"30":0.008427,"31":0.036517,"32":0.025281,"33":0.02809,"34":0.036517,"35":0.016854,"36":0.042135,"37":0.008427,"38":0.036517,"39":0.025281,"40":0.02809,"41":0.011236,"42":0.022472,"43":1.126409,"44":0.025281,"45":0.022472,"46":0.050562,"47":0.036517,"48":0.036517,"49":0.89888,"50":0.053371,"51":0.179776,"52":0.137641,"53":0.191012,"54":0.311799,"55":17.688273,"56":0.283709,"57":0.103933},"5":{"4":0,"5":0.002809,"6":0.002809,"7":0.008427,"8":0.036517,"9":0.02809,"10":0.367979,"5.1":0.016854,"6.1":0.005618,"9.1":0.106742},"6":{"36":0.067416,"37":0.005618,"38":0.008427,"42":0.376406,"10.0-10.1":0},"7":{"8":0,"3.2":0,"4.0-4.1":0,"4.2-4.3":0,"5.0-5.1":0,"6.0-6.1":0.0552970641614,"7.0-7.1":0.259896201559,"8.1-8.4":0.312428412512,"9.0-9.2":0.141007513612,"9.3":1.21377055834,"10.0-10.2":10.9667902498},"8":{"0":0.660035720524},"9":{"3":0,"4":0.0747034116623,"2.1":0,"2.2":0,"2.3":0,"4.1":0.241594012185,"4.2-4.3":0.735908076588,"4.4":1.66731657093,"4.4.3-4.4.4":0.932997928634},"10":{"7":0},"11":{"0":0.00144427947598,"10":0,"11":0,"12":0,"11.1":0,"11.5":0,"12.1":0},"12":{"0":47.660166},"13":{"0":0.02157},"14":{"10":0.0628252427184,"11":0.296674757282},"15":{"0":0.81247},"16":{"0":6.49976}}