{"1":{"7":0.00287115398887,"8":0.189496163265,"9":0.20385193321,"10":0.134944237477,"11":1.01638851206},"2":{"12":0.022592,"13":0.048008,"14":0.2824},"3":{"7":0.002824,"11":0.002824,"12":0.005648,"16":0.002824,"26":0.008472,"29":0.005648,"30":0.011296,"31":0.005648,"33":0.005648,"34":0.005648,"35":0.005648,"36":0.005648,"37":0.005648,"38":0.008472,"39":0.011296,"40":0.008472,"41":0.008472,"42":0.008472,"43":0.031064,"44":0.008472,"45":0.016944,"46":0.019768,"47":0.067776,"48":0.062128,"49":0.036712,"50":0.129904,"51":1.756528,"52":0.05648,"3.6":0.005648},"4":{"10":0.008472,"11":0.045184,"12":0.016944,"13":0.005648,"15":0.002824,"16":0.008472,"17":0.002824,"18":0.002824,"20":0.002824,"21":0.011296,"22":0.025416,"24":0.002824,"25":0.01412,"26":0.01412,"27":0.008472,"28":0.005648,"29":0.008472,"30":0.008472,"31":0.04236,"32":0.025416,"33":0.02824,"34":0.033888,"35":0.016944,"36":0.033888,"37":0.01412,"38":0.039536,"39":0.02824,"40":0.02824,"41":0.011296,"42":0.019768,"43":1.17196,"44":0.025416,"45":0.022592,"46":0.050832,"47":0.04236,"48":0.036712,"49":0.929096,"50":0.048008,"51":0.166616,"52":0.118608,"53":0.172264,"54":0.200504,"55":4.399792,"56":13.916672,"57":0.079072,"58":0.0706},"5":{"4":0.002824,"5":0.002824,"6":0.002824,"7":0.01412,"8":0.039536,"9":0.031064,"10":0.434896,"5.1":0.011296,"6.1":0.008472,"9.1":0.118608},"6":{"28":0.002824,"36":0.002824,"37":0.005648,"38":0.005648,"42":0.04236,"43":0.08472,"10.0-10.1":0},"7":{"8":0,"3.2":0,"4.0-4.1":0,"4.2-4.3":0,"5.0-5.1":0,"6.0-6.1":0.0742693583024,"7.0-7.1":0.327906223448,"8.1-8.4":0.447017458462,"9.0-9.2":0.0882824447745,"9.3":1.21213197984,"10.0-10.2":11.0577265352},"8":{"0":0.680041943231},"9":{"3":0,"4":0.0689338435374,"2.1":0,"2.2":0,"2.3":0,"4.1":0.206801530612,"4.2-4.3":0.665900928571,"4.4":1.47104822109,"4.4.3-4.4.4":0.82996347619},"10":{"7":0},"11":{"0":0.00148805676856,"10":0,"11":0,"12":0,"11.1":0,"11.5":0,"12.1":0},"12":{"0":47.749584},"13":{"0":0.021522},"14":{"10":0.0564168932039,"11":0.266413106796},"15":{"0":0.846532},"16":{"0":6.262902},"17":{}}