{"1":{"6":0.00296433240997,"7":0.00592866481994,"8":0.332005229917,"9":0.0592866481994,"10":0.0652153130194,"11":0.604723811634},"2":{"12":0.056012,"13":0.064856,"14":0.19162},"3":{"3":0.020636,"4":0.005896,"5":0.002948,"9":0.011792,"12":0.002948,"13":0.017688,"15":0.005896,"17":0.008844,"19":0.002948,"21":0.008844,"22":0.008844,"27":0.008844,"30":0.026532,"31":0.005896,"32":0.026532,"34":0.005896,"35":0.017688,"36":0.005896,"37":0.002948,"38":0.035376,"39":0.002948,"40":0.035376,"41":0.011792,"42":0.005896,"43":0.041272,"44":0.008844,"45":0.020636,"46":0.011792,"47":0.100232,"48":0.056012,"49":0.04422,"50":0.274164,"51":1.815968,"52":0.02948,"3.6":0.053064},"4":{"4":0.002948,"5":0.011792,"6":0.002948,"8":0.017688,"10":0.011792,"11":0.023584,"12":0.114972,"13":0.005896,"14":0.01474,"15":0.017688,"16":0.120868,"17":0.032428,"18":0.002948,"20":0.005896,"21":0.011792,"22":0.056012,"23":0.005896,"24":0.023584,"25":0.011792,"26":0.008844,"27":0.008844,"28":0.020636,"29":0.008844,"30":0.005896,"31":0.02948,"32":0.008844,"33":0.002948,"34":0.005896,"35":0.032428,"36":0.005896,"37":0.011792,"38":0.026532,"39":0.008844,"40":0.032428,"41":0.082544,"43":0.041272,"44":0.165088,"45":0.076648,"46":0.008844,"47":0.138556,"48":0.02948,"49":1.338392,"50":0.01474,"51":0.064856,"52":0.02948,"53":0.091388,"54":0.209308,"55":4.227432,"56":11.715352,"57":0.008844,"58":0.008844},"5":{"4":0,"5":0.005896,"8":0.005896,"9":0.005896,"10":0.179828,"9.1":0.079596},"6":{"11":0.008844,"12":0.020636,"16":0.032428,"17":0.005896,"18":0.008844,"20":0.008844,"21":0.023584,"22":0.002948,"25":0.011792,"26":0.005896,"27":0.005896,"28":0.056012,"30":0.02948,"32":0.017688,"34":0.005896,"35":0.017688,"36":0.170984,"37":0.01474,"38":0.023584,"39":0.005896,"40":0.150348,"41":0.011792,"42":0.424512,"43":0.595496,"10.0-10.1":0.020636,"10.5":0.008844,"10.6":0.002948,"11.1":0.041272,"11.5":0.005896,"11.6":0.035376,"12.1":0.26532},"7":{"8":0,"3.2":0,"4.0-4.1":0,"4.2-4.3":0,"5.0-5.1":0,"6.0-6.1":0.0194710022281,"7.0-7.1":0.0859663117241,"8.1-8.4":0.117193390769,"9.0-9.2":0.0231447762334,"9.3":0.317781451459,"10.0-10.2":2.89897506759},"8":{"0":26.2746741834},"9":{"3":0,"4":0.147366411565,"2.1":0,"2.2":0,"2.3":0,"4.1":0.442099234694,"4.2-4.3":1.42355953571,"4.4":3.14479922279,"4.4.3-4.4.4":1.77429159524},"10":{"7":0.019393},"11":{"0":0.0574938165939,"10":0,"11":0,"12":0,"11.1":0,"11.5":0,"12.1":0},"12":{"0":20.223756},"13":{},"14":{"10":0.0985910679612,"11":0.465568932039},"15":{"0":8.208528},"16":{"0":3.963224},"17":{}}