{"1":{"8":0.204886,"10":0.204886,"11":4.684439},"2":{"12":2.812526,"14":0.204886},"3":{"26":0.623971,"33":0.204886,"36":0.102443,"47":1.452828,"48":1.871913,"49":2.914969,"50":17.061416},"4":{"41":0.316642,"49":0.316642,"52":3.436497,"53":1.564584,"54":5.829938,"55":43.286824,"56":3.846269},"5":{"4":0,"10":0.204886,"9.1":0.521528},"6":{"10.0-10.1":0,"12.1":0.828857},"7":{"8":0,"3.2":0,"4.0-4.1":0,"4.2-4.3":0,"5.0-5.1":0,"6.0-6.1":0.00574125760649,"7.0-7.1":0.0269839107505,"8.1-8.4":0.0324381054767,"9.0-9.2":0.0146402068966,"9.3":0.126020604462,"10.0-10.2":1.13863491481},"8":{"0":0},"9":{"3":0,"4":0.0244345391645,"2.1":0,"2.2":0,"2.3":0,"4.1":0.0790223394256,"4.2-4.3":0.240706204961,"4.4":0.545358118799,"4.4.3-4.4.4":0.30517179765},"10":{"7":0},"11":{"0":0,"10":0,"11":0,"12":0,"11.1":0,"11.5":0,"12.1":0},"12":{"0":4.404452},"13":{},"14":{"10":0.0260526407767,"11":0.123026359223},"15":{},"16":{"0":0.298845}}