{"1":{"8":0.232975,"11":4.957708},"2":{"12":2.311112,"13":0.111828,"14":0.46595},"3":{"30":0.111828,"47":0.810753,"49":1.155556,"50":3.802152,"51":3.802152},"4":{"52":0.689606,"53":0.111828,"54":2.42294,"55":53.630845,"56":10.959144},"5":{"4":0,"10":1.155556},"6":{"33":6.225092,"10.0-10.1":0},"7":{"8":0,"3.2":0,"4.0-4.1":0,"4.2-4.3":0,"5.0-5.1":0,"6.0-6.1":0.0114884880637,"7.0-7.1":0.0507227586207,"8.1-8.4":0.0691476923077,"9.0-9.2":0.013656127321,"9.3":0.187500795756,"10.0-10.2":1.71048413793},"8":{"0":0},"9":{"3":0,"4":0.00289540816327,"2.1":0,"2.2":0,"2.3":0,"4.1":0.0086862244898,"4.2-4.3":0.0279696428571,"4.4":0.0617880102041,"4.4.3-4.4.4":0.0348607142857},"10":{"7":0},"11":{"0":0,"10":0,"11":0,"12":0,"11.1":0,"11.5":0,"12.1":0},"12":{"0":4.455175},"13":{},"14":{"10":0.0238019417476,"11":0.112398058252},"15":{},"16":{"0":0.2724},"17":{}}