{"1":{"8":0.19122,"10":0.09561,"11":4.58928},"2":{},"3":{"39":0.38244,"46":0.38244,"47":0.47805,"48":0.9561,"49":2.19903,"50":8.499729},"4":{"18":0.86049,"24":0.09561,"29":0.28683,"37":0.19122,"40":0.09561,"43":0.28683,"44":0.19122,"45":0.19122,"50":0.66927,"52":0.47805,"53":2.10342,"54":9.073389,"55":59.220834},"5":{"4":0,"10":1.33854,"5.1":0.09561,"9.1":0.09561},"6":{"40":0.47805,"10.0-10.1":0},"7":{"8":0,"3.2":0,"4.0-4.1":0,"4.2-4.3":0,"5.0-5.1":0,"6.0-6.1":0,"7.0-7.1":0.00752752814792,"8.1-8.4":0.0114273318872,"9.0-9.2":0.00766356781324,"9.3":0.0485661605206,"10.0-10.2":0.363815411631},"8":{"0":0},"9":{"3":0,"4":0,"2.1":0,"2.2":0,"2.3":0,"4.1":0,"4.2-4.3":0,"4.4":0,"4.4.3-4.4.4":0},"10":{"7":0},"11":{"0":0,"10":0,"11":0,"12":0,"11.1":0,"11.5":0,"12.1":0},"12":{"0":4.77984},"13":{"0":0.10975},"14":{"10":0,"11":0},"15":{},"16":{"0":0.878}}