{"1":{"6":0.0125229530201,"7":0.00751377181208,"8":0.485890577181,"9":0.222908563758,"10":0.140257073826,"11":1.3700110604},"2":{"12":0.127449,"13":0.064974,"14":0.19992},"3":{"3":0.057477,"4":0.134946,"5":0.047481,"6":0.017493,"7":0.094962,"8":0.039984,"9":0.039984,"10":0.09996,"11":0.084966,"12":0.129948,"13":0.072471,"14":0.04998,"15":0.027489,"16":0.064974,"17":0.032487,"18":0.042483,"19":0.034986,"20":0.037485,"21":0.04998,"22":0.014994,"23":0.009996,"24":0.019992,"25":0.009996,"26":0.019992,"27":0.02499,"28":0.014994,"29":0.067473,"30":0.037485,"31":0.02499,"32":0.029988,"33":0.04998,"34":0.019992,"35":0.04998,"36":0.059976,"37":0.017493,"38":0.057477,"39":0.054978,"40":0.12495,"41":0.17493,"42":0.04998,"43":0.454818,"44":0.422331,"45":0.107457,"46":0.114954,"47":0.759696,"48":0.239904,"49":0.267393,"50":4.400739,"51":0.969612,"52":0.094962,"53":0.002499,"3.5":0.019992,"3.6":0.122451},"4":{"4":0.012495,"7":0.004998,"9":0.009996,"10":0.014994,"11":0.094962,"13":0.009996,"15":0.014994,"17":0.007497,"19":0.002499,"23":0.004998,"26":0.012495,"27":0.007497,"28":0.007497,"29":0.014994,"30":0.004998,"31":0.029988,"32":0.042483,"33":0.017493,"34":0.027489,"35":0.009996,"36":0.004998,"37":0.022491,"38":0.007497,"39":0.009996,"40":0.04998,"41":0.012495,"42":0.009996,"43":0.554778,"44":0.017493,"45":0.042483,"46":0.014994,"47":0.139944,"48":0.022491,"49":0.164934,"50":0.004998,"51":0.089964,"52":0.072471,"53":0.089964,"54":0.12495,"55":7.764393,"56":0.239904,"57":0.059976},"5":{"4":0,"6":0.057477,"7":0.02499,"8":0.079968,"9":0.057477,"10":0.309876,"5.1":0.029988,"6.1":0.004998,"7.1":0.007497,"9.1":0.209916},"6":{"19":0.019992,"20":0.002499,"30":0.084966,"37":0.017493,"38":0.012495,"39":0.002499,"41":0.004998,"42":0.527289,"10.0-10.1":0,"11.6":0.009996,"12.1":0.02499},"7":{"8":0,"3.2":0,"4.0-4.1":0,"4.2-4.3":0,"5.0-5.1":0,"6.0-6.1":0.0120438817124,"7.0-7.1":0.0566062440483,"8.1-8.4":0.068047931675,"9.0-9.2":0.0307118983666,"9.3":0.264363203587,"10.0-10.2":2.38860284061},"8":{"0":21.2413580044},"9":{"3":0,"4":0.112452981288,"2.1":0,"2.2":0,"2.3":0,"4.1":0.363677726719,"4.2-4.3":1.10778149652,"4.4":2.50985483768,"4.4.3-4.4.4":1.40446595779},"10":{"7":0},"11":{"0":0.0464799956332,"10":0,"11":0,"12":0,"11.1":0,"11.5":0,"12.1":0},"12":{"0":29.293776},"13":{"0":0.015002},"14":{"10":0.0760295533981,"11":0.359028446602},"15":{"0":9.886318},"16":{"0":5.513235}}