{"1":{"7":0.00765569550931,"8":1.16749356517,"9":0.310055668127,"10":0.394268318729,"11":1.61152390471},"2":{"12":0.029259,"13":0.019506,"14":0.081275},"3":{"2":0.026008,"3":0.026008,"6":0.061769,"12":0.006502,"13":0.006502,"14":0.006502,"16":0.006502,"17":0.013004,"20":0.003251,"21":0.019506,"22":0.006502,"23":0.006502,"25":0.013004,"26":0.052016,"27":0.003251,"29":0.013004,"30":0.013004,"32":0.045514,"33":0.003251,"35":0.016255,"36":0.078024,"37":0.039012,"38":0.042263,"39":0.006502,"40":0.026008,"41":0.006502,"42":0.058518,"43":0.529913,"44":0.042263,"45":0.091028,"46":0.006502,"47":0.120287,"48":0.078024,"49":0.117036,"50":1.238631,"51":0.081275,"3.5":0.006502,"3.6":0.039012},"4":{"5":0.019506,"8":0.045514,"9":0.029259,"10":0.003251,"11":0.058518,"12":0.055267,"13":0.013004,"14":0.013004,"15":0.006502,"16":0.039012,"17":0.006502,"18":0.013004,"19":0.003251,"20":0.035761,"22":0.019506,"23":0.035761,"24":0.006502,"26":0.006502,"27":0.022757,"28":0.026008,"29":0.078024,"30":0.185307,"31":0.03251,"33":0.026008,"35":0.006502,"37":0.006502,"38":0.013004,"39":0.071522,"40":0.009753,"41":0.003251,"42":0.006502,"43":0.786742,"44":0.013004,"45":0.120287,"47":0.16255,"48":0.055267,"49":0.84526,"50":0.084526,"51":1.102089,"52":0.786742,"53":0.604686,"54":0.156048,"55":13.267331,"56":0.19506,"57":0.019506},"5":{"4":0.042263,"5":0.003251,"8":0.136542,"9":0.026008,"10":0.126789,"3.1":0.009753,"5.1":0.026008,"9.1":0.16255},"6":{"11":0.003251,"12":0.03251,"16":0.013004,"18":0.013004,"19":0.006502,"20":0.006502,"24":0.009753,"25":0.071522,"26":0.009753,"27":0.009753,"28":0.006502,"29":0.009753,"30":0.003251,"31":0.06502,"33":0.013004,"34":0.084526,"35":0.091028,"36":0.022757,"38":0.019506,"39":0.045514,"40":0.035761,"41":0.029259,"42":0.104032,"44":0.091028,"9.5-9.6":0.003251,"10.0-10.1":0,"10.6":0.009753,"11.1":0.006502,"11.5":0.09753,"11.6":0.03251,"12.1":0.06502},"7":{"8":0,"3.2":0,"4.0-4.1":0,"4.2-4.3":0,"5.0-5.1":0,"6.0-6.1":0.0266876225045,"7.0-7.1":0.125431825771,"8.1-8.4":0.150785067151,"9.0-9.2":0.0680534373866,"9.3":0.585793313975,"10.0-10.2":5.29282273321},"8":{"0":0.538741135371},"9":{"3":0,"4":0.350055181897,"2.1":0,"2.2":0,"2.3":0,"4.1":1.13209335422,"4.2-4.3":3.44841594082,"4.4":7.81293374064,"4.4.3-4.4.4":4.37196578242},"10":{"7":0.01518525},"11":{"0":0.00117886462882,"10":0,"11":0,"12":0,"11.1":0,"11.5":0,"12.1":0},"12":{"0":26.474264},"13":{"0":0.020247},"14":{"10":0.0401008543689,"11":0.189365145631},"15":{"0":1.815481},"16":{"0":12.816351}}