{"1":{"6":0.0164691079812,"7":0.0329382159624,"8":0.625826103286,"9":0.13998741784,"10":0.222332957746,"11":0.716406197183},"2":{"12":0.047222,"13":0.087698,"14":0.377776},"3":{"3":0.053968,"12":0.026984,"26":0.013492,"31":0.006746,"33":0.006746,"35":0.013492,"36":0.006746,"37":0.013492,"38":0.026984,"39":0.013492,"40":0.013492,"41":0.013492,"42":0.013492,"43":0.074206,"44":0.020238,"45":0.060714,"46":0.053968,"47":0.256348,"48":0.296824,"49":0.074206,"50":0.317062,"51":3.926172,"52":0.047222,"53":0.020238,"54":0.006746,"3.5":0.013492,"3.6":0.013492},"4":{"6":0.013492,"7":0.013492,"8":0.013492,"10":0.026984,"11":0.047222,"12":0.020238,"13":0.006746,"14":0.013492,"15":0.006746,"16":0.020238,"17":0.006746,"18":0.242856,"19":0.013492,"20":0.013492,"21":0.013492,"22":0.013492,"23":0.03373,"24":0.03373,"25":0.013492,"26":0.03373,"27":0.026984,"28":0.020238,"29":0.060714,"30":0.094444,"31":0.107936,"32":0.114682,"33":0.047222,"34":0.026984,"35":0.026984,"36":0.121428,"37":0.013492,"38":0.03373,"39":0.040476,"40":0.040476,"41":0.040476,"42":0.020238,"43":0.458728,"44":0.047222,"45":0.040476,"46":0.06746,"47":0.06746,"48":0.114682,"49":3.683316,"50":0.148412,"51":0.661108,"52":0.229364,"53":0.634124,"54":0.330554,"55":10.89479,"56":34.91055,"57":0.290078,"58":0.074206},"5":{"4":0.026984,"6":0.013492,"7":0.047222,"8":0.128174,"9":0.060714,"10":0.478966,"5.1":0.053968,"6.1":0.013492,"9.1":0.209126},"6":{"36":0.060714,"37":0.006746,"38":0.047222,"39":0.006746,"40":0.020238,"41":0.020238,"42":0.431744,"43":0.721822,"44":0.013492,"9.5-9.6":0.006746,"10.0-10.1":0,"11.6":0.006746,"12.1":0.006746},"7":{"8":0,"3.2":0,"4.0-4.1":0,"4.2-4.3":0,"5.0-5.1":0,"6.0-6.1":0.00966153167109,"7.0-7.1":0.0426565737931,"8.1-8.4":0.0581514830769,"9.0-9.2":0.0114844621751,"9.3":0.157683488594,"10.0-10.2":1.43847446069},"8":{"0":2.61699752838},"9":{"3":0,"4":0.0720113520408,"2.1":0,"2.2":0,"2.3":0,"4.1":0.216034056122,"4.2-4.3":0.695629660714,"4.4":1.53672225255,"4.4.3-4.4.4":0.867016678571},"10":{"7":0.0138295},"11":{"0":0.00572647161572,"10":0,"11":0,"12":0,"11.1":0,"11.5":0,"12.1":0},"12":{"0":21.809084},"13":{"0":0.152938},"14":{"10":0.138753087379,"11":0.655222912621},"15":{"0":0.631276},"16":{"0":2.089068},"17":{}}