{"1":{"6":0.023606,"7":0.023606,"8":0.818341333333,"9":0.173110666667,"10":0.283272,"11":0.802604},"2":{"12":0.045066,"13":0.122322,"14":0.315462},"3":{"3":0.051504,"12":0.012876,"15":0.006438,"16":0.006438,"19":0.006438,"31":0.006438,"33":0.006438,"35":0.012876,"36":0.012876,"37":0.012876,"38":0.038628,"39":0.012876,"40":0.025752,"41":0.019314,"42":0.012876,"43":0.141636,"44":0.03219,"45":0.083694,"46":0.077256,"47":0.412032,"48":0.366966,"49":0.180264,"50":3.824172,"51":0.038628,"52":0.019314,"53":0.006438,"3.5":0.006438,"3.6":0.019314},"4":{"7":0.019314,"8":0.019314,"10":0.019314,"11":0.045066,"12":0.019314,"13":0.006438,"14":0.012876,"15":0.012876,"16":0.019314,"17":0.012876,"18":0.22533,"19":0.012876,"20":0.019314,"21":0.006438,"22":0.019314,"23":0.038628,"24":0.038628,"25":0.012876,"26":0.03219,"27":0.03219,"28":0.025752,"29":0.06438,"30":0.051504,"31":0.083694,"32":0.077256,"33":0.057942,"34":0.019314,"35":0.025752,"36":0.06438,"37":0.025752,"38":0.045066,"39":0.045066,"40":0.045066,"41":0.038628,"42":0.038628,"43":0.540792,"44":0.077256,"45":0.051504,"46":0.083694,"47":0.070818,"48":0.12876,"49":3.779106,"50":0.238206,"51":1.075146,"52":0.70818,"53":0.502164,"54":19.333314,"55":22.784082,"56":0.270396,"57":0.038628},"5":{"4":0.038628,"5":0.012876,"6":0.025752,"7":0.03219,"8":0.199578,"9":0.045066,"10":0.347652,"5.1":0.057942,"6.1":0.019314,"9.1":0.167388},"6":{"35":0.012876,"36":0.06438,"37":0.019314,"38":0.109446,"39":0.03219,"40":0.019314,"41":0.637362,"42":0.405594,"10.0-10.1":0,"12.1":0.006438},"7":{"8":0,"3.2":0,"4.0-4.1":0,"4.2-4.3":0,"5.0-5.1":0,"6.0-6.1":0,"7.0-7.1":0.0339591314947,"8.1-8.4":0.0515524164859,"9.0-9.2":0.0345728507386,"9.3":0.219097770065,"10.0-10.2":1.64128983122},"8":{"0":2.76345887519},"9":{"3":0,"4":0.0866056376689,"2.1":0,"2.2":0,"2.3":0,"4.1":0.284561380912,"4.2-4.3":0.814799978885,"4.4":1.87881209882,"4.4.3-4.4.4":1.12057090372},"10":{"7":0.0151385},"11":{"0":0.210811124807,"10":0,"11":0,"12":0,"11.1":0,"11.5":0,"12.1":0},"12":{"0":23.32324},"13":{"0":0.156728},"14":{"10":0.174538,"11":0.698152},"15":{"0":0.634036},"16":{"0":2.051712}}