{"1":{"6":0.024417375,"7":0.024417375,"8":0.69996475,"9":0.14650425,"10":0.2930085,"11":0.76507775},"2":{"12":0.045885,"13":0.1311,"14":0.321195},"3":{"3":0.045885,"12":0.019665,"13":0.01311,"15":0.006555,"16":0.006555,"18":0.006555,"19":0.01311,"25":0.006555,"33":0.01311,"34":0.006555,"35":0.01311,"36":0.006555,"37":0.01311,"38":0.032775,"39":0.019665,"40":0.032775,"41":0.019665,"42":0.01311,"43":0.124545,"44":0.02622,"45":0.07866,"46":0.07866,"47":0.35397,"48":0.308085,"49":0.124545,"50":3.55281,"51":0.41952,"52":0.019665,"53":0.006555,"3.5":0.01311,"3.6":0.01311},"4":{"7":0.01311,"8":0.01311,"9":0.006555,"10":0.019665,"11":0.045885,"12":0.019665,"13":0.01311,"14":0.006555,"15":0.01311,"16":0.019665,"17":0.01311,"18":0.24909,"19":0.01311,"20":0.01311,"21":0.01311,"22":0.019665,"23":0.03933,"24":0.045885,"25":0.01311,"26":0.045885,"27":0.032775,"28":0.02622,"29":0.06555,"30":0.058995,"31":0.085215,"32":0.111435,"33":0.045885,"34":0.02622,"35":0.02622,"36":0.10488,"37":0.02622,"38":0.03933,"39":0.045885,"40":0.045885,"41":0.032775,"42":0.019665,"43":0.55062,"44":0.058995,"45":0.045885,"46":0.07866,"47":0.072105,"48":0.098325,"49":3.72324,"50":0.190095,"51":1.042245,"52":0.412965,"53":0.688275,"54":0.662055,"55":42.351855,"56":0.845595,"57":0.058995},"5":{"4":0.032775,"5":0.006555,"6":0.019665,"7":0.019665,"8":0.10488,"9":0.032775,"10":0.399855,"5.1":0.03933,"6.1":0.01311,"9.1":0.17043},"6":{"35":0.006555,"36":0.06555,"37":0.01311,"38":0.11799,"39":0.019665,"40":0.01311,"41":0.019665,"42":1.081575,"10.0-10.1":0,"12.1":0.01311},"7":{"8":0,"3.2":0,"4.0-4.1":0,"4.2-4.3":0,"5.0-5.1":0,"6.0-6.1":0.00790221842639,"7.0-7.1":0.037140426604,"8.1-8.4":0.0446475341091,"9.0-9.2":0.0201506569873,"9.3":0.173453694459,"10.0-10.2":1.56720746941},"8":{"0":2.7954809738},"9":{"3":0,"4":0.077879899913,"2.1":0,"2.2":0,"2.3":0,"4.1":0.251866910357,"4.2-4.3":0.7671998651,"4.4":1.73821308529,"4.4.3-4.4.4":0.972670239339},"10":{"7":0.013784},"11":{"0":0.00611702620087,"10":0,"11":0,"12":0,"11.1":0,"11.5":0,"12.1":0},"12":{"0":22.865578},"13":{"0":0.148178},"14":{"10":0.143929048544,"11":0.679664951456},"15":{"0":0.65474},"16":{"0":2.091722}}