{"1":{"8":0.693208513966,"9":0.0442473519553,"10":0.28023322905,"11":2.92769978771},"2":{"12":0.203084,"13":0.348144,"14":1.682696},"3":{"4":0.094289,"12":0.007253,"14":0.014506,"21":0.014506,"29":0.021759,"32":0.007253,"35":0.087036,"36":0.007253,"37":0.014506,"38":0.050771,"39":0.007253,"40":0.029012,"41":0.021759,"43":0.203084,"44":0.159566,"45":0.036265,"46":0.014506,"47":0.188578,"48":0.275614,"49":0.304626,"50":38.491671,"51":6.201315,"52":0.304626,"3.6":0.021759},"4":{"10":0.036265,"11":0.036265,"29":0.021759,"30":0.007253,"32":0.130554,"36":0.536722,"39":0.007253,"40":0.021759,"41":0.007253,"42":0.043518,"43":0.007253,"44":0.007253,"45":0.058024,"46":0.007253,"48":0.043518,"49":0.485951,"50":0.246602,"51":0.065277,"52":0.043518,"53":0.123301,"54":0.50771,"55":14.607542,"56":0.261108,"57":0.123301},"5":{"4":0,"5":0.014506,"7":0.087036,"8":0.07253,"9":0.029012,"10":0.340891,"5.1":0.021759,"6.1":0.108795,"9.1":0.232096},"6":{"28":0.043518,"42":0.14506,"10.0-10.1":0,"12.1":0.014506},"7":{"8":0,"3.2":0,"4.0-4.1":0,"4.2-4.3":0,"5.0-5.1":0,"6.0-6.1":0.0152966285897,"7.0-7.1":0.0718941543717,"8.1-8.4":0.086425951532,"9.0-9.2":0.0390064029038,"9.3":0.335760997545,"10.0-10.2":3.03370386506},"8":{"0":0.474193377729},"9":{"3":0,"4":0.0429801501305,"2.1":0,"2.2":0,"2.3":0,"4.1":0.138999634465,"4.2-4.3":0.42340020235,"4.4":0.959280372063,"4.4.3-4.4.4":0.536794640992},"10":{"7":0.0096145},"11":{"0":0.00103762227074,"10":0,"11":0,"12":0,"11.1":0,"11.5":0,"12.1":0},"12":{"0":16.175467},"13":{"0":0.010988},"14":{"10":0.147377883495,"11":0.695951116505},"15":{"0":2.296492},"16":{"0":2.019045}}