{"1":{"8":0.643988058691,"9":0.0479565575621,"10":0.23978278781,"11":2.10323759594},"2":{"12":0.255645,"13":0.20976,"14":1.055355},"3":{"5":0.006555,"12":0.019665,"13":0.006555,"16":0.058995,"18":0.058995,"30":0.01311,"31":0.05244,"35":0.045885,"37":0.019665,"38":0.07866,"40":0.019665,"41":0.124545,"42":0.045885,"43":0.30153,"44":0.190095,"45":0.06555,"46":0.01311,"47":0.229425,"48":0.294975,"49":0.57684,"50":32.322705,"51":2.366355},"4":{"10":0.085215,"29":0.019665,"30":0.006555,"32":0.02622,"33":0.019665,"35":0.01311,"36":1.448655,"38":0.019665,"40":0.01311,"41":0.032775,"42":0.019665,"43":0.124545,"44":0.01311,"45":0.517845,"46":0.14421,"48":0.02622,"49":0.439185,"50":0.308085,"51":0.058995,"52":0.176985,"53":0.17043,"54":9.49164,"55":6.705765,"56":0.02622},"5":{"4":0,"5":0.03933,"7":0.216315,"8":0.22287,"9":0.072105,"10":1.07502,"5.1":0.02622,"6.1":0.045885,"9.1":0.17043},"6":{"41":0.05244,"42":0.019665,"10.0-10.1":0,"12.1":0.03933},"7":{"8":0,"3.2":0,"4.0-4.1":0,"4.2-4.3":0,"5.0-5.1":0,"6.0-6.1":0,"7.0-7.1":0.0870712095858,"8.1-8.4":0.132180390456,"9.0-9.2":0.0886447856626,"9.3":0.561766659436,"10.0-10.2":4.20826695486},"8":{"0":2.2757861094},"9":{"3":0,"4":0.0364983783784,"2.1":0,"2.2":0,"2.3":0,"4.1":0.119923243243,"4.2-4.3":0.343382702703,"4.4":0.791791351351,"4.4.3-4.4.4":0.472244324324},"10":{"7":0},"11":{"0":0.173608890601,"10":0,"11":0,"12":0,"11.1":0,"11.5":0,"12.1":0},"12":{"0":21.152765},"13":{"0":0.01378},"14":{"10":0.135044,"11":0.540176},"15":{"0":2.23925},"16":{"0":1.953315}}