{"1":{"8":0.819272866894,"9":0.0297917406143,"10":0.268125665529,"11":3.24729972696},"2":{"12":0.03705,"13":0.25935,"14":1.07445},"3":{"12":0.02964,"14":0.00741,"16":0.01482,"29":0.02223,"31":0.01482,"32":0.01482,"35":0.00741,"36":0.02223,"37":0.02964,"38":0.01482,"39":0.02223,"40":0.05928,"43":0.11856,"44":0.08151,"45":0.0741,"47":0.16302,"48":0.46683,"49":0.19266,"50":0.80028,"51":40.76982,"52":1.98588,"54":0.01482,"3.6":0.01482},"4":{"10":0.08892,"11":0.02964,"21":0.08151,"22":0.02223,"29":0.02223,"30":0.01482,"32":0.00741,"37":0.01482,"38":0.00741,"40":0.01482,"41":0.01482,"42":0.05187,"43":0.01482,"44":0.00741,"45":0.12597,"46":0.00741,"47":0.03705,"48":0.00741,"49":0.48906,"50":0.13338,"51":0.05187,"52":0.02964,"53":0.60021,"54":0.28158,"55":4.88319,"56":14.39022,"57":0.03705,"58":0.06669},"5":{"4":0,"5":0.00741,"6":0.01482,"7":0.0741,"8":0.05187,"9":0.02223,"10":0.54834,"5.1":0.03705,"6.1":0.01482,"9.1":0.20748},"6":{"42":0.03705,"43":0.01482,"10.0-10.1":0,"12.1":0.02223},"7":{"8":0,"3.2":0,"4.0-4.1":0,"4.2-4.3":0,"5.0-5.1":0,"6.0-6.1":0.0222253602122,"7.0-7.1":0.098127062069,"8.1-8.4":0.133771507692,"9.0-9.2":0.0264188244032,"9.3":0.36273465252,"10.0-10.2":3.3090625931},"8":{"0":0.343717882096},"9":{"3":0,"4":0.0529672619048,"2.1":0,"2.2":0,"2.3":0,"4.1":0.158901785714,"4.2-4.3":0.51166375,"4.4":1.13032136905,"4.4.3-4.4.4":0.637725833333},"10":{"7":0.00518},"11":{"0":0.00075211790393,"10":0,"11":0,"12":0,"11.1":0,"11.5":0,"12.1":0},"12":{"0":15.45488},"13":{"0":0.00777},"14":{"10":0.0783034951456,"11":0.369766504854},"15":{"0":1.28723},"16":{"0":1.91142},"17":{}}