{"1":{"7":0.00717122302158,"8":0.168523741007,"9":0.13625323741,"10":0.154181294964,"11":2.0258705036},"2":{"12":0.0356,"13":0.09968,"14":0.65504},"3":{"34":0.00356,"36":0.00712,"37":0.00712,"38":0.00712,"39":0.00712,"40":0.00712,"41":0.00712,"42":0.00712,"43":0.02136,"44":0.02136,"45":0.0178,"46":0.00712,"47":0.04984,"48":0.0356,"49":0.02492,"50":0.07832,"51":1.20684,"52":0.01068},"4":{"11":0.02492,"15":0.00356,"16":0.00712,"18":0.00356,"21":0.00356,"22":0.15308,"23":0.00712,"25":0.00712,"26":0.05696,"27":0.00712,"28":0.00712,"29":0.01068,"30":0.00712,"31":0.01424,"32":0.00712,"33":0.01068,"34":0.07832,"35":0.0178,"36":0.01068,"37":0.01068,"38":0.0534,"39":0.03204,"40":0.02136,"41":0.01424,"42":0.02136,"43":0.06764,"44":0.06408,"45":0.04272,"46":0.07476,"47":0.089,"48":0.12104,"49":1.80136,"50":0.07832,"51":0.17088,"52":0.18868,"53":0.31684,"54":0.38804,"55":5.69244,"56":18.81104,"57":0.04628,"58":0.01424},"5":{"4":0,"5":0.00356,"7":0.00712,"8":0.0178,"9":0.01424,"10":0.2314,"5.1":0.00712,"6.1":0.00712,"9.1":0.05696},"6":{"25":0.00356,"31":0.01068,"36":0.01068,"38":0.00356,"42":0.07476,"43":0.15308,"10.0-10.1":0,"12.1":0.00712},"7":{"8":0,"3.2":0,"4.0-4.1":0,"4.2-4.3":0,"5.0-5.1":0,"6.0-6.1":0.0553802988859,"7.0-7.1":0.244509244138,"8.1-8.4":0.333326704615,"9.0-9.2":0.0658294118833,"9.3":0.903848274271,"10.0-10.2":8.24539506621},"8":{"0":0.68125528821},"9":{"3":0,"4":0.0958482142857,"2.1":0,"2.2":0,"2.3":0,"4.1":0.287544642857,"4.2-4.3":0.92589375,"4.4":2.04540089286,"4.4.3-4.4.4":1.1540125},"10":{"7":0.0032205},"11":{"0":0.00149071179039,"10":0,"11":0,"12":0,"11.1":0,"11.5":0,"12.1":0},"12":{"0":41.446496},"13":{"0":0.012882},"14":{"10":0.0697879223301,"11":0.32955407767},"15":{"0":0.199671},"16":{"0":6.904752},"17":{}}