{"1":{"7":0.0072608719346,"8":0.225087029973,"9":0.170630490463,"10":0.177891362398,"11":2.08023980926},"2":{"12":0.039611,"13":0.118833,"14":0.565357},"3":{"33":0.003601,"34":0.007202,"35":0.003601,"36":0.007202,"37":0.007202,"38":0.007202,"39":0.007202,"40":0.007202,"41":0.007202,"42":0.007202,"43":0.032409,"44":0.032409,"45":0.018005,"46":0.018005,"47":0.075621,"48":0.046813,"49":0.054015,"50":1.191931,"51":0.010803},"4":{"11":0.028808,"15":0.007202,"16":0.007202,"18":0.007202,"21":0.007202,"22":0.158444,"23":0.007202,"24":0.003601,"25":0.010803,"26":0.057616,"27":0.007202,"28":0.007202,"29":0.010803,"30":0.007202,"31":0.018005,"32":0.007202,"33":0.014404,"34":0.075621,"35":0.021606,"36":0.010803,"37":0.014404,"38":0.050414,"39":0.03601,"40":0.025207,"41":0.021606,"42":0.021606,"43":0.086424,"44":0.079222,"45":0.050414,"46":0.097227,"47":0.111631,"48":0.162045,"49":1.994954,"50":0.118833,"51":0.270075,"52":0.309686,"53":0.532948,"54":11.357554,"55":12.873575,"56":0.03601,"57":0.010803},"5":{"4":0,"5":0.003601,"7":0.010803,"8":0.021606,"9":0.018005,"10":0.198055,"5.1":0.010803,"6.1":0.007202,"9.1":0.07202},"6":{"25":0.003601,"31":0.007202,"36":0.010803,"37":0.003601,"38":0.007202,"41":0.122434,"42":0.075621,"10.0-10.1":0,"12.1":0.007202},"7":{"8":0,"3.2":0,"4.0-4.1":0,"4.2-4.3":0,"5.0-5.1":0,"6.0-6.1":0,"7.0-7.1":0.170620170437,"8.1-8.4":0.259013752711,"9.0-9.2":0.173703667493,"9.3":1.10080844902,"10.0-10.2":8.24629896033},"8":{"0":0.665890391371},"9":{"3":0,"4":0.106856274071,"2.1":0,"2.2":0,"2.3":0,"4.1":0.351099186233,"4.2-4.3":1.00532127238,"4.4":2.31812692525,"4.4.3-4.4.4":1.38258934206},"10":{"7":0.00479925},"11":{"0":0.0507976086287,"10":0,"11":0,"12":0,"11.1":0,"11.5":0,"12.1":0},"12":{"0":40.123022},"13":{"0":0.012798},"14":{"10":0.089586,"11":0.358344},"15":{"0":0.19197},"16":{"0":7.0389}}