{"1":{"7":0.018303,"8":0.158626,"9":0.213535,"10":0.201333,"11":3.550782},"2":{"12":0.109818,"13":0.384363,"14":2.477006},"3":{"11":0.006101,"12":0.006101,"29":0.006101,"32":0.012202,"33":0.012202,"37":0.012202,"38":0.018303,"39":0.012202,"40":0.030505,"41":0.006101,"42":0.012202,"43":0.085414,"44":0.012202,"45":0.054909,"46":0.018303,"47":0.189131,"48":0.158626,"49":0.18303,"50":4.612356,"51":0.164727,"3.6":0.030505},"4":{"11":0.018303,"18":0.012202,"20":0.006101,"21":0.024404,"22":0.109818,"26":0.024404,"28":0.018303,"31":0.018303,"32":0.073212,"33":0.006101,"34":0.067111,"35":0.036606,"36":0.329454,"37":0.012202,"38":0.042707,"39":0.030505,"40":0.024404,"41":0.006101,"42":0.012202,"43":0.06101,"44":0.054909,"45":0.054909,"46":0.048808,"47":0.042707,"48":0.042707,"49":1.128685,"50":0.091515,"51":0.24404,"52":0.494181,"53":0.225737,"54":18.845989,"55":16.53371,"56":0.402666,"57":0.073212},"5":{"4":0.006101,"5":0.018303,"7":0.036606,"8":0.134222,"9":0.067111,"10":1.836401,"5.1":0.054909,"6.1":0.036606,"7.1":0.006101,"9.1":0.542989},"6":{"29":0.024404,"33":0.012202,"35":0.067111,"36":0.012202,"37":0.12202,"38":0.012202,"40":0.012202,"41":0.292848,"42":0.128121,"10.0-10.1":0,"12.1":0.036606},"7":{"8":0,"3.2":0,"4.0-4.1":0,"4.2-4.3":0,"5.0-5.1":0,"6.0-6.1":0,"7.0-7.1":0.0964733665944,"8.1-8.4":0.146453544469,"9.0-9.2":0.0982168611714,"9.3":0.622427563991,"10.0-10.2":4.66268566377},"8":{"0":0.822340553159},"9":{"3":0,"4":0.0540558150338,"2.1":0,"2.2":0,"2.3":0,"4.1":0.177611963682,"4.2-4.3":0.508565933277,"4.4":1.17268023226,"4.4.3-4.4.4":0.699416055743},"10":{"7":0.05361125},"11":{"0":0.0627324468413,"10":0,"11":0,"12":0,"11.1":0,"11.5":0,"12.1":0},"12":{"0":27.58662},"13":{"0":0.019495},"14":{"10":0.1161902,"11":0.4647608},"15":{"0":0.432789},"16":{"0":4.819164}}