{"1":{"7":0.02334,"8":0.180885,"9":0.239235,"10":0.227565,"11":3.501},"2":{"12":0.1167,"13":0.29175,"14":2.74245},"3":{"16":0.005835,"33":0.01167,"35":0.005835,"37":0.01167,"38":0.02334,"40":0.02334,"43":0.07002,"44":0.005835,"45":0.040845,"46":0.01167,"47":0.122535,"48":0.134205,"49":0.064185,"50":0.309255,"51":4.70301,"52":0.19839,"53":0.005835,"3.6":0.02334},"4":{"11":0.01167,"12":0.005835,"18":0.005835,"20":0.005835,"22":0.099195,"26":0.02334,"27":0.005835,"28":0.005835,"31":0.01167,"32":0.134205,"33":0.01167,"34":0.05835,"35":0.017505,"36":0.38511,"37":0.01167,"38":0.052515,"39":0.02334,"40":0.029175,"41":0.005835,"42":0.005835,"43":0.075855,"44":0.03501,"45":0.029175,"46":0.02334,"47":0.03501,"48":0.02334,"49":1.00362,"50":0.064185,"51":0.122535,"52":0.09336,"53":0.402615,"54":0.180885,"55":8.7525,"56":25.7907,"57":0.1167,"58":0.134205},"5":{"4":0,"5":0.02334,"6":0.017505,"7":0.02334,"8":0.099195,"9":0.05835,"10":1.73883,"5.1":0.03501,"6.1":0.03501,"9.1":0.332595,"10.1":0.02334},"6":{"29":0.017505,"37":0.02334,"38":0.005835,"41":0.005835,"42":0.122535,"43":0.215895,"10.0-10.1":0,"12.1":0.017505},"7":{"8":0,"3.2":0,"4.0-4.1":0,"4.2-4.3":0,"5.0-5.1":0,"6.0-6.1":0.035904730504,"7.0-7.1":0.158522772414,"8.1-8.4":0.216105830769,"9.0-9.2":0.0426792079576,"9.3":0.585992299735,"10.0-10.2":5.34574015862},"8":{"0":1.00157337336},"9":{"3":0,"4":0.0468385416667,"2.1":0,"2.2":0,"2.3":0,"4.1":0.140515625,"4.2-4.3":0.4524603125,"4.4":0.999534479167,"4.4.3-4.4.4":0.563936041667},"10":{"7":0.03644375},"11":{"0":0.00219162663755,"10":0,"11":0,"12":0,"11.1":0,"11.5":0,"12.1":0},"12":{"0":28.5907},"13":{"0":0.045815},"14":{"10":0.0742421359223,"11":0.350587864078},"15":{"0":0.387345},"16":{"0":5.285385},"17":{}}