{"1":{"6":0.0907782135076,"8":0.844237385621,"9":0.0907782135076,"10":0.47204671024,"11":6.83559947712},"2":{"12":1.29312,"13":1.67028,"14":0.36818},"3":{"12":0.0898,"40":0.46696,"48":0.46696,"49":1.11352,"50":8.24364,"51":0.27838},"4":{"26":1.5715,"29":0.46696,"43":1.4817,"49":0.0898,"51":0.0898,"52":0.55676,"53":2.50542,"54":1.5715,"55":58.0108,"56":0.46696},"5":{"4":0,"8":0.0898,"9":0.36818,"10":0.0898},"6":{"10.0-10.1":0},"7":{"8":0,"3.2":0,"4.0-4.1":0,"4.2-4.3":0,"5.0-5.1":0,"6.0-6.1":0.0233106992634,"7.0-7.1":0.109560286538,"8.1-8.4":0.131705450838,"9.0-9.2":0.0594422831216,"9.3":0.511669848831,"10.0-10.2":4.62309443141},"8":{"0":0.241992475983},"9":{"3":0,"4":0.0124004939077,"2.1":0,"2.2":0,"2.3":0,"4.1":0.0401037249782,"4.2-4.3":0.122158057006,"4.4":0.276768470409,"4.4.3-4.4.4":0.154874253699},"10":{"7":0},"11":{"0":0.000529524017467,"10":0,"11":0,"12":0,"11.1":0,"11.5":0,"12.1":0},"12":{"0":2.911283},"13":{},"14":{"10":0.148338699029,"11":0.700488300971},"15":{},"16":{"0":0.121261}}