{"1":{"7":0.0868934025375,"8":0.165097464821,"9":0.251990867359,"10":0.825487324106,"11":6.20418894118},"2":{"14":0.323114},"3":{"4":0.323114,"5":0.408144,"6":0.161557,"19":0.569701,"38":0.323114,"45":0.731258,"46":1.7006,"47":17.881809,"48":0.646228,"49":2.423355,"50":8.494497,"51":0.161557},"4":{"16":0.161557,"18":0.161557,"20":0.646228,"33":0.08503,"36":0.246587,"41":0.646228,"48":0.408144,"49":0.646228,"50":0.484671,"51":0.408144,"52":1.777127,"53":2.346828,"54":11.411026,"55":18.851151,"56":0.569701},"5":{"4":0,"8":0.08503,"10":2.916529,"5.1":0.161557,"9.1":0.161557},"6":{"10.0-10.1":0},"7":{"8":0,"3.2":0,"4.0-4.1":0,"4.2-4.3":0,"5.0-5.1":0,"6.0-6.1":0,"7.0-7.1":0.114483929346,"8.1-8.4":0.173794880694,"9.0-9.2":0.116552916021,"9.3":0.73862824295,"10.0-10.2":5.53316003099},"8":{"0":0.200288912173},"9":{"3":0,"4":0.0200419725507,"2.1":0,"2.2":0,"2.3":0,"4.1":0.0658521955236,"4.2-4.3":0.188558149916,"4.4":0.434788098395,"4.4.3-4.4.4":0.259318583615},"10":{"7":0},"11":{"0":0.0152790878274,"10":0,"11":0,"12":0,"11.1":0,"11.5":0,"12.1":0},"12":{"0":6.653866},"13":{"0":0.107784},"14":{"10":0.0431136,"11":0.1724544},"15":{},"16":{"0":0.215568}}