{"1":{"8":1.782592,"9":0.15916,"10":0.326278,"11":5.347776},"2":{"12":0.15916,"13":0.15916},"3":{"46":0.15916,"47":2.10887,"50":2.26803,"51":23.014536,"52":0.644598},"4":{"43":0.15916,"48":0.15916,"52":1.782592,"53":0.326278,"54":0.644598,"55":8.427522,"56":25.123406,"57":0.15916},"5":{"4":0,"9":1.137994,"10":3.565184,"6.1":0.15916,"9.1":0.15916},"6":{"10.0-10.1":0},"7":{"8":0,"3.2":0,"4.0-4.1":0,"4.2-4.3":0,"5.0-5.1":0,"6.0-6.1":0.00675192445623,"7.0-7.1":0.0298103834483,"8.1-8.4":0.0406389415385,"9.0-9.2":0.00802587246684,"9.3":0.110196502918,"10.0-10.2":1.00527237517},"8":{"0":0},"9":{"3":0,"4":0.148939243197,"2.1":0,"2.2":0,"2.3":0,"4.1":0.446817729592,"4.2-4.3":1.43875308929,"4.4":3.17836344983,"4.4.3-4.4.4":1.7932284881},"10":{"7":0.050029},"11":{"0":0,"10":0,"11":0,"12":0,"11.1":0,"11.5":0,"12.1":0},"12":{"0":12.25541},"13":{},"14":{"10":0,"11":0},"15":{},"16":{"0":0.200116},"17":{}}