{"1":{"6":0.0280539101498,"7":0.0224431281198,"8":0.976276073211,"9":0.331036139767,"10":0.331036139767,"11":5.0384822629},"2":{"12":0.033168,"13":0.210064,"14":1.072432},"3":{"21":0.022112,"28":0.005528,"33":0.005528,"34":0.005528,"35":0.005528,"36":0.011056,"37":0.022112,"38":0.044224,"39":0.011056,"40":0.011056,"41":0.022112,"42":0.016584,"43":0.127144,"44":0.022112,"45":0.060808,"46":0.08292,"47":0.259816,"48":0.160312,"49":0.143728,"50":3.112264,"51":0.022112},"4":{"11":0.049752,"27":0.016584,"28":0.011056,"29":0.011056,"30":0.011056,"31":0.033168,"32":0.011056,"33":0.071864,"34":0.016584,"35":0.02764,"36":0.033168,"37":0.016584,"38":0.093976,"39":0.060808,"40":0.022112,"41":0.049752,"42":0.038696,"43":0.11056,"44":0.05528,"45":0.176896,"46":0.071864,"47":0.099504,"48":0.127144,"49":2.371512,"50":0.237704,"51":0.713112,"52":0.353792,"53":0.46988,"54":16.412632,"55":17.24736,"56":0.060808,"57":0.05528},"5":{"4":0.005528,"5":0.011056,"6":0.005528,"7":0.02764,"8":0.11056,"9":0.093976,"10":1.006096,"5.1":0.022112,"6.1":0.022112,"9.1":0.375904},"6":{"28":0.033168,"36":0.011056,"37":0.011056,"38":0.088448,"41":0.088448,"42":0.044224,"10.0-10.1":0,"12.1":0.011056},"7":{"8":0,"3.2":0,"4.0-4.1":0,"4.2-4.3":0,"5.0-5.1":0,"6.0-6.1":0,"7.0-7.1":0.219412904865,"8.1-8.4":0.333084650759,"9.0-9.2":0.223378198327,"9.3":1.41560976573,"10.0-10.2":10.6045164803},"8":{"0":0.240937987673},"9":{"3":0,"4":0.0352487749155,"2.1":0,"2.2":0,"2.3":0,"4.1":0.115817403294,"4.2-4.3":0.331626229307,"4.4":0.764682606841,"4.4.3-4.4.4":0.456075985642},"10":{"7":0.004471},"11":{"0":0.0183800123267,"10":0,"11":0,"12":0,"11.1":0,"11.5":0,"12.1":0},"12":{"0":27.779914},"13":{"0":0.022355},"14":{"10":0.0205666,"11":0.0822664},"15":{"0":0.17884},"16":{"0":2.888266}}