{"1":{"6":0.0328881575342,"7":0.0219254383562,"8":0.926349770548,"9":0.290512058219,"10":0.328881575342,"11":4.79618964041},"2":{"12":0.02681,"13":0.171584,"14":1.050952},"3":{"3":0.005362,"12":0.005362,"21":0.016086,"28":0.005362,"31":0.005362,"32":0.005362,"33":0.005362,"35":0.010724,"36":0.010724,"37":0.016086,"38":0.02681,"39":0.010724,"40":0.010724,"41":0.016086,"42":0.010724,"43":0.085792,"44":0.016086,"45":0.075068,"46":0.064344,"47":0.300272,"48":0.18767,"49":0.064344,"50":3.034892,"51":0.300272,"52":0.005362},"4":{"11":0.042896,"27":0.032172,"28":0.005362,"29":0.010724,"30":0.005362,"31":0.032172,"32":0.010724,"33":0.058982,"34":0.010724,"35":0.02681,"36":0.05362,"37":0.010724,"38":0.085792,"39":0.05362,"40":0.016086,"41":0.032172,"42":0.021448,"43":0.112602,"44":0.048258,"45":0.155498,"46":0.069706,"47":0.096516,"48":0.123326,"49":2.241316,"50":0.230566,"51":0.782852,"52":0.273462,"53":0.310996,"54":0.664888,"55":32.080846,"56":0.29491,"57":0.075068,"58":0.005362},"5":{"4":0.010724,"5":0.010724,"7":0.021448,"8":0.10724,"9":0.085792,"10":1.029504,"5.1":0.02681,"6.1":0.021448,"9.1":0.327082},"6":{"28":0.016086,"36":0.010724,"37":0.016086,"38":0.117964,"42":0.123326,"10.0-10.1":0,"12.1":0.010724},"7":{"8":0,"3.2":0,"4.0-4.1":0,"4.2-4.3":0,"5.0-5.1":0,"6.0-6.1":0.0561491619515,"7.0-7.1":0.263901061172,"8.1-8.4":0.317242765026,"9.0-9.2":0.143180362976,"9.3":1.23247410484,"10.0-10.2":11.135782544},"8":{"0":0.286928148472},"9":{"3":0,"4":0.0316829086162,"2.1":0,"2.2":0,"2.3":0,"4.1":0.102463874674,"4.2-4.3":0.312110355091,"4.4":0.707135556136,"4.4.3-4.4.4":0.395699305483},"10":{"7":0.002319},"11":{"0":0.000627851528384,"10":0,"11":0,"12":0,"11.1":0,"11.5":0,"12.1":0},"12":{"0":28.777662},"13":{"0":0.027828},"14":{"10":0.0137789126214,"11":0.0650670873786},"15":{"0":0.2319},"16":{"0":3.019338}}