{"1":{"6":0.0317919899244,"7":0.0211946599496,"8":0.868981057935,"9":0.28612790932,"10":0.302023904282,"11":4.78999314861},"2":{"12":0.02597,"13":0.15582,"14":1.111516},"3":{"3":0.005194,"16":0.010388,"21":0.010388,"28":0.005194,"29":0.005194,"31":0.005194,"33":0.005194,"34":0.010388,"35":0.005194,"36":0.010388,"37":0.010388,"38":0.020776,"39":0.005194,"40":0.010388,"41":0.015582,"42":0.015582,"43":0.072716,"44":0.015582,"45":0.057134,"46":0.05194,"47":0.23373,"48":0.135044,"49":0.041552,"50":0.218148,"51":3.03849,"52":0.036358},"4":{"11":0.041552,"27":0.015582,"28":0.005194,"29":0.020776,"30":0.010388,"31":0.041552,"32":0.010388,"33":0.046746,"34":0.015582,"35":0.020776,"36":0.036358,"37":0.015582,"38":0.098686,"39":0.046746,"40":0.015582,"41":0.02597,"42":0.020776,"43":0.093492,"44":0.041552,"45":0.166208,"46":0.05194,"47":0.093492,"48":0.088298,"49":2.25939,"50":0.192178,"51":0.592116,"52":0.18179,"53":0.20776,"54":0.28567,"55":8.092252,"56":24.068996,"57":0.067522,"58":0.057134},"5":{"4":0.010388,"5":0.015582,"7":0.02597,"8":0.083104,"9":0.067522,"10":1.0388,"5.1":0.02597,"6.1":0.02597,"9.1":0.275282,"10.1":0.010388},"6":{"28":0.010388,"36":0.010388,"38":0.083104,"42":0.057134,"43":0.083104,"10.0-10.1":0,"12.1":0.010388},"7":{"8":0,"3.2":0,"4.0-4.1":0,"4.2-4.3":0,"5.0-5.1":0,"6.0-6.1":0.0762667581963,"7.0-7.1":0.336724932414,"8.1-8.4":0.459039544615,"9.0-9.2":0.0906567125729,"9.3":1.24473105358,"10.0-10.2":11.3551129986},"8":{"0":0.316503432314},"9":{"3":0,"4":0.0298331632653,"2.1":0,"2.2":0,"2.3":0,"4.1":0.0894994897959,"4.2-4.3":0.288188357143,"4.4":0.636639704082,"4.4.3-4.4.4":0.359191285714},"10":{"7":0.002403},"11":{"0":0.00069256768559,"10":0,"11":0,"12":0,"11.1":0,"11.5":0,"12.1":0},"12":{"0":29.915312},"13":{"0":0.02403},"14":{"10":0.0125982524272,"11":0.0594917475728},"15":{"0":0.2403},"16":{"0":3.061422},"17":{}}