{"1":{"6":0.0034000733945,"8":0.108802348624,"9":0.0113335779817,"10":0.0328673761468,"11":0.214204623853},"2":{"12":0.031987,"13":0.041914,"14":0.072798},"3":{"3":0.003309,"4":0.012133,"5":0.003309,"6":0.007721,"7":0.005515,"8":0.006618,"9":0.002206,"10":0.006618,"11":0.007721,"12":0.014339,"13":0.015442,"14":0.007721,"15":0.012133,"16":0.017648,"17":0.012133,"18":0.01103,"19":0.007721,"20":0.01103,"21":0.008824,"22":0.003309,"23":0.017648,"24":0.004412,"25":0.004412,"26":0.006618,"27":0.005515,"28":0.003309,"29":0.024266,"30":0.016545,"31":0.007721,"32":0.007721,"33":0.013236,"34":0.012133,"35":0.01103,"36":0.007721,"37":0.015442,"38":0.018751,"39":0.01103,"40":0.013236,"41":0.009927,"42":0.015442,"43":0.090446,"44":0.087137,"45":0.026472,"46":0.031987,"47":0.226115,"48":0.075004,"49":0.169862,"50":1.164768,"51":0.125742,"52":0.004412,"3.5":0.003309,"3.6":0.006618},"4":{"9":0.001103,"10":0.003309,"11":0.028678,"19":0.001103,"20":0.002206,"21":0.008824,"22":0.006618,"23":0.001103,"24":0.001103,"25":0.002206,"26":0.003309,"27":0.005515,"28":0.001103,"29":0.003309,"30":0.001103,"31":0.01103,"32":0.003309,"33":0.006618,"34":0.001103,"36":0.016545,"38":0.003309,"39":0.002206,"40":0.003309,"41":0.002206,"42":0.003309,"43":0.049635,"44":0.003309,"45":0.013236,"46":0.005515,"47":0.013236,"48":0.004412,"49":0.07721,"50":0.013236,"51":0.051841,"52":0.078313,"53":0.034193,"54":3.271498,"55":2.600874,"56":0.013236,"57":0.006618},"5":{"4":0,"5":0.002206,"6":0.006618,"7":0.006618,"8":0.018751,"9":0.025369,"10":0.1103,"5.1":0.009927,"7.1":0.002206,"9.1":0.040811},"6":{"12":0.002206,"15":0.002206,"16":0.002206,"17":0.002206,"18":0.002206,"19":0.004412,"20":0.001103,"21":0.001103,"22":0.005515,"26":0.001103,"28":0.001103,"29":0.002206,"30":0.002206,"32":0.001103,"33":0.006618,"34":0.003309,"35":0.007721,"36":0.013236,"37":0.191922,"38":0.004412,"39":0.004412,"40":0.01103,"41":0.222806,"42":0.089343,"10.0-10.1":0,"10.5":0.001103,"10.6":0.002206,"11.1":0.001103,"11.5":0.002206,"11.6":0.006618,"12.1":0.007721},"7":{"8":0,"3.2":0,"4.0-4.1":0,"4.2-4.3":0,"5.0-5.1":0,"6.0-6.1":0,"7.0-7.1":0.00884829211858,"8.1-8.4":0.0134323470716,"9.0-9.2":0.00900820101229,"9.3":0.0570874750542,"10.0-10.2":0.427649684743},"8":{"0":62.8163431572},"9":{"3":0,"4":0.0784273555743,"2.1":0,"2.2":0,"2.3":0,"4.1":0.257689882601,"4.2-4.3":0.737857365709,"4.4":1.70139344848,"4.4.3-4.4.4":1.01475394764},"10":{"7":0.01556975},"11":{"0":4.79195984284,"10":0,"11":0,"12":0,"11.1":0,"11.5":0,"12.1":0},"12":{"0":7.940276},"13":{"0":0.008897},"14":{"10":0.0854112,"11":0.3416448},"15":{"0":6.904072},"16":{"0":0.951979}}