{"1":{"6":0.00584689814815,"8":0.190024189815,"9":0.0555455324074,"10":0.119861412037,"11":0.891651967593},"2":{"12":0.13005,"13":0.08959,"14":0.21097},"3":{"3":0.0289,"4":0.02023,"5":0.01156,"6":0.00289,"7":0.02023,"8":0.02023,"9":0.02023,"10":0.02312,"11":0.02023,"12":0.05491,"13":0.04046,"14":0.05202,"15":0.03179,"16":0.02312,"17":0.07225,"18":0.01445,"19":0.03179,"20":0.04046,"21":0.03757,"22":0.03468,"23":0.01734,"24":0.03179,"25":0.02601,"26":0.01445,"27":0.02312,"28":0.02312,"29":0.08092,"30":0.06069,"31":0.06936,"32":0.03179,"33":0.03179,"34":0.0578,"35":0.06358,"36":0.04335,"37":0.10693,"38":0.07803,"39":0.10404,"40":0.06647,"41":0.10115,"42":0.07803,"43":0.37859,"44":0.31501,"45":0.20808,"46":0.09248,"47":0.64158,"48":0.37281,"49":0.4335,"50":0.71961,"51":6.59209,"52":1.20224,"53":0.0289,"54":0.00289,"3.5":0.00867,"3.6":0.02312},"4":{"5":0.00578,"8":0.00578,"10":0.00289,"11":0.04335,"18":0.00578,"19":0.00578,"21":0.00578,"22":0.00867,"23":0.01445,"24":0.01156,"25":0.01445,"26":0.01445,"28":0.01734,"29":0.00578,"30":0.00867,"31":0.02023,"32":0.03468,"33":0.03757,"34":0.00289,"35":0.20519,"36":0.0289,"37":0.00289,"38":0.00867,"39":0.01734,"40":0.01445,"41":0.00289,"42":0.00578,"43":0.07514,"44":0.00867,"45":0.01734,"46":0.00867,"47":0.02312,"48":0.02312,"49":0.43928,"50":0.03179,"51":0.04335,"52":0.04913,"53":0.16762,"54":0.09537,"55":2.70215,"56":8.03131,"57":0.04624,"58":0.04046},"5":{"4":0,"5":0.00289,"6":0.01156,"7":0.02312,"8":0.06069,"9":0.06358,"10":0.20519,"5.1":0.01734,"9.1":0.0867},"6":{"11":0.00289,"20":0.00289,"21":0.00289,"28":0.00867,"29":0.01156,"33":0.00578,"34":0.00578,"35":0.00578,"36":0.02023,"37":0.02601,"38":0.00578,"39":0.00867,"40":0.00867,"41":0.01156,"42":0.1734,"43":0.2312,"10.0-10.1":0,"11.1":0.00289,"11.5":0.00289,"11.6":0.00867,"12.1":0.00578},"7":{"8":0,"3.2":0,"4.0-4.1":0,"4.2-4.3":0,"5.0-5.1":0,"6.0-6.1":0.00539756498674,"7.0-7.1":0.0238307586207,"8.1-8.4":0.0324872307692,"9.0-9.2":0.0064159734748,"9.3":0.0880923342175,"10.0-10.2":0.803626137931},"8":{"0":48.4056096288},"9":{"3":0,"4":0.0837359693878,"2.1":0,"2.2":0,"2.3":0,"4.1":0.251207908163,"4.2-4.3":0.808889464286,"4.4":1.78692558673,"4.4.3-4.4.4":1.00818107143},"10":{"7":0.046215},"11":{"0":0.105920371179,"10":0,"11":0,"12":0,"11.1":0,"11.5":0,"12.1":0},"12":{"0":10.13159},"13":{"0":0.01422},"14":{"10":0.191348737864,"11":0.903591262136},"15":{"0":4.72815},"16":{"0":1.07361},"17":{}}