{"1":{"6":0.0042692575406,"8":0.162231786543,"9":0.0597696055684,"10":0.0960582946636,"11":0.597696055684},"2":{"12":0.09306,"13":0.06345,"14":0.112095},"3":{"3":0.02538,"4":0.01269,"5":0.006345,"6":0.006345,"7":0.006345,"8":0.00846,"9":0.01692,"10":0.01692,"11":0.01692,"12":0.031725,"13":0.02538,"14":0.04653,"15":0.019035,"16":0.023265,"17":0.023265,"18":0.01692,"19":0.027495,"20":0.02538,"21":0.035955,"22":0.01692,"23":0.010575,"24":0.02538,"25":0.023265,"26":0.010575,"27":0.00846,"28":0.019035,"29":0.048645,"30":0.048645,"31":0.040185,"32":0.023265,"33":0.02961,"34":0.02961,"35":0.044415,"36":0.03384,"37":0.074025,"38":0.052875,"39":0.095175,"40":0.05499,"41":0.078255,"42":0.05499,"43":0.522405,"44":0.35955,"45":0.17766,"46":0.10152,"47":0.691605,"48":0.24534,"49":0.568935,"50":4.35267,"51":0.649305,"52":0.019035,"3.5":0.00846,"3.6":0.02115},"4":{"5":0.00423,"11":0.040185,"18":0.00423,"19":0.00423,"21":0.002115,"22":0.006345,"23":0.00846,"24":0.00423,"25":0.014805,"26":0.014805,"27":0.002115,"28":0.010575,"29":0.006345,"30":0.00423,"31":0.02538,"32":0.019035,"33":0.052875,"34":0.00423,"35":0.00423,"36":0.05499,"38":0.010575,"39":0.00846,"40":0.00846,"41":0.00423,"42":0.014805,"43":0.05076,"44":0.00846,"45":0.023265,"46":0.006345,"47":0.014805,"48":0.02115,"49":0.32994,"50":0.02538,"51":0.052875,"52":0.078255,"53":0.12267,"54":4.19616,"55":3.5109,"56":0.040185,"57":0.023265},"5":{"4":0,"5":0.00423,"7":0.044415,"8":0.023265,"9":0.07614,"10":0.124785,"5.1":0.01692,"6.1":0.00423,"7.1":0.002115,"9.1":0.074025},"6":{"11":0.002115,"16":0.00423,"17":0.006345,"18":0.002115,"19":0.002115,"20":0.002115,"29":0.00846,"33":0.006345,"34":0.006345,"35":0.00846,"36":0.01692,"37":0.0846,"38":0.00423,"39":0.010575,"40":0.010575,"41":0.234765,"42":0.07191,"10.0-10.1":0,"10.5":0.00423,"11.1":0.006345,"11.5":0.00423,"11.6":0.00846,"12.1":0.00846},"7":{"8":0,"3.2":0,"4.0-4.1":0,"4.2-4.3":0,"5.0-5.1":0,"6.0-6.1":0,"7.0-7.1":0.0154132568949,"8.1-8.4":0.0233984381779,"9.0-9.2":0.0156918097304,"9.3":0.099443362256,"10.0-10.2":0.744943132941},"8":{"0":54.1913452003},"9":{"3":0,"4":0.0814172867399,"2.1":0,"2.2":0,"2.3":0,"4.1":0.267513942145,"4.2-4.3":0.765987126267,"4.4":1.76625664907,"4.4.3-4.4.4":1.05343999578},"10":{"7":0.04139625},"11":{"0":4.13399979969,"10":0,"11":0,"12":0,"11.1":0,"11.5":0,"12.1":0},"12":{"0":8.47714},"13":{"0":0.01577},"14":{"10":0.227088,"11":0.908352},"15":{"0":4.723115},"16":{"0":0.922545}}