{"1":{"6":0.00549424299065,"7":0.00274712149533,"8":0.189551383178,"9":0.0714251588785,"10":0.120873345794,"11":0.785676747664},"2":{"12":0.111848,"13":0.120032,"14":0.171864},"3":{"3":0.030008,"4":0.019096,"5":0.008184,"6":0.008184,"7":0.016368,"8":0.019096,"9":0.032736,"10":0.019096,"11":0.02728,"12":0.049104,"13":0.04092,"14":0.043648,"15":0.030008,"16":0.02728,"17":0.032736,"18":0.019096,"19":0.032736,"20":0.04092,"21":0.043648,"22":0.030008,"23":0.01364,"24":0.030008,"25":0.024552,"26":0.019096,"27":0.016368,"28":0.021824,"29":0.070928,"30":0.087296,"31":0.049104,"32":0.030008,"33":0.035464,"34":0.043648,"35":0.062744,"36":0.046376,"37":0.076384,"38":0.079112,"39":0.098208,"40":0.079112,"41":0.090024,"42":0.070928,"43":0.439208,"44":0.482856,"45":0.21824,"46":0.125488,"47":0.66836,"48":0.253704,"49":0.542872,"50":5.827008,"51":1.342176,"52":0.133672,"53":0.010912,"3.5":0.008184,"3.6":0.02728},"4":{"5":0.005456,"10":0.002728,"11":0.038192,"18":0.005456,"19":0.005456,"22":0.005456,"23":0.010912,"24":0.010912,"25":0.019096,"26":0.02728,"27":0.005456,"28":0.01364,"29":0.008184,"30":0.01364,"31":0.032736,"32":0.035464,"33":0.043648,"34":0.005456,"35":0.180048,"36":0.038192,"38":0.010912,"39":0.010912,"40":0.01364,"41":0.002728,"42":0.008184,"43":0.08184,"44":0.005456,"45":0.016368,"46":0.005456,"47":0.032736,"48":0.035464,"49":0.431024,"50":0.038192,"51":0.057288,"52":0.079112,"53":0.160952,"54":0.223696,"55":9.321576,"56":0.1364,"57":0.046376},"5":{"4":0,"5":0.005456,"6":0.005456,"7":0.01364,"8":0.02728,"9":0.04092,"10":0.169136,"5.1":0.019096,"6.1":0.002728,"7.1":0.005456,"9.1":0.542872},"6":{"16":0.002728,"18":0.002728,"20":0.002728,"21":0.005456,"28":0.002728,"29":0.005456,"33":0.005456,"34":0.01364,"35":0.008184,"36":0.016368,"37":0.049104,"38":0.005456,"39":0.021824,"40":0.01364,"41":0.038192,"42":0.365552,"43":0.008184,"10.0-10.1":0,"11.1":0.005456,"11.5":0.002728,"11.6":0.010912,"12.1":0.01364},"7":{"8":0,"3.2":0,"4.0-4.1":0,"4.2-4.3":0,"5.0-5.1":0,"6.0-6.1":0.0042233030853,"7.0-7.1":0.0198495245009,"8.1-8.4":0.0238616624319,"9.0-9.2":0.0107694228675,"9.3":0.0927015027223,"10.0-10.2":0.837586584392},"8":{"0":50.1035242795},"9":{"3":0,"4":0.0822482819843,"2.1":0,"2.2":0,"2.3":0,"4.1":0.265994443864,"4.2-4.3":0.810233075718,"4.4":1.83571165535,"4.4.3-4.4.4":1.02722854308},"10":{"7":0.039996},"11":{"0":0.109635720524,"10":0,"11":0,"12":0,"11.1":0,"11.5":0,"12.1":0},"12":{"0":9.660216},"13":{"0":0.014544},"14":{"10":0.207146097087,"11":0.978189902913},"15":{"0":4.959504},"16":{"0":1.076256}}