{"1":{"6":0.0550361713666,"7":0.0440289370933,"8":0.500829159436,"9":0.368742348156,"10":0.368742348156,"11":8.77826933297},"2":{"12":0.05973,"13":0.27693,"14":2.89419},"3":{"3":0.02172,"11":0.01086,"12":0.00543,"16":0.01086,"21":0.02715,"24":0.01086,"25":0.00543,"27":0.00543,"28":0.01086,"29":0.01086,"30":0.00543,"31":0.02715,"33":0.01629,"34":0.00543,"35":0.01629,"36":0.02715,"37":0.03258,"38":0.06516,"39":0.01629,"40":0.01629,"41":0.03801,"42":0.01629,"43":0.08145,"44":0.02172,"45":0.24435,"46":0.1086,"47":0.32037,"48":0.3801,"49":0.20634,"50":4.50147,"51":0.51585,"52":0.01086,"3.6":0.01629},"4":{"10":0.00543,"11":0.01629,"18":0.01629,"21":0.01086,"22":0.00543,"23":0.01086,"25":0.01086,"27":0.02715,"28":0.00543,"29":0.02172,"31":0.02172,"32":0.01629,"33":0.01086,"34":0.02172,"35":0.01629,"36":0.0543,"37":0.03258,"38":0.03801,"39":0.04344,"40":0.04887,"41":0.14118,"42":0.08145,"43":0.2715,"44":0.10317,"45":0.07602,"46":0.0543,"47":0.05973,"48":0.15204,"49":0.96111,"50":0.1629,"51":0.68961,"52":0.29865,"53":0.35838,"54":1.086,"55":22.32816,"56":0.30408,"57":0.0543,"58":0.01629},"5":{"4":0.02715,"5":0.04344,"6":0.01086,"7":0.03801,"8":0.19005,"9":0.20091,"10":3.3123,"5.1":0.11403,"6.1":0.07602,"7.1":0.01629,"9.1":1.086},"6":{"12":0.00543,"28":0.03258,"36":0.01086,"38":0.07602,"39":0.00543,"41":0.00543,"42":0.13032,"10.0-10.1":0,"12.1":0.01629},"7":{"8":0,"3.2":0,"4.0-4.1":0,"4.2-4.3":0,"5.0-5.1":0,"6.0-6.1":0.101206448169,"7.0-7.1":0.475670306395,"8.1-8.4":0.571816432155,"9.0-9.2":0.258076442831,"9.3":2.22148153731,"10.0-10.2":20.0717688331},"8":{"0":0.118560567686},"9":{"3":0,"4":0.013272489121,"2.1":0,"2.2":0,"2.3":0,"4.1":0.042923794604,"4.2-4.3":0.130748137511,"4.4":0.296230661445,"4.4.3-4.4.4":0.165764917319},"10":{"7":0.0148525},"11":{"0":0.00025943231441,"10":0,"11":0,"12":0,"11.1":0,"11.5":0,"12.1":0},"12":{"0":17.68858},"13":{"0":0.05941},"14":{"10":0.031945631068,"11":0.150854368932},"15":{"0":0.33361},"16":{"0":2.92937}}