{"1":{"6":0.0651594437086,"7":0.0380096754967,"8":0.358376940397,"9":0.309507357616,"10":0.331227172185,"11":7.09151945695},"2":{"12":0.058795,"13":0.219145,"14":3.08941},"3":{"3":0.02138,"10":0.005345,"11":0.01069,"12":0.005345,"16":0.01069,"17":0.005345,"21":0.02138,"24":0.01069,"25":0.005345,"26":0.005345,"27":0.005345,"28":0.01069,"29":0.016035,"30":0.005345,"31":0.03207,"33":0.016035,"34":0.005345,"35":0.016035,"36":0.026725,"37":0.02138,"38":0.05345,"39":0.016035,"40":0.016035,"41":0.026725,"42":0.016035,"43":0.058795,"44":0.016035,"45":0.240525,"46":0.069485,"47":0.229835,"48":0.31001,"49":0.122935,"50":0.411565,"51":4.730325,"52":0.04276,"53":0.005345,"3.6":0.01069},"4":{"10":0.005345,"11":0.016035,"18":0.016035,"21":0.01069,"22":0.005345,"23":0.005345,"25":0.01069,"27":0.016035,"29":0.016035,"31":0.02138,"32":0.02138,"33":0.01069,"34":0.02138,"35":0.016035,"36":0.03207,"37":0.03207,"38":0.037415,"39":0.03207,"40":0.04276,"41":0.1069,"42":0.08552,"43":0.229835,"44":0.069485,"45":0.080175,"46":0.048105,"47":0.058795,"48":0.133625,"49":0.924685,"50":0.18173,"51":0.507775,"52":0.229835,"53":0.304665,"54":0.550535,"55":8.10302,"56":16.82606,"57":0.07483,"58":0.06414},"5":{"4":0.026725,"5":0.037415,"6":0.01069,"7":0.03207,"8":0.176385,"9":0.187075,"10":3.404765,"5.1":0.1069,"6.1":0.06414,"7.1":0.01069,"9.1":0.999515,"10.1":0.02138},"6":{"28":0.016035,"36":0.01069,"38":0.048105,"42":0.06414,"43":0.090865,"10.0-10.1":0,"12.1":0.016035},"7":{"8":0,"3.2":0,"4.0-4.1":0,"4.2-4.3":0,"5.0-5.1":0,"6.0-6.1":0.136016950663,"7.0-7.1":0.600527668966,"8.1-8.4":0.818668061538,"9.0-9.2":0.16168052626,"9.3":2.21989928912,"10.0-10.2":20.2511275034},"8":{"0":0.116145851528},"9":{"3":0,"4":0.0130653061224,"2.1":0,"2.2":0,"2.3":0,"4.1":0.0391959183673,"4.2-4.3":0.126210857143,"4.4":0.278813632653,"4.4.3-4.4.4":0.157306285714},"10":{"7":0.012804},"11":{"0":0.000254148471616,"10":0,"11":0,"12":0,"11.1":0,"11.5":0,"12.1":0},"12":{"0":18.051291},"13":{"0":0.060528},"14":{"10":0.0292921165049,"11":0.138323883495},"15":{"0":0.3492},"16":{"0":2.93328},"17":{}}