{"1":{"6":0.0438353888889,"7":0.0438353888889,"8":0.416436194444,"9":0.356162534722,"10":0.273971180556,"11":7.52872804167},"2":{"12":0.064812,"13":0.318659,"14":2.765312},"3":{"3":0.021604,"11":0.010802,"12":0.005401,"16":0.010802,"21":0.016203,"24":0.010802,"25":0.005401,"27":0.005401,"28":0.010802,"29":0.010802,"30":0.005401,"31":0.032406,"33":0.016203,"34":0.005401,"35":0.016203,"36":0.027005,"37":0.021604,"38":0.081015,"39":0.021604,"40":0.021604,"41":0.043208,"42":0.021604,"43":0.097218,"44":0.027005,"45":0.243045,"46":0.124223,"47":0.383471,"48":0.356466,"49":0.334862,"50":4.990524,"51":0.037807,"3.6":0.016203},"4":{"10":0.005401,"11":0.016203,"18":0.016203,"21":0.010802,"22":0.005401,"23":0.010802,"25":0.010802,"27":0.027005,"29":0.016203,"31":0.016203,"32":0.016203,"33":0.016203,"34":0.027005,"35":0.016203,"36":0.043208,"37":0.037807,"38":0.043208,"39":0.037807,"40":0.048609,"41":0.151228,"42":0.086416,"43":0.27005,"44":0.124223,"45":0.086416,"46":0.059411,"47":0.064812,"48":0.194436,"49":1.036992,"50":0.189035,"51":0.783145,"52":0.399674,"53":0.599511,"54":13.345871,"55":10.558955,"56":0.064812,"57":0.05401},"5":{"4":0.027005,"5":0.048609,"6":0.010802,"7":0.048609,"8":0.210639,"9":0.232243,"10":3.056966,"5.1":0.129624,"6.1":0.081015,"7.1":0.016203,"9.1":1.204423},"6":{"28":0.010802,"36":0.010802,"37":0.005401,"38":0.091817,"39":0.005401,"41":0.118822,"42":0.043208,"10.0-10.1":0,"12.1":0.032406},"7":{"8":0,"3.2":0,"4.0-4.1":0,"4.2-4.3":0,"5.0-5.1":0,"6.0-6.1":0,"7.0-7.1":0.407227887202,"8.1-8.4":0.618201370933,"9.0-9.2":0.414587427332,"9.3":2.62735582646,"10.0-10.2":19.6818634881},"8":{"0":0.115371832049},"9":{"3":0,"4":0.0148457584459,"2.1":0,"2.2":0,"2.3":0,"4.1":0.0487789206081,"4.2-4.3":0.139671319257,"4.4":0.322062065878,"4.4.3-4.4.4":0.192085935811},"10":{"7":0.013797},"11":{"0":0.00880116795069,"10":0,"11":0,"12":0,"11.1":0,"11.5":0,"12.1":0},"12":{"0":17.866037},"13":{"0":0.059787},"14":{"10":0.0395514,"11":0.1582056},"15":{"0":0.344925},"16":{"0":2.98935}}