{"1":{"6":0.012788,"8":0.35167,"9":0.12788,"10":0.115092,"11":1.221254},"2":{"12":0.067276,"13":0.12232,"14":0.623832},"3":{"3":0.024464,"9":0.006116,"12":0.012232,"16":0.018348,"17":0.06116,"20":0.024464,"23":0.006116,"25":0.415888,"27":0.165132,"28":0.012232,"29":0.006116,"31":0.006116,"33":0.477048,"34":0.006116,"35":0.048928,"36":0.006116,"37":0.012232,"38":0.140668,"39":0.03058,"40":0.12232,"41":0.018348,"42":0.024464,"43":0.177364,"44":0.018348,"45":0.226292,"46":0.036696,"47":0.262988,"48":0.1529,"49":0.12232,"50":4.146648,"51":0.477048,"52":0.012232,"3.6":0.055044},"4":{"5":0.006116,"11":0.024464,"18":0.024464,"22":0.012232,"26":0.012232,"27":0.012232,"31":0.018348,"32":0.134552,"33":0.006116,"34":0.024464,"35":0.06116,"36":0.587136,"37":0.024464,"38":0.036696,"39":0.103972,"40":0.018348,"41":0.018348,"42":0.048928,"43":0.140668,"44":0.055044,"45":0.03058,"46":0.507628,"47":0.27522,"48":4.415752,"49":2.623764,"50":0.269104,"51":0.440352,"52":0.201828,"53":0.232408,"54":0.51986,"55":35.07526,"56":0.525976,"57":0.048928},"5":{"4":0.006116,"8":0.079508,"9":0.048928,"10":0.715572,"5.1":0.018348,"6.1":0.03058,"9.1":0.256872},"6":{"36":0.024464,"37":0.006116,"38":0.042812,"41":0.018348,"42":0.409772,"43":0.006116,"10.0-10.1":0,"12.1":0.012232},"7":{"8":0,"3.2":0,"4.0-4.1":0,"4.2-4.3":0,"5.0-5.1":0,"6.0-6.1":0.0204058930287,"7.0-7.1":0.095907697235,"8.1-8.4":0.115293295612,"9.0-9.2":0.0520350272232,"9.3":0.44790935198,"10.0-10.2":4.04699873492},"8":{"0":0.759797423581},"9":{"3":0,"4":0.0385372389034,"2.1":0,"2.2":0,"2.3":0,"4.1":0.124631070496,"4.2-4.3":0.379632800261,"4.4":0.860118374674,"4.4.3-4.4.4":0.481305515666},"10":{"7":0.02039625},"11":{"0":0.00166257641921,"10":0,"11":0,"12":0,"11.1":0,"11.5":0,"12.1":0},"12":{"0":27.864568},"13":{"0":0.0777},"14":{"10":0.37273368932,"11":1.76013131068},"15":{"0":0.151515},"16":{"0":1.993005}}