{"1":{"6":0.0126589352518,"7":0.0126589352518,"8":0.265837640288,"9":0.101271482014,"10":0.120259884892,"11":1.2469051223},"2":{"12":0.066286,"13":0.096416,"14":0.741198},"3":{"3":0.024104,"12":0.012052,"16":0.042182,"17":0.048208,"20":0.036156,"23":0.57247,"25":0.36156,"27":0.144624,"28":0.012052,"29":0.012052,"30":0.006026,"32":0.006026,"33":0.427846,"34":0.012052,"35":0.03013,"36":0.006026,"37":0.018078,"38":0.144624,"39":0.024104,"40":0.09039,"41":0.018078,"42":0.018078,"43":0.162702,"44":0.012052,"45":0.204884,"46":0.054234,"47":0.222962,"48":0.126546,"49":0.132572,"50":0.313352,"51":4.585786,"52":0.024104,"53":0.012052,"3.6":0.054234},"4":{"5":0.006026,"11":0.024104,"18":0.036156,"22":0.012052,"26":0.018078,"27":0.024104,"29":0.006026,"31":0.018078,"32":0.102442,"34":0.024104,"35":0.048208,"36":0.51221,"37":0.024104,"38":0.042182,"39":0.072312,"40":0.018078,"41":0.012052,"42":0.048208,"43":0.108468,"44":0.042182,"45":0.042182,"46":0.457976,"47":0.235014,"48":2.964792,"49":2.458608,"50":0.198858,"51":0.235014,"52":0.174754,"53":0.228988,"54":0.247066,"55":9.093234,"56":27.526768,"57":0.084364,"58":0.024104},"5":{"4":0.006026,"7":0.006026,"8":0.102442,"9":0.054234,"10":0.861718,"5.1":0.012052,"6.1":0.012052,"9.1":0.259118,"10.1":0.012052},"6":{"36":0.018078,"38":0.024104,"41":0.012052,"42":0.15065,"43":0.253092,"10.0-10.1":0,"12.1":0.012052},"7":{"8":0,"3.2":0,"4.0-4.1":0,"4.2-4.3":0,"5.0-5.1":0,"6.0-6.1":0.0262066246154,"7.0-7.1":0.11570472,"8.1-8.4":0.157734212308,"9.0-9.2":0.0311512707692,"9.3":0.427711892308,"10.0-10.2":3.90182028},"8":{"0":0.82854399345},"9":{"3":0,"4":0.0368245748299,"2.1":0,"2.2":0,"2.3":0,"4.1":0.11047372449,"4.2-4.3":0.355725392857,"4.4":0.785836426871,"4.4.3-4.4.4":0.443367880952},"10":{"7":0.011919},"11":{"0":0.00181300655022,"10":0,"11":0,"12":0,"11.1":0,"11.5":0,"12.1":0},"12":{"0":28.824091},"13":{"0":0.071514},"14":{"10":0.360347242718,"11":1.70163975728},"15":{"0":0.135082},"16":{"0":2.069933},"17":{}}