{"1":{"8":0.299710604651,"9":0.149855302326,"10":0.102174069767,"11":1.20565402326},"2":{"12":0.059238,"13":0.138222,"14":0.612126},"3":{"3":0.039492,"12":0.013164,"16":0.026328,"17":0.111894,"20":0.046074,"25":0.513396,"27":0.190878,"28":0.013164,"29":0.013164,"30":0.013164,"32":0.013164,"33":0.579216,"34":0.006582,"35":0.085566,"37":0.019746,"38":0.16455,"39":0.026328,"40":0.105312,"41":0.019746,"42":0.019746,"43":0.276444,"44":0.026328,"45":0.250116,"46":0.06582,"47":0.36201,"48":0.217206,"49":0.23037,"50":4.949664,"51":0.026328,"52":0.013164,"3.6":0.06582},"4":{"5":0.006582,"11":0.019746,"18":0.039492,"22":0.019746,"26":0.019746,"27":0.019746,"30":0.006582,"31":0.013164,"32":0.072402,"34":0.03291,"35":0.039492,"36":0.29619,"37":0.026328,"38":0.039492,"39":0.118476,"40":0.026328,"41":0.013164,"42":0.046074,"43":0.144804,"44":0.052656,"45":0.026328,"46":0.842496,"47":0.138222,"48":4.943082,"49":2.69862,"50":0.315936,"51":0.487068,"52":0.269862,"53":0.36201,"54":19.041726,"55":19.410318,"56":0.072402,"57":0.039492},"5":{"4":0,"8":0.092148,"9":0.06582,"10":0.82275,"5.1":0.019746,"6.1":0.026328,"9.1":0.276444},"6":{"36":0.03291,"37":0.03291,"38":0.072402,"41":0.276444,"42":0.151386,"10.0-10.1":0,"12.1":0.013164},"7":{"8":0,"3.2":0,"4.0-4.1":0,"4.2-4.3":0,"5.0-5.1":0,"6.0-6.1":0,"7.0-7.1":0.0633742251833,"8.1-8.4":0.0962066550976,"9.0-9.2":0.0645195425059,"9.3":0.408878284165,"10.0-10.2":3.06296029305},"8":{"0":0.844993469954},"9":{"3":0,"4":0.0391943302365,"2.1":0,"2.2":0,"2.3":0,"4.1":0.128781370777,"4.2-4.3":0.368746657939,"4.4":0.850277000845,"4.4.3-4.4.4":0.507126640203},"10":{"7":0.023933},"11":{"0":0.0644605300462,"10":0,"11":0,"12":0,"11.1":0,"11.5":0,"12.1":0},"12":{"0":24.389422},"13":{"0":0.099151},"14":{"10":0.420537,"11":1.682148},"15":{"0":0.153855},"16":{"0":1.767623}}