{"1":{"8":0.256536,"9":0.348156,"10":0.054972,"11":19.890702},"2":{"12":0.009162,"13":0.284022,"14":2.272176},"3":{"13":0.054972,"30":0.018324,"33":0.009162,"35":0.04581,"36":0.338994,"37":0.009162,"38":0.009162,"39":0.027486,"46":0.018324,"47":0.705474,"48":0.119106,"49":0.027486,"50":0.293184,"51":16.115958,"52":0.009162},"4":{"21":0.009162,"22":0.100782,"35":5.26815,"36":1.814076,"37":0.009162,"40":0.009162,"43":0.036648,"47":0.04581,"49":1.64916,"51":0.036648,"52":0.036648,"53":0.13743,"54":0.027486,"55":8.282448,"56":29.107674,"57":0.540558,"58":0.018324},"5":{"4":0,"5":0.027486,"7":0.009162,"8":0.018324,"9":0.018324,"10":2.189718,"5.1":0.09162,"7.1":0.054972,"9.1":0.623016},"6":{"42":0.054972,"43":0.119106,"10.0-10.1":0},"7":{"8":0,"3.2":0,"4.0-4.1":0,"4.2-4.3":0,"5.0-5.1":0,"6.0-6.1":0.0177656,"7.0-7.1":0.0784368,"8.1-8.4":0.1069288,"9.0-9.2":0.0211176,"9.3":0.289948,"10.0-10.2":2.6450632},"8":{"0":0.0225765982533},"9":{"3":0,"4":0.00995837585034,"2.1":0,"2.2":0,"2.3":0,"4.1":0.029875127551,"4.2-4.3":0.0961979107143,"4.4":0.212511740646,"4.4.3-4.4.4":0.119898845238},"10":{"7":0},"11":{"0":0.0000494017467249,"10":0,"11":0,"12":0,"11.1":0,"11.5":0,"12.1":0},"12":{"0":3.868096},"13":{},"14":{"10":0.0130337475728,"11":0.0615482524272},"15":{},"16":{"0":0.605874},"17":{}}