{"1":{"8":0.273544,"9":0.255896,"10":0.105888,"11":18.671584},"2":{"12":0.070592,"13":0.052944,"14":0.891224},"3":{"13":0.017648,"15":0.08824,"30":0.30884,"35":0.061768,"36":0.26472,"39":0.061768,"42":0.017648,"44":0.035296,"45":0.141184,"46":0.097064,"47":0.476496,"48":0.273544,"49":0.04412,"50":14.20664,"51":1.967752,"3.6":0.026472},"4":{"18":0.052944,"22":0.141184,"31":0.026472,"35":11.709448,"36":2.258944,"37":0.008824,"43":0.008824,"49":1.755976,"53":0.105888,"54":0.04412,"55":30.072192,"56":0.820632},"5":{"4":0,"9":0.008824,"10":1.755976,"5.1":0.070592,"7.1":0.017648,"9.1":0.432376},"6":{"42":0.123536,"10.0-10.1":0},"7":{"8":0,"3.2":0,"4.0-4.1":0,"4.2-4.3":0,"5.0-5.1":0,"6.0-6.1":0.0307088288673,"7.0-7.1":0.144331495676,"8.1-8.4":0.1735048831,"9.0-9.2":0.0783075136116,"9.3":0.674058793637,"10.0-10.2":6.09032848511},"8":{"0":0.0140811877729},"9":{"3":0,"4":0.0110399686684,"2.1":0,"2.2":0,"2.3":0,"4.1":0.0357037284595,"4.2-4.3":0.108755436031,"4.4":0.246402704961,"4.4.3-4.4.4":0.13788216188},"10":{"7":0.003528},"11":{"0":0.0000308122270742,"10":0,"11":0,"12":0,"11.1":0,"11.5":0,"12.1":0},"12":{"0":3.00116},"13":{},"14":{"10":0.0106867572816,"11":0.0504652427184},"15":{},"16":{"0":0.806736}}