{"1":{"8":0.277078,"9":0.545218,"10":0.518404,"11":22.908094},"2":{"12":0.151946,"13":0.125132,"14":2.341756},"3":{"4":0.008938,"15":0.080442,"21":0.017876,"30":1.179816,"32":0.035752,"33":0.017876,"35":0.035752,"36":0.187698,"38":0.026814,"39":0.026814,"42":0.062566,"43":0.008938,"46":0.22345,"47":0.008938,"48":0.420086,"49":0.169822,"50":17.11627,"3.6":0.053628},"4":{"16":0.017876,"18":0.026814,"22":0.125132,"31":0.053628,"37":0.017876,"41":0.008938,"43":0.071504,"49":2.50264,"50":0.04469,"52":0.13407,"53":0.71504,"54":21.8981,"55":13.523194,"56":0.241326},"5":{"4":0,"5":0.053628,"6":0.008938,"8":0.071504,"9":0.062566,"10":1.841228,"5.1":0.125132,"7.1":0.017876,"9.1":0.679288},"6":{"41":0.160884,"10.0-10.1":0},"7":{"8":0,"3.2":0,"4.0-4.1":0,"4.2-4.3":0,"5.0-5.1":0,"6.0-6.1":0,"7.0-7.1":0.0474008961884,"8.1-8.4":0.0719579869848,"9.0-9.2":0.0482575388906,"9.3":0.305821444685,"10.0-10.2":2.29094813325},"8":{"0":0.0818983636364},"9":{"3":0,"4":0.0066585785473,"2.1":0,"2.2":0,"2.3":0,"4.1":0.0218781866554,"4.2-4.3":0.0626449940878,"4.4":0.144450387669,"4.4.3-4.4.4":0.0861538530405},"10":{"7":0.001593},"11":{"0":0.00624763636364,"10":0,"11":0,"12":0,"11.1":0,"11.5":0,"12.1":0},"12":{"0":6.47979},"13":{},"14":{"10":0.0186912,"11":0.0747648},"15":{"0":0.0531},"16":{"0":0.68499}}