{"1":{"8":0.133584,"9":0.1518,"10":0.170016,"11":2.908488},"2":{"12":0.157872,"13":0.497904,"14":3.27888},"3":{"11":0.006072,"14":0.006072,"16":0.012144,"31":0.006072,"33":0.006072,"38":0.03036,"39":0.012144,"41":0.012144,"42":0.012144,"43":0.042504,"45":0.097152,"46":0.115368,"47":0.224664,"48":0.127512,"49":0.054648,"50":0.595056,"51":4.46292,"52":0.163944,"54":0.03036,"3.6":0.012144},"4":{"11":0.024288,"14":0.012144,"20":0.006072,"22":0.042504,"31":0.03036,"32":0.255024,"34":0.042504,"35":0.006072,"36":1.414776,"37":0.012144,"38":0.06072,"39":0.024288,"40":0.012144,"41":0.024288,"42":0.024288,"43":0.139656,"44":0.012144,"46":0.012144,"47":0.048576,"48":0.036432,"49":0.765072,"50":0.085008,"51":0.412896,"52":0.072864,"53":0.340032,"54":0.309672,"55":8.937984,"56":27.147912,"57":0.194304,"58":0.097152},"5":{"4":0,"7":0.042504,"8":0.066792,"9":0.085008,"10":1.080816,"5.1":0.115368,"6.1":0.036432,"7.1":0.012144,"9.1":0.54648},"6":{"37":0.012144,"38":0.036432,"41":0.024288,"42":0.279312,"43":0.406824,"10.0-10.1":0,"12.1":0.012144},"7":{"8":0,"3.2":0,"4.0-4.1":0,"4.2-4.3":0,"5.0-5.1":0,"6.0-6.1":0.0240040739523,"7.0-7.1":0.105980251034,"8.1-8.4":0.144477350769,"9.0-9.2":0.0285331445093,"9.3":0.391764603183,"10.0-10.2":3.57388957655},"8":{"0":1.03054597598},"9":{"3":0,"4":0.091746875,"2.1":0,"2.2":0,"2.3":0,"4.1":0.275240625,"4.2-4.3":0.8862748125,"4.4":1.9578783125,"4.4.3-4.4.4":1.104632375},"10":{"7":0.0883575},"11":{"0":0.00225502401747,"10":0,"11":0,"12":0,"11.1":0,"11.5":0,"12.1":0},"12":{"0":27.373335},"13":{"0":0.011781},"14":{"10":0.0981368737864,"11":0.463424126214},"15":{"0":0.891429},"16":{"0":3.027717},"17":{}}