{"1":{"8":0.08687,"9":0.1241,"10":0.291635,"11":2.674355},"2":{"12":0.85629,"13":0.67014,"14":3.46239},"3":{"11":0.01241,"16":0.018615,"36":0.02482,"38":0.07446,"41":0.006205,"42":0.01241,"43":0.043435,"44":0.01241,"45":0.068255,"46":0.21097,"47":0.403325,"48":0.17374,"49":0.06205,"50":3.977405,"51":0.639115,"52":0.03723,"3.6":0.01241},"4":{"11":0.043435,"14":0.006205,"18":0.01241,"22":0.043435,"29":0.006205,"31":0.02482,"32":0.1241,"34":0.02482,"35":0.01241,"36":1.9856,"37":0.01241,"38":0.06205,"39":0.01241,"40":0.018615,"41":0.02482,"42":0.01241,"43":0.117895,"44":0.02482,"45":0.018615,"46":0.01241,"47":0.02482,"48":0.09928,"49":1.073465,"50":0.068255,"51":0.45917,"52":0.117895,"53":0.31025,"54":0.353685,"55":35.076865,"56":0.57086,"57":0.16133},"5":{"4":0,"5":0.031025,"6":0.01241,"8":0.055845,"9":0.043435,"10":1.259615,"5.1":0.17374,"6.1":0.01241,"9.1":0.48399},"6":{"29":0.01241,"33":0.01241,"35":0.01241,"36":0.02482,"37":0.018615,"38":0.043435,"42":0.47158,"10.0-10.1":0,"12.1":0.01241},"7":{"8":0,"3.2":0,"4.0-4.1":0,"4.2-4.3":0,"5.0-5.1":0,"6.0-6.1":0.0168054446461,"7.0-7.1":0.0789855898367,"8.1-8.4":0.0949507622505,"9.0-9.2":0.0428538838475,"9.3":0.368879509982,"10.0-10.2":3.33293980944},"8":{"0":0.662674945415},"9":{"3":0,"4":0.106879288512,"2.1":0,"2.2":0,"2.3":0,"4.1":0.345652167102,"4.2-4.3":1.05287469321,"4.4":2.38545475849,"4.4.3-4.4.4":1.33485409269},"10":{"7":0.17457},"11":{"0":0.00145005458515,"10":0,"11":0,"12":0,"11.1":0,"11.5":0,"12.1":0},"12":{"0":25.83818},"13":{"0":0.026565},"14":{"10":0.10810223301,"11":0.51048276699},"15":{"0":1.104345},"16":{"0":2.721015}}