{"1":{"8":0.22117,"9":0.1301,"10":0.175635,"11":3.245995},"2":{"12":0.15612,"13":0.930215,"14":3.428135},"3":{"11":0.01301,"14":0.019515,"16":0.084565,"25":0.01301,"36":0.019515,"37":0.006505,"38":0.01301,"39":0.006505,"40":0.01301,"42":0.006505,"43":0.07806,"44":0.019515,"45":0.162625,"46":0.097575,"47":0.474865,"48":0.227675,"49":0.14311,"50":5.11293,"51":0.266705,"53":0.01301,"3.6":0.02602},"4":{"11":0.032525,"18":0.019515,"21":0.01301,"22":0.05204,"23":0.019515,"29":0.01301,"30":0.006505,"31":0.006505,"32":0.07806,"34":0.032525,"35":0.006505,"36":0.72856,"37":0.058545,"38":0.05204,"39":0.019515,"40":0.019515,"41":0.006505,"42":0.006505,"43":0.18214,"44":0.019515,"45":0.01301,"46":0.045535,"47":0.058545,"48":0.11709,"49":0.826135,"50":0.383795,"51":0.982255,"52":0.44234,"53":0.149615,"54":18.155455,"55":19.469465,"56":0.15612,"57":0.097575},"5":{"4":0.02602,"5":0.01301,"8":0.05204,"9":0.084565,"10":1.099345,"5.1":0.097575,"6.1":0.02602,"9.1":0.422825},"6":{"29":0.03903,"33":0.019515,"35":0.01301,"36":0.02602,"37":0.09107,"38":0.05204,"40":0.019515,"41":0.344765,"42":0.162625,"10.0-10.1":0,"12.1":0.01301},"7":{"8":0,"3.2":0,"4.0-4.1":0,"4.2-4.3":0,"5.0-5.1":0,"6.0-6.1":0,"7.0-7.1":0.062146089247,"8.1-8.4":0.0943422559653,"9.0-9.2":0.0632692113418,"9.3":0.400954587852,"10.0-10.2":3.00360285559},"8":{"0":0.870271155624},"9":{"3":0,"4":0.0794079349662,"2.1":0,"2.2":0,"2.3":0,"4.1":0.260911786318,"4.2-4.3":0.747082816723,"4.4":1.72266601774,"4.4.3-4.4.4":1.02744144426},"10":{"7":0.1450425},"11":{"0":0.066388844376,"10":0,"11":0,"12":0,"11.1":0,"11.5":0,"12.1":0},"12":{"0":25.121615},"13":{"0":0.03495},"14":{"10":0.096462,"11":0.385848},"15":{"0":0.842295},"16":{"0":2.736585}}