{"1":{"6":0.0153256302521,"7":0.0229884453782,"8":0.421454831933,"9":0.122605042017,"10":0.0996165966387,"11":1.14175945378},"2":{"12":0.065655,"13":0.10213,"14":0.430405},"3":{"2":0.065655,"3":0.02918,"5":0.01459,"8":0.532535,"11":0.01459,"12":0.01459,"13":0.007295,"14":0.007295,"16":0.01459,"20":0.007295,"21":0.007295,"23":0.065655,"24":0.007295,"25":0.007295,"26":0.065655,"27":0.853515,"28":0.007295,"29":0.021885,"30":0.021885,"31":0.021885,"32":0.01459,"33":0.021885,"34":0.01459,"35":0.02918,"36":0.01459,"37":0.02918,"38":0.05836,"39":0.051065,"40":0.094835,"41":0.04377,"42":0.036475,"43":0.16049,"44":0.036475,"45":0.226145,"46":0.051065,"47":0.37934,"48":0.35016,"49":0.16049,"50":0.45229,"51":7.32418,"52":0.080245,"53":0.01459,"3.5":0.01459,"3.6":0.211555},"4":{"6":0.065655,"11":0.04377,"12":0.007295,"13":0.01459,"18":0.021885,"20":0.02918,"21":0.01459,"22":0.01459,"23":0.007295,"24":0.02918,"25":0.01459,"26":0.021885,"27":0.04377,"29":0.021885,"30":0.021885,"31":0.02918,"32":0.094835,"33":0.021885,"34":0.02918,"35":0.13131,"36":0.4377,"37":0.065655,"38":0.051065,"39":0.05836,"40":0.109425,"41":0.02918,"42":0.036475,"43":0.20426,"44":0.080245,"45":0.065655,"46":0.1459,"47":0.138605,"48":0.094835,"49":5.36912,"50":0.138605,"51":0.824335,"52":0.386635,"53":0.4377,"54":0.42311,"55":10.512095,"56":34.716905,"57":0.10213,"58":0.051065},"5":{"4":0.01459,"5":0.021885,"7":0.01459,"8":0.036475,"9":0.036475,"10":0.444995,"5.1":0.01459,"6.1":0.01459,"7.1":0.007295,"9.1":0.17508},"6":{"36":0.051065,"38":0.051065,"39":0.007295,"40":0.007295,"41":0.007295,"42":0.21885,"43":0.401225,"10.0-10.1":0,"12.1":0.02918},"7":{"8":0,"3.2":0,"4.0-4.1":0,"4.2-4.3":0,"5.0-5.1":0,"6.0-6.1":0.0109175613793,"7.0-7.1":0.0482020634483,"8.1-8.4":0.06571136,"9.0-9.2":0.0129774786207,"9.3":0.178182841379,"10.0-10.2":1.62548069517},"8":{"0":2.63873795633},"9":{"3":0,"4":0.114736054422,"2.1":0,"2.2":0,"2.3":0,"4.1":0.344208163265,"4.2-4.3":1.10835028571,"4.4":2.44846740136,"4.4.3-4.4.4":1.38142209524},"10":{"7":0.258908},"11":{"0":0.00577404366812,"10":0,"11":0,"12":0,"11.1":0,"11.5":0,"12.1":0},"12":{"0":15.109899},"13":{"0":0.062192},"14":{"10":0.101596893204,"11":0.479763106796},"15":{"0":0.367744},"16":{"0":0.719264},"17":{}}