{"1":{"6":0.0230816546763,"7":0.0307755395683,"8":0.477020863309,"9":0.14618381295,"10":0.14618381295,"11":1.31565431655},"2":{"12":0.07325,"13":0.1465,"14":0.4102},"3":{"2":0.0879,"3":0.051275,"4":0.007325,"8":0.710525,"11":0.01465,"12":0.01465,"13":0.01465,"14":0.01465,"16":0.021975,"20":0.01465,"21":0.007325,"23":0.051275,"24":0.01465,"25":0.01465,"26":0.0879,"27":0.944925,"28":0.01465,"29":0.036625,"30":0.021975,"31":0.0293,"32":0.01465,"33":0.021975,"34":0.021975,"35":0.0293,"36":0.0293,"37":0.036625,"38":0.07325,"39":0.07325,"40":0.095225,"41":0.04395,"42":0.051275,"43":0.2637,"44":0.0586,"45":0.24905,"46":0.1172,"47":0.593325,"48":0.373575,"49":0.33695,"50":7.669275,"51":0.080575,"52":0.01465,"3.5":0.01465,"3.6":0.30765},"4":{"6":0.080575,"11":0.04395,"12":0.021975,"13":0.01465,"18":0.021975,"20":0.04395,"21":0.01465,"22":0.01465,"23":0.007325,"24":0.0293,"25":0.021975,"26":0.021975,"27":0.065925,"28":0.007325,"29":0.021975,"30":0.0293,"31":0.0293,"32":0.0586,"33":0.021975,"34":0.0293,"35":0.07325,"36":0.2051,"37":0.0586,"38":0.0586,"39":0.07325,"40":0.10255,"41":0.0293,"42":0.036625,"43":0.2051,"44":0.095225,"45":0.0879,"46":0.1465,"47":0.1758,"48":0.1172,"49":5.5377,"50":0.2051,"51":1.1427,"52":0.51275,"53":0.65925,"54":21.616075,"55":21.28645,"56":0.10255,"57":0.0293},"5":{"4":0.01465,"5":0.021975,"7":0.01465,"8":0.04395,"9":0.036625,"10":0.358925,"5.1":0.021975,"6.1":0.01465,"7.1":0.007325,"9.1":0.168475},"6":{"33":0.007325,"36":0.051275,"37":0.0293,"38":0.10255,"39":0.01465,"40":0.021975,"41":0.388225,"42":0.21975,"10.0-10.1":0,"12.1":0.021975},"7":{"8":0,"3.2":0,"4.0-4.1":0,"4.2-4.3":0,"5.0-5.1":0,"6.0-6.1":0,"7.0-7.1":0.0346763557484,"8.1-8.4":0.0526412147505,"9.0-9.2":0.0353030368764,"9.3":0.22372516269,"10.0-10.2":1.67595422993},"8":{"0":2.42326560092},"9":{"3":0,"4":0.117624313767,"2.1":0,"2.2":0,"2.3":0,"4.1":0.386479888091,"4.2-4.3":1.10662874789,"4.4":2.55172745988,"4.4.3-4.4.4":1.52191459037},"10":{"7":0.31631875},"11":{"0":0.184859399076,"10":0,"11":0,"12":0,"11.1":0,"11.5":0,"12.1":0},"12":{"0":14.880475},"13":{"0":0.0749},"14":{"10":0.13589,"11":0.54356},"15":{"0":0.366475},"16":{"0":0.730275}}