{"1":{"6":0.018628805,"7":0.0434672116667,"8":0.471929726667,"9":0.490558531667,"10":0.33531849,"11":6.091619235},"2":{"12":0.511615,"13":1.029249,"14":5.362929},"3":{"3":0.054171,"4":0.042133,"17":0.012038,"18":0.012038,"19":0.012038,"20":0.006019,"21":0.066209,"22":0.024076,"23":0.018057,"24":0.024076,"25":0.012038,"28":0.006019,"29":0.018057,"31":0.024076,"32":0.048152,"36":0.006019,"37":0.006019,"38":0.012038,"41":0.018057,"43":0.042133,"44":0.012038,"45":0.036114,"46":0.096304,"47":0.192608,"48":0.559767,"49":0.096304,"50":4.285528,"51":0.018057},"4":{"18":0.024076,"20":0.018057,"22":0.036114,"27":0.054171,"31":0.024076,"32":0.054171,"34":0.018057,"36":0.126399,"37":0.066209,"38":0.006019,"39":0.012038,"40":0.018057,"41":0.096304,"42":0.126399,"43":0.186589,"44":0.012038,"45":0.535691,"46":0.042133,"47":0.108342,"48":0.024076,"49":2.377505,"50":0.138437,"51":0.415311,"52":0.198627,"53":0.349102,"54":14.620151,"55":12.206532,"56":0.018057,"57":0.006019},"5":{"4":0.012038,"5":0.018057,"7":0.036114,"8":0.138437,"9":0.138437,"10":2.937272,"5.1":0.138437,"6.1":0.030095,"7.1":0.012038,"9.1":0.975078},"6":{"11":0.024076,"12":0.018057,"29":0.228722,"37":0.018057,"38":0.096304,"39":0.150475,"41":0.276874,"42":0.150475,"10.0-10.1":0,"11.1":0.036114,"11.5":0.024076,"11.6":0.024076,"12.1":0.018057},"7":{"8":0,"3.2":0,"4.0-4.1":0,"4.2-4.3":0,"5.0-5.1":0,"6.0-6.1":0,"7.0-7.1":0.252701726268,"8.1-8.4":0.383619488069,"9.0-9.2":0.257268624935,"9.3":1.6303828243,"10.0-10.2":12.2134093364},"8":{"0":0.31817959322},"9":{"3":0,"4":0.0316407567568,"2.1":0,"2.2":0,"2.3":0,"4.1":0.103962486486,"4.2-4.3":0.297681405405,"4.4":0.686410702703,"4.4.3-4.4.4":0.409392648649},"10":{"7":0.031856},"11":{"0":0.0242724067797,"10":0,"11":0,"12":0,"11.1":0,"11.5":0,"12.1":0},"12":{"0":19.587827},"13":{},"14":{"10":0.0899932,"11":0.3599728},"15":{"0":0.103532},"16":{"0":4.515588}}