{"1":{"6":0.0059979253112,"7":0.0239917012448,"8":0.335883817427,"9":0.719751037344,"10":0.14994813278,"11":5.99192738589},"2":{"12":0.2124,"13":0.767,"14":5.5401},"3":{"3":0.0118,"28":0.0118,"29":0.0177,"30":0.0059,"31":0.0177,"35":0.0059,"37":0.0118,"38":0.1062,"42":0.0118,"43":0.0708,"45":0.0413,"46":0.0826,"47":0.4366,"48":0.1475,"49":0.0649,"50":0.2891,"51":7.5225,"52":0.0531},"4":{"12":0.0177,"16":0.0059,"18":0.4366,"20":0.0059,"21":0.0118,"27":0.0059,"29":0.0059,"31":0.0177,"32":0.3009,"33":0.0177,"34":0.0177,"37":0.0059,"38":0.0118,"39":0.0295,"40":0.0177,"41":0.0413,"42":0.0767,"43":0.2714,"44":0.0177,"45":0.0177,"46":0.0059,"47":0.0472,"48":0.0236,"49":1.6697,"50":0.1239,"51":1.1977,"52":0.4484,"53":0.2832,"54":0.0708,"55":7.8942,"56":16.874,"57":0.0118,"58":0.0354},"5":{"4":0,"5":0.0177,"7":0.0295,"8":0.3776,"9":0.1652,"10":2.2243,"5.1":0.0413,"6.1":0.0177,"7.1":0.0236,"9.1":0.7965},"6":{"29":0.0295,"38":0.3717,"42":0.059,"43":0.1475,"9.5-9.6":0.0059,"10.0-10.1":0},"7":{"8":0,"3.2":0,"4.0-4.1":0,"4.2-4.3":0,"5.0-5.1":0,"6.0-6.1":0.0779934054111,"7.0-7.1":0.344348242759,"8.1-8.4":0.469432006154,"9.0-9.2":0.0927091422812,"9.3":1.27291123926,"10.0-10.2":11.6121879641},"8":{"0":0.707923932314},"9":{"3":0,"4":0.0230158163265,"2.1":0,"2.2":0,"2.3":0,"4.1":0.0690474489796,"4.2-4.3":0.222332785714,"4.4":0.491157520408,"4.4.3-4.4.4":0.277110428571},"10":{"7":0.00307575},"11":{"0":0.00154906768559,"10":0,"11":0,"12":0,"11.1":0,"11.5":0,"12.1":0},"12":{"0":17.78257},"13":{},"14":{"10":0.0236504271845,"11":0.111682572816},"15":{"0":0.069717},"16":{"0":8.349636},"17":{}}