{"1":{"7":0.01242540625,"8":0.36033678125,"9":0.53429246875,"10":0.21123190625,"11":6.8339734375},"2":{"12":0.289285,"13":1.07097,"14":5.619515},"3":{"3":0.01231,"4":0.01231,"5":0.01231,"11":0.02462,"33":0.01231,"36":0.01231,"38":0.03693,"41":0.006155,"43":0.04924,"44":0.01231,"45":0.043085,"46":0.116945,"47":0.264665,"48":0.16003,"49":0.116945,"50":4.043835,"51":0.46778,"3.6":0.006155},"4":{"11":0.006155,"12":0.01231,"18":0.09848,"20":0.01231,"22":0.01231,"23":0.01231,"24":0.03693,"29":0.006155,"30":0.006155,"31":0.055395,"32":0.25851,"33":0.01231,"35":0.006155,"36":0.01231,"39":0.04924,"41":0.067705,"42":0.06155,"43":0.215425,"44":0.018465,"45":0.018465,"47":0.06155,"48":0.04924,"49":1.163295,"50":0.1231,"51":1.04635,"52":0.14772,"53":0.264665,"54":0.75091,"55":27.001985,"56":0.16003,"57":0.01231},"5":{"4":0,"5":0.02462,"7":0.006155,"8":0.486245,"9":0.17234,"10":2.49893,"5.1":0.178495,"6.1":0.01231,"7.1":0.018465,"9.1":1.311015},"6":{"29":0.178495,"35":0.01231,"38":0.14772,"41":0.006155,"42":0.23389,"10.0-10.1":0},"7":{"8":0,"3.2":0,"4.0-4.1":0,"4.2-4.3":0,"5.0-5.1":0,"6.0-6.1":0.0553660296787,"7.0-7.1":0.26022033949,"8.1-8.4":0.312818067684,"9.0-9.2":0.141183375681,"9.3":1.21528435145,"10.0-10.2":10.980467836},"8":{"0":0.521778253275},"9":{"3":0,"4":0.0265803611836,"2.1":0,"2.2":0,"2.3":0,"4.1":0.0859620191471,"4.2-4.3":0.261844834639,"4.4":0.593251040035,"4.4.3-4.4.4":0.331971744996},"10":{"7":0.0211475},"11":{"0":0.00114174672489,"10":0,"11":0,"12":0,"11.1":0,"11.5":0,"12.1":0},"12":{"0":21.26423},"13":{"0":0.011535},"14":{"10":0.0490517475728,"11":0.231633252427},"15":{"0":0.35374},"16":{"0":4.248725}}