{"1":{"8":0.10758,"9":0.355014,"10":0.478731,"11":7.223997},"2":{"12":0.16137,"13":0.365772,"14":6.626928},"3":{"10":0.016137,"15":0.010758,"21":0.005379,"30":0.010758,"32":0.005379,"34":0.016137,"38":0.010758,"41":0.016137,"43":0.021516,"45":0.032274,"46":0.010758,"47":0.096822,"48":0.134475,"49":0.037653,"50":0.392667,"51":6.196608,"52":0.043032},"4":{"11":0.010758,"23":0.021516,"28":0.010758,"34":0.010758,"35":0.005379,"37":0.005379,"38":0.016137,"39":0.016137,"41":0.005379,"43":0.043032,"44":0.010758,"45":0.010758,"46":0.010758,"47":0.021516,"48":0.026895,"49":0.844503,"50":0.010758,"51":0.209781,"52":0.188265,"53":0.242055,"54":0.080685,"55":6.363357,"56":16.927713,"57":0.242055,"58":0.069927},"5":{"4":0,"5":0.005379,"7":0.016137,"8":0.199023,"9":0.193644,"10":3.512487,"5.1":0.145233,"6.1":0.043032,"7.1":0.010758,"9.1":1.000494,"10.1":0.016137},"6":{"36":0.016137,"42":0.021516,"43":0.080685,"10.0-10.1":0},"7":{"8":0,"3.2":0,"4.0-4.1":0,"4.2-4.3":0,"5.0-5.1":0,"6.0-6.1":0.133019591194,"7.0-7.1":0.587294044138,"8.1-8.4":0.800627350769,"9.0-9.2":0.158117627268,"9.3":2.17098012042,"10.0-10.2":19.8048602662},"8":{"0":0.165992777293},"9":{"3":0,"4":0.0197453443878,"2.1":0,"2.2":0,"2.3":0,"4.1":0.0592360331633,"4.2-4.3":0.190740026786,"4.4":0.421365649235,"4.4.3-4.4.4":0.237733946429},"10":{"7":0.0023105},"11":{"0":0.000363222707424,"10":0,"11":0,"12":0,"11.1":0,"11.5":0,"12.1":0},"12":{"0":15.978368},"13":{"0":0.013863},"14":{"10":0.0605665048544,"11":0.286008495146},"15":{"0":0.221808},"16":{"0":4.916744},"17":{}}