{"1":{"7":0.005193,"8":0.114246,"9":0.368703,"10":0.140211,"11":6.621075},"2":{"12":0.181755,"13":0.669897,"14":4.595805},"3":{"2":0.005193,"10":0.015579,"12":0.005193,"15":0.020772,"21":0.010386,"30":0.010386,"32":0.010386,"37":0.005193,"38":0.015579,"40":0.010386,"41":0.010386,"42":0.005193,"43":0.057123,"45":0.041544,"46":0.010386,"47":0.249264,"48":0.129825,"49":0.181755,"50":5.494194,"51":0.041544,"3.6":0.005193},"4":{"11":0.010386,"18":0.025965,"22":0.005193,"28":0.005193,"32":0.005193,"34":0.005193,"35":0.010386,"36":0.072702,"37":0.010386,"38":0.015579,"39":0.015579,"40":0.005193,"41":0.025965,"42":0.020772,"43":0.10386,"44":0.109053,"45":0.010386,"46":0.015579,"47":0.025965,"48":0.233685,"49":1.0386,"50":0.041544,"51":0.249264,"52":0.456984,"53":0.57123,"54":11.689443,"55":11.653092,"56":0.218106,"57":0.036351},"5":{"4":0.010386,"5":0.015579,"7":0.025965,"8":0.249264,"9":1.023021,"10":2.290113,"5.1":0.140211,"6.1":0.057123,"7.1":0.015579,"9.1":0.955512},"6":{"28":0.010386,"38":0.015579,"41":0.05193,"42":0.020772,"10.0-10.1":0},"7":{"8":0,"3.2":0,"4.0-4.1":0,"4.2-4.3":0,"5.0-5.1":0,"6.0-6.1":0,"7.0-7.1":0.429931803739,"8.1-8.4":0.652667557484,"9.0-9.2":0.437701655614,"9.3":2.77383711931,"10.0-10.2":20.7791738639},"8":{"0":0.0267977288136},"9":{"3":0,"4":0.0231763171453,"2.1":0,"2.2":0,"2.3":0,"4.1":0.0761507563345,"4.2-4.3":0.218046575591,"4.4":0.502784186233,"4.4.3-4.4.4":0.299873164696},"10":{"7":0.009614},"11":{"0":0.00204427118644,"10":0,"11":0,"12":0,"11.1":0,"11.5":0,"12.1":0},"12":{"0":16.638818},"13":{"0":0.033649},"14":{"10":0.067298,"11":0.269192},"15":{"0":0.067298},"16":{"0":4.821421}}