{"1":{"8":0.084176,"9":0.252528,"10":0.099959,"11":7.307529},"2":{"12":0.236745,"13":0.536622,"14":5.139997},"3":{"10":0.021044,"11":0.005261,"21":0.010522,"23":0.010522,"32":0.005261,"38":0.005261,"39":0.005261,"40":0.005261,"41":0.015783,"43":0.031566,"45":0.031566,"47":0.084176,"48":0.10522,"49":0.047349,"50":5.860754,"51":0.615537,"52":0.005261},"4":{"18":0.010522,"32":0.042088,"34":0.005261,"38":0.021044,"39":0.010522,"41":0.010522,"42":0.015783,"43":0.026305,"44":0.010522,"45":0.010522,"46":0.063132,"47":0.026305,"48":0.05261,"49":0.726018,"50":0.015783,"51":0.257789,"52":0.378792,"53":0.373531,"54":0.320921,"55":21.733191,"56":0.357748,"57":0.068393},"5":{"4":0.015783,"5":0.005261,"7":0.010522,"8":0.363009,"9":0.799672,"10":2.704154,"5.1":0.173613,"6.1":0.084176,"7.1":0.021044,"9.1":1.815045},"6":{"28":0.010522,"29":0.115742,"34":0.005261,"37":0.005261,"42":0.047349,"10.0-10.1":0},"7":{"8":0,"3.2":0,"4.0-4.1":0,"4.2-4.3":0,"5.0-5.1":0,"6.0-6.1":0.0997279470481,"7.0-7.1":0.468721351126,"8.1-8.4":0.563462900822,"9.0-9.2":0.254306264973,"9.3":2.18902843771,"10.0-10.2":19.7785450983},"8":{"0":0.033100569869},"9":{"3":0,"4":0.0229711579634,"2.1":0,"2.2":0,"2.3":0,"4.1":0.0742897023499,"4.2-4.3":0.226290343342,"4.4":0.512696695822,"4.4.3-4.4.4":0.286895100522},"10":{"7":0.0071085},"11":{"0":0.0000724301310044,"10":0,"11":0,"12":0,"11.1":0,"11.5":0,"12.1":0},"12":{"0":16.80216},"13":{"0":0.042651},"14":{"10":0.0737075533981,"11":0.348063446602},"15":{"0":0.146909},"16":{"0":5.625193}}