{"1":{"6":0.0185963309353,"7":0.0247951079137,"8":0.644672805755,"9":0.111577985612,"10":0.23555352518,"11":0.688064244604},"2":{"12":0.027975,"13":0.15666,"14":0.30213},"3":{"3":0.039165,"5":0.005595,"6":0.005595,"12":0.01119,"20":0.005595,"22":0.01119,"23":0.005595,"26":0.005595,"29":0.01119,"30":0.005595,"33":0.01119,"34":0.005595,"35":0.02238,"36":0.027975,"37":0.01119,"38":0.07833,"39":0.02238,"40":0.016785,"41":0.02238,"42":0.02238,"43":0.229395,"44":0.02238,"45":0.162255,"46":0.17904,"47":0.86163,"48":0.430815,"49":0.072735,"50":2.747145,"51":0.195825,"52":0.01119,"3.6":0.01119},"4":{"11":0.016785,"17":0.01119,"18":0.005595,"19":0.005595,"20":0.005595,"21":0.01119,"22":0.016785,"23":0.005595,"26":0.01119,"28":0.01119,"29":0.02238,"30":0.01119,"31":0.039165,"32":0.016785,"33":0.01119,"34":0.02238,"35":0.01119,"36":0.04476,"37":0.005595,"38":0.03357,"39":0.06714,"40":0.005595,"41":0.07833,"42":0.04476,"43":0.30213,"44":0.07833,"45":0.06714,"46":0.274155,"47":0.10071,"48":0.13428,"49":2.22681,"50":0.36927,"51":2.333115,"52":0.374865,"53":0.38046,"54":0.497955,"55":22.553445,"56":0.274155,"57":0.04476},"5":{"4":0.016785,"5":0.016785,"7":0.03357,"8":0.07833,"9":0.072735,"10":0.64902,"5.1":0.016785,"7.1":0.01119,"9.1":0.23499},"6":{"36":0.005595,"38":0.374865,"39":0.016785,"40":0.005595,"41":0.005595,"42":0.16785,"10.0-10.1":0,"12.1":0.016785},"7":{"8":0,"3.2":0,"4.0-4.1":0,"4.2-4.3":0,"5.0-5.1":0,"6.0-6.1":0.0738508807516,"7.0-7.1":0.347099139532,"8.1-8.4":0.417257476246,"9.0-9.2":0.188319745917,"9.3":1.6210268325,"10.0-10.2":14.6464759251},"8":{"0":0.646121168122},"9":{"3":0,"4":0.0384699499565,"2.1":0,"2.2":0,"2.3":0,"4.1":0.124413455178,"4.2-4.3":0.37896993255,"4.4":0.858616542646,"4.4.3-4.4.4":0.480465119669},"10":{"7":0.0682775},"11":{"0":0.00141383187773,"10":0,"11":0,"12":0,"11.1":0,"11.5":0,"12.1":0},"12":{"0":19.599225},"13":{"0":0.02643},"14":{"10":0.206307961165,"11":0.974232038835},"15":{"0":1.625445},"16":{"0":1.537345}}