{"1":{"6":0.0174716351351,"7":0.0291193918919,"8":0.39602372973,"9":0.122301445946,"10":0.145596959459,"11":0.582387837838},"2":{"12":0.046359,"13":0.10302,"14":0.319362},"3":{"3":0.025755,"12":0.010302,"22":0.010302,"26":0.010302,"29":0.005151,"30":0.005151,"31":0.005151,"33":0.015453,"35":0.025755,"36":0.025755,"37":0.010302,"38":0.041208,"39":0.020604,"40":0.020604,"41":0.025755,"42":0.020604,"43":0.113322,"44":0.010302,"45":0.077265,"46":0.082416,"47":0.427533,"48":0.175134,"49":0.061812,"50":0.242097,"51":2.415819,"52":0.092718,"53":0.015453,"3.6":0.010302},"4":{"11":0.010302,"17":0.010302,"18":0.005151,"22":0.010302,"23":0.010302,"26":0.005151,"28":0.005151,"29":0.015453,"30":0.010302,"31":0.030906,"32":0.015453,"33":0.010302,"34":0.025755,"35":0.010302,"36":0.036057,"37":0.010302,"38":0.020604,"39":0.030906,"40":0.005151,"41":0.097869,"42":0.036057,"43":0.216342,"44":0.061812,"45":0.05151,"46":0.231795,"47":0.283305,"48":0.113322,"49":1.5453,"50":0.190587,"51":1.122918,"52":0.298758,"53":0.303909,"54":0.273003,"55":4.641051,"56":18.569355,"57":0.118473,"58":0.046359},"5":{"4":0.015453,"5":0.010302,"7":0.190587,"8":0.061812,"9":0.072114,"10":0.685083,"5.1":0.010302,"6.1":0.005151,"7.1":0.005151,"9.1":0.216342,"10.1":0.005151},"6":{"36":0.005151,"38":0.159681,"39":0.010302,"42":0.092718,"43":0.139077,"10.0-10.1":0,"12.1":0.015453},"7":{"8":0,"3.2":0,"4.0-4.1":0,"4.2-4.3":0,"5.0-5.1":0,"6.0-6.1":0.11624172,"7.0-7.1":0.51321816,"8.1-8.4":0.69964356,"9.0-9.2":0.13817412,"9.3":1.8971526,"10.0-10.2":17.30685684},"8":{"0":0.479002853712},"9":{"3":0,"4":0.0324709821429,"2.1":0,"2.2":0,"2.3":0,"4.1":0.0974129464286,"4.2-4.3":0.3136696875,"4.4":0.692930758929,"4.4.3-4.4.4":0.390950625},"10":{"7":0.04242875},"11":{"0":0.00104814628821,"10":0,"11":0,"12":0,"11.1":0,"11.5":0,"12.1":0},"12":{"0":22.230466},"13":{"0":0.019396},"14":{"10":0.154226446602,"11":0.728291553398},"15":{"0":1.4547},"16":{"0":1.032837},"17":{}}