{"1":{"6":0.0133511538462,"7":0.0133511538462,"8":0.480641538462,"9":0.126835961538,"10":0.267023076923,"11":0.834447115385},"2":{"12":0.041895,"13":0.161595,"14":0.305235},"3":{"3":0.03591,"5":0.005985,"6":0.005985,"12":0.01197,"15":0.005985,"19":0.005985,"20":0.005985,"22":0.01197,"23":0.005985,"29":0.01197,"30":0.005985,"33":0.017955,"35":0.017955,"36":0.029925,"37":0.01197,"38":0.113715,"39":0.05985,"40":0.02394,"41":0.017955,"42":0.029925,"43":0.233415,"44":0.03591,"45":0.15561,"46":0.19152,"47":0.87381,"48":0.436905,"49":0.161595,"50":3.249855,"51":0.05985,"52":0.005985,"3.5":0.005985,"3.6":0.017955},"4":{"11":0.017955,"17":0.01197,"18":0.005985,"19":0.005985,"20":0.005985,"21":0.005985,"22":0.02394,"23":0.01197,"26":0.01197,"28":0.01197,"29":0.02394,"30":0.005985,"31":0.03591,"32":0.02394,"33":0.01197,"34":0.02394,"35":0.005985,"36":0.029925,"37":0.01197,"38":0.03591,"39":0.04788,"40":0.01197,"41":0.077805,"42":0.03591,"43":0.293265,"44":0.07182,"45":0.065835,"46":0.26334,"47":0.125685,"48":0.161595,"49":2.38203,"50":0.377055,"51":2.29824,"52":0.377055,"53":0.436905,"54":10.79694,"55":14.561505,"56":0.1197,"57":0.03591},"5":{"4":0.017955,"5":0.01197,"7":0.041895,"8":0.08379,"9":0.101745,"10":0.676305,"5.1":0.017955,"6.1":0.005985,"7.1":0.005985,"9.1":0.281295},"6":{"36":0.005985,"37":0.017955,"38":0.3591,"40":0.005985,"41":0.10773,"42":0.07182,"10.0-10.1":0,"12.1":0.01197},"7":{"8":0,"3.2":0,"4.0-4.1":0,"4.2-4.3":0,"5.0-5.1":0,"6.0-6.1":0,"7.0-7.1":0.251209698172,"8.1-8.4":0.381354481562,"9.0-9.2":0.255749632476,"9.3":1.62075654664,"10.0-10.2":12.1412976412},"8":{"0":0.48134451772},"9":{"3":0,"4":0.0395562432432,"2.1":0,"2.2":0,"2.3":0,"4.1":0.129970513514,"4.2-4.3":0.372151594595,"4.4":0.858128297297,"4.4.3-4.4.4":0.511809351351},"10":{"7":0.073292},"11":{"0":0.0367194822804,"10":0,"11":0,"12":0,"11.1":0,"11.5":0,"12.1":0},"12":{"0":18.93965},"13":{"0":0.024096},"14":{"10":0.2401568,"11":0.9606272},"15":{"0":1.329296},"16":{"0":1.44576}}