{"1":{"8":1.24023580412,"9":0.181965098675,"10":0.186753653903,"11":4.8939034433},"2":{"12":0.148118,"13":0.16723,"14":1.79175},"3":{"6":0.019112,"7":0.009556,"9":0.019112,"12":0.009556,"15":0.019112,"18":0.009556,"19":0.014334,"20":0.038224,"28":0.004778,"29":0.014334,"32":0.100338,"33":0.009556,"34":0.086004,"36":0.014334,"37":0.004778,"38":0.04778,"40":0.04778,"41":0.014334,"42":0.014334,"43":0.14334,"44":0.129006,"45":0.043002,"46":0.028668,"47":0.391796,"48":0.69281,"49":0.186342,"50":6.134952,"51":1.12283,"52":0.086004,"3.6":0.038224},"4":{"12":0.014334,"20":0.033446,"24":0.014334,"25":0.616362,"27":0.02389,"28":0.004778,"31":0.019112,"32":0.009556,"33":0.004778,"34":0.210232,"36":0.009556,"40":0.009556,"43":0.100338,"44":0.009556,"45":0.057336,"46":0.009556,"47":0.090782,"49":0.434798,"50":0.028668,"51":0.057336,"52":0.186342,"53":0.205454,"54":0.320126,"55":23.034738,"56":0.26279,"57":0.100338},"5":{"4":0,"8":0.019112,"9":0.09556,"10":1.251836,"5.1":0.009556,"6.1":0.019112,"9.1":0.277124},"6":{"41":0.062114,"42":0.019112,"10.0-10.1":0,"12.1":0.004778},"7":{"8":0,"3.2":0,"4.0-4.1":0,"4.2-4.3":0,"5.0-5.1":0,"6.0-6.1":0.0272946642468,"7.0-7.1":0.12828492196,"8.1-8.4":0.154214852995,"9.0-9.2":0.0696013938294,"9.3":0.599117880218,"10.0-10.2":5.41321428675},"8":{"0":0.390794868996},"9":{"3":0,"4":0.122076180157,"2.1":0,"2.2":0,"2.3":0,"4.1":0.394799561358,"4.2-4.3":1.20258024282,"4.4":2.72463644648,"4.4.3-4.4.4":1.52465356919},"10":{"7":0.002611},"11":{"0":0.000855131004367,"10":0,"11":0,"12":0,"11.1":0,"11.5":0,"12.1":0},"12":{"0":32.905738},"13":{"0":2.005248},"14":{"10":0.134149631068,"11":0.633484368932},"15":{"0":2.026136},"16":{"0":3.242862}}