{"1":{"7":0.00526474708171,"8":1.77948451362,"9":0.273766848249,"10":0.315884824903,"11":4.39079906615},"2":{"12":0.2704,"13":0.4784,"14":1.6692},"3":{"6":0.0676,"10":0.0104,"12":0.0156,"14":0.0208,"15":0.0104,"16":0.0416,"18":0.1352,"20":0.0364,"21":0.0208,"24":0.0208,"25":0.0052,"29":0.0572,"32":0.0988,"34":0.0676,"35":0.052,"37":0.0104,"38":0.0832,"39":0.0156,"40":0.0832,"42":0.0104,"43":0.286,"44":0.1872,"45":0.0624,"46":0.0312,"47":1.2012,"48":0.5148,"49":0.3484,"50":9.5524,"51":1.3156,"3.5":0.0312,"3.6":0.0728},"4":{"11":0.0052,"18":0.0104,"24":0.0468,"25":0.0052,"27":0.0104,"28":0.0104,"31":0.0104,"33":0.0052,"34":0.0208,"36":0.1508,"38":0.0312,"40":0.0104,"41":0.0208,"42":0.0104,"43":0.1456,"44":0.026,"45":0.1508,"46":0.0208,"47":0.052,"48":0.0156,"49":0.6708,"50":0.0416,"51":0.2704,"52":0.2184,"53":0.3172,"54":10.9564,"55":9.8852,"56":0.0572,"57":0.0104},"5":{"4":0,"5":0.0104,"7":0.0364,"8":0.0104,"9":0.234,"10":1.1336,"5.1":0.1248,"6.1":0.0312,"9.1":0.6084},"6":{"31":0.0156,"36":0.0156,"40":0.0416,"41":0.1716,"42":0.026,"10.0-10.1":0},"7":{"8":0,"3.2":0,"4.0-4.1":0,"4.2-4.3":0,"5.0-5.1":0,"6.0-6.1":0,"7.0-7.1":0.0759521931619,"8.1-8.4":0.11530091974,"9.0-9.2":0.0773248231588,"9.3":0.490028908894,"10.0-10.2":3.67087015505},"8":{"0":0.20064848228},"9":{"3":0,"4":0.146274249578,"2.1":0,"2.2":0,"2.3":0,"4.1":0.48061539147,"4.2-4.3":1.37617202154,"4.4":3.17325565921,"4.4.3-4.4.4":1.89260967821},"10":{"7":0.00119975},"11":{"0":0.0153065177196,"10":0,"11":0,"12":0,"11.1":0,"11.5":0,"12.1":0},"12":{"0":32.950027},"13":{"0":1.790027},"14":{"10":0.0652664,"11":0.2610656},"15":{"0":0.67186},"16":{"0":2.433093}}