{"1":{"7":0.00436532265446,"8":1.28340486041,"9":0.139690324943,"10":0.196439519451,"11":4.09467264989},"2":{"12":0.164502,"13":0.610389,"14":1.597401},"3":{"6":0.008658,"10":0.008658,"11":0.008658,"12":0.008658,"15":0.004329,"16":0.047619,"17":0.004329,"18":0.030303,"21":0.008658,"23":0.038961,"29":0.04329,"30":0.004329,"31":0.008658,"32":0.142857,"33":0.004329,"34":0.212121,"36":0.021645,"37":0.017316,"38":0.056277,"39":0.004329,"40":0.056277,"42":0.038961,"43":0.17316,"44":0.272727,"45":0.047619,"46":0.025974,"47":0.558441,"48":0.203463,"49":0.186147,"50":0.675324,"51":7.506486,"52":0.4329,"3.6":0.008658},"4":{"12":0.008658,"14":0.008658,"18":0.008658,"20":0.017316,"24":0.04329,"25":0.012987,"27":0.021645,"31":0.008658,"32":0.025974,"34":0.025974,"35":0.004329,"36":0.012987,"38":0.038961,"39":0.004329,"40":0.012987,"41":0.004329,"42":0.004329,"43":0.030303,"44":0.051948,"45":0.116883,"47":0.082251,"48":0.008658,"49":0.601731,"50":0.008658,"51":0.082251,"52":0.077922,"53":0.406926,"54":0.17316,"55":5.099562,"56":13.900419,"57":0.155844,"58":0.069264},"5":{"4":0,"8":0.021645,"9":0.073593,"10":1.069263,"5.1":0.008658,"6.1":0.034632,"9.1":0.207792,"10.1":0.008658},"6":{"36":0.012987,"42":0.021645,"43":0.064935,"10.0-10.1":0},"7":{"8":0,"3.2":0,"4.0-4.1":0,"4.2-4.3":0,"5.0-5.1":0,"6.0-6.1":0.0225143212732,"7.0-7.1":0.0994028524138,"8.1-8.4":0.135510726154,"9.0-9.2":0.0267623064191,"9.3":0.367450715119,"10.0-10.2":3.35208507862},"8":{"0":0.175417155022},"9":{"3":0,"4":0.137796619898,"2.1":0,"2.2":0,"2.3":0,"4.1":0.413389859694,"4.2-4.3":1.33111534821,"4.4":2.94057986862,"4.4.3-4.4.4":1.65907130357},"10":{"7":0},"11":{"0":0.000383844978166,"10":0,"11":0,"12":0,"11.1":0,"11.5":0,"12.1":0},"12":{"0":39.265613},"13":{"0":1.962166},"14":{"10":0.117934776699,"11":0.556914223301},"15":{"0":1.423421},"16":{"0":3.425284},"17":{}}