{"1":{"11":1.214089},"2":{"12":0.109226,"13":1.239295,"14":0.025206},"3":{"5":0.054613,"14":0.079819,"17":0.054613,"38":0.079819,"39":0.37809,"43":0.348683,"44":0.054613,"45":1.403134,"47":0.054613,"49":0.054613,"50":4.986587,"51":0.189045,"3.6":0.025206},"4":{"23":0.134432,"27":1.886249,"34":0.079819,"40":0.054613,"43":0.134432,"49":0.268864,"51":0.025206,"52":0.134432,"53":0.025206,"54":0.025206,"55":27.377917},"5":{"4":0.054613,"6":0.025206,"9":0.134432,"10":0.567135,"9.1":0.079819},"6":{"10.0-10.1":0},"7":{"8":0,"3.2":0,"4.0-4.1":0,"4.2-4.3":0,"5.0-5.1":0,"6.0-6.1":0.0138675776663,"7.0-7.1":0.0651776150315,"8.1-8.4":0.0783518138145,"9.0-9.2":0.035362323049,"9.3":0.304393329775,"10.0-10.2":2.75028734066},"8":{"0":0},"9":{"3":0,"4":0.0221790300261,"2.1":0,"2.2":0,"2.3":0,"4.1":0.071727926893,"4.2-4.3":0.21848704047,"4.4":0.495017074413,"4.4.3-4.4.4":0.277001928198},"10":{"7":0.65673675},"11":{"0":0,"10":0,"11":0,"12":0,"11.1":0,"11.5":0,"12.1":0},"12":{"0":47.230321},"13":{"0":0.040593},"14":{"10":0.0405366990291,"11":0.191423300971},"15":{"0":0.307347},"16":{"0":3.751953}}