{"1":{"8":0.044512,"9":0.044512,"11":2.146848},"2":{"13":0.109568,"14":0.089024},"3":{"3":0.044512,"17":0.020544,"37":0.065056,"38":0.575232,"39":0.020544,"43":0.089024,"45":1.328512,"47":0.020544,"48":0.065056,"49":0.267072,"50":9.368064},"4":{"23":0.044512,"27":0.065056,"31":0.109568,"34":0.044512,"43":0.020544,"49":1.992768,"51":0.089024,"52":0.773824,"53":0.065056,"54":8.104608,"55":5.560576},"5":{"4":0.020544,"5":0.020544,"9":0.75328,"10":0.243104,"5.1":0.089024,"6.1":0.020544,"9.1":0.688224},"6":{"41":0.15408,"42":0.37664,"10.0-10.1":0},"7":{"8":0,"3.2":0,"4.0-4.1":0,"4.2-4.3":0,"5.0-5.1":0,"6.0-6.1":0,"7.0-7.1":0.0363082689805,"8.1-8.4":0.0551185770065,"9.0-9.2":0.0369644425163,"9.3":0.234253952278,"10.0-10.2":1.75482675922},"8":{"0":0.0244396178737},"9":{"3":0,"4":0.0263984189189,"2.1":0,"2.2":0,"2.3":0,"4.1":0.0867376621622,"4.2-4.3":0.248360635135,"4.4":0.572684067568,"4.4.3-4.4.4":0.341563216216},"10":{"7":0},"11":{"0":0.00186438212635,"10":0,"11":0,"12":0,"11.1":0,"11.5":0,"12.1":0},"12":{"0":26.876896},"13":{"0":0.026304},"14":{"10":0.6891648,"11":2.7566592},"15":{"0":0.026304},"16":{"0":29.447328}}