{"1":{"8":0.204292,"9":0.69645,"10":0.171791,"11":1.388257},"2":{"12":5.149087,"13":0.807882,"14":0.376083},"3":{"32":0.027858,"43":0.055716,"45":0.724308,"47":0.171791,"49":0.055716,"50":0.376083,"51":9.546008,"3.6":0.027858},"4":{"25":0.027858,"27":1.388257,"31":0.088217,"34":0.027858,"49":0.956458,"51":0.027858,"52":0.204292,"54":0.287866,"55":3.240814,"56":18.311992},"5":{"4":0,"6":0.027858,"8":0.320367,"9":0.055716,"10":0.520016,"6.1":0.204292,"9.1":0.348225},"6":{"43":0.116075,"10.0-10.1":0},"7":{"8":0,"3.2":0,"4.0-4.1":0,"4.2-4.3":0,"5.0-5.1":0,"6.0-6.1":0.0281661681698,"7.0-7.1":0.124356289655,"8.1-8.4":0.169528446154,"9.0-9.2":0.0334805395225,"9.3":0.459693122016,"10.0-10.2":4.19357043448},"8":{"0":0},"9":{"3":0,"4":0.0272177508503,"2.1":0,"2.2":0,"2.3":0,"4.1":0.081653252551,"4.2-4.3":0.262923473214,"4.4":0.580826803146,"4.4.3-4.4.4":0.327701720238},"10":{"7":0.00937475},"11":{"0":0,"10":0,"11":0,"12":0,"11.1":0,"11.5":0,"12.1":0},"12":{"0":42.918525},"13":{},"14":{"10":0.0327661165049,"11":0.154728883495},"15":{"0":0.37499},"16":{"0":3.540977},"17":{}}