{"1":{"8":0.32008,"9":0.196049,"10":0.276069,"11":3.724931},"2":{"12":0.116029,"13":0.324081,"14":0.408102},"3":{"3":0.068017,"4":0.020005,"5":0.012003,"6":0.024006,"10":0.052013,"12":0.060015,"14":0.012003,"15":0.020005,"16":0.020005,"17":0.04001,"19":0.008002,"28":0.028007,"30":0.048012,"36":0.008002,"37":0.012003,"38":0.032008,"39":0.008002,"40":0.084021,"41":0.032008,"42":0.016004,"43":0.192048,"44":0.04001,"45":0.144036,"47":0.468117,"48":0.128032,"49":0.216054,"50":5.149287,"51":0.844211,"3.6":0.008002},"4":{"18":0.156039,"21":0.088022,"24":0.244061,"25":0.072018,"27":0.116029,"28":0.008002,"31":0.020005,"32":0.020005,"33":0.020005,"35":0.008002,"37":0.008002,"39":0.032008,"44":0.032008,"45":0.036009,"46":0.008002,"47":0.008002,"49":4.209052,"50":0.020005,"51":0.012003,"52":0.028007,"53":0.08002,"54":0.208052,"55":19.308826,"56":0.192048,"57":0.036009},"5":{"4":0,"5":0.152038,"7":0.016004,"8":0.016004,"9":0.576144,"10":0.4001,"9.1":0.068017},"6":{"35":0.008002,"39":0.008002,"41":0.008002,"42":0.092023,"10.0-10.1":0},"7":{"8":0,"3.2":0,"4.0-4.1":0,"4.2-4.3":0,"5.0-5.1":0,"6.0-6.1":0.00614719760863,"7.0-7.1":0.0288918287605,"8.1-8.4":0.0347316664887,"9.0-9.2":0.015675353902,"9.3":0.134930987509,"10.0-10.2":1.21914296573},"8":{"0":22.9221820524},"9":{"3":0,"4":0.0214680374238,"2.1":0,"2.2":0,"2.3":0,"4.1":0.0694285465622,"4.2-4.3":0.211483006963,"4.4":0.47914832463,"4.4.3-4.4.4":0.268122084421},"10":{"7":0},"11":{"0":0.0501579475983,"10":0,"11":0,"12":0,"11.1":0,"11.5":0,"12.1":0},"12":{"0":4.316654},"13":{},"14":{"10":0.00628916504854,"11":0.0296988349515},"15":{"0":29.246248},"16":{"0":0.911696}}