{"1":{"7":0.00544,"8":0.24752,"9":0.3128,"10":0.22032,"11":2.28752},"2":{"12":0.08976,"13":0.2312,"14":0.20944},"3":{"3":0.05168,"4":0.12512,"5":0.01904,"6":0.02992,"9":0.00544,"11":0.01904,"12":0.0136,"16":0.00544,"18":0.00544,"19":0.02176,"21":0.02176,"24":0.00544,"26":0.0136,"30":0.01632,"33":0.02448,"35":0.07344,"37":1.04176,"38":0.02992,"39":0.02992,"40":0.00816,"41":0.0544,"42":0.71808,"43":0.13328,"44":0.1904,"45":0.0952,"46":0.00816,"47":0.35904,"48":0.0544,"49":0.2312,"50":3.4544,"51":0.0544},"4":{"14":0.0136,"16":0.00544,"18":0.04624,"21":0.01904,"24":0.0544,"25":0.00816,"27":0.01904,"29":0.00544,"30":0.01904,"33":0.0136,"34":0.03264,"40":0.00816,"44":0.04896,"45":0.02992,"47":0.07072,"48":0.01904,"49":1.0064,"50":0.04896,"51":0.03536,"52":0.1224,"53":0.19312,"54":6.50352,"55":5.13264,"56":0.0136},"5":{"4":0,"7":0.00544,"8":0.05168,"9":0.14144,"10":1.9856,"5.1":0.00816,"6.1":0.01632,"9.1":0.21216},"6":{"33":0.03536,"37":0.00816,"41":0.0136,"10.0-10.1":0},"7":{"8":0,"3.2":0,"4.0-4.1":0,"4.2-4.3":0,"5.0-5.1":0,"6.0-6.1":0,"7.0-7.1":0.0253405061461,"8.1-8.4":0.0384687201735,"9.0-9.2":0.0257984671005,"9.3":0.163492060738,"10.0-10.2":1.22474024584},"8":{"0":33.9823669646},"9":{"3":0,"4":0.00557375,"2.1":0,"2.2":0,"2.3":0,"4.1":0.01831375,"4.2-4.3":0.05243875,"4.4":0.12091625,"4.4.3-4.4.4":0.0721175},"10":{"7":0},"11":{"0":2.59235303544,"10":0,"11":0,"12":0,"11.1":0,"11.5":0,"12.1":0},"12":{"0":4.1072},"13":{},"14":{"10":0.001456,"11":0.005824},"15":{"0":29.9208},"16":{"0":0.52416}}