{"1":{"8":0.72653,"9":1.123745,"10":0.125615,"11":2.60736},"2":{"12":0.19691,"13":0.322525,"14":0.478695},"3":{"3":0.044135,"4":0.050925,"5":0.003395,"6":0.098455,"7":0.003395,"10":0.003395,"11":0.010185,"12":0.07469,"14":0.071295,"16":0.023765,"17":0.091665,"19":0.00679,"24":0.01358,"27":0.003395,"30":0.01358,"31":0.00679,"33":0.01358,"35":0.01358,"37":0.00679,"40":0.023765,"41":0.064505,"43":0.234255,"44":0.03395,"45":0.02716,"47":0.166355,"48":0.05432,"49":0.2716,"50":0.193515,"51":5.92088,"52":0.14938,"3.6":0.02716},"4":{"14":0.0679,"18":0.091665,"21":0.00679,"24":0.091665,"25":0.010185,"27":0.152775,"33":0.010185,"35":0.003395,"39":0.00679,"40":0.01358,"44":0.03395,"45":0.02037,"46":0.003395,"47":0.010185,"48":0.02037,"49":2.1049,"50":0.023765,"51":0.02716,"52":0.010185,"53":0.091665,"54":0.08148,"55":3.06229,"56":13.108095,"57":0.04074},"5":{"4":0,"5":0.037345,"8":0.02037,"9":0.030555,"10":0.526225,"5.1":0.01358,"6.1":0.016975,"9.1":0.363265},"6":{"28":0.00679,"42":0.037345,"43":0.064505,"10.0-10.1":0},"7":{"8":0,"3.2":0,"4.0-4.1":0,"4.2-4.3":0,"5.0-5.1":0,"6.0-6.1":0.00850555809019,"7.0-7.1":0.0375528413793,"8.1-8.4":0.0511938307692,"9.0-9.2":0.0101103803714,"9.3":0.138817127321,"10.0-10.2":1.26636526207},"8":{"0":9.77382806769},"9":{"3":0,"4":0.00870556972789,"2.1":0,"2.2":0,"2.3":0,"4.1":0.0261167091837,"4.2-4.3":0.0840958035714,"4.4":0.185776857993,"4.4.3-4.4.4":0.104815059524},"10":{"7":0},"11":{"0":0.0213869323144,"10":0,"11":0,"12":0,"11.1":0,"11.5":0,"12.1":0},"12":{"0":4.07423},"13":{},"14":{"10":0,"11":0},"15":{"0":49.385585},"16":{"0":0.984145},"17":{}}