{"1":{"6":0.00522044444444,"7":0.00261022222222,"8":0.224479111111,"9":0.0522044444444,"10":0.0548146666667,"11":0.365431111111},"2":{"12":0.037755,"13":0.060408,"14":0.042789},"3":{"2":0.005034,"3":0.035238,"4":0.017619,"5":0.007551,"6":0.027687,"7":0.005034,"8":0.002517,"9":0.007551,"10":0.027687,"11":0.015102,"12":0.042789,"13":0.012585,"14":0.007551,"15":0.02517,"16":0.022653,"17":0.015102,"18":0.047823,"19":0.015102,"20":0.007551,"21":0.057891,"22":0.022653,"23":0.05034,"24":0.045306,"25":0.022653,"26":0.035238,"27":0.045306,"28":0.012585,"29":0.093129,"30":0.10068,"31":0.02517,"32":0.083061,"33":0.02517,"34":0.055374,"35":0.07551,"36":0.078027,"37":0.032721,"38":0.032721,"39":0.055374,"40":0.070476,"41":0.138435,"42":0.067959,"43":0.375033,"44":0.15102,"45":0.344829,"46":0.113265,"47":0.463128,"48":0.256734,"49":0.304557,"50":0.583944,"51":2.821557,"52":0.173673,"53":0.007551,"3.5":0.002517,"3.6":0.007551},"4":{"5":0.005034,"6":0.002517,"8":0.015102,"10":0.005034,"11":0.108231,"12":0.007551,"13":0.010068,"14":0.015102,"15":0.007551,"17":0.07551,"18":0.012585,"19":0.007551,"20":0.007551,"22":0.032721,"23":0.037755,"24":0.027687,"25":0.02517,"26":0.02517,"27":0.027687,"28":0.02517,"29":0.02517,"30":0.062925,"31":0.317142,"32":0.070476,"33":0.218979,"34":0.047823,"35":0.163605,"36":0.040272,"37":0.05034,"38":0.070476,"39":0.133401,"40":0.095646,"41":0.080544,"42":0.027687,"43":0.241632,"44":0.093129,"45":0.10068,"46":0.166122,"47":0.216462,"48":0.10068,"49":0.991698,"50":0.083061,"51":0.186258,"52":0.123333,"53":0.281904,"54":0.30204,"55":2.56734,"56":6.904131,"57":0.012585,"58":0.015102},"5":{"4":0,"5":0.012585,"7":0.010068,"8":0.030204,"9":0.007551,"10":0.072993,"5.1":0.005034,"9.1":0.047823},"6":{"18":0.002517,"20":0.012585,"27":0.005034,"28":0.017619,"29":0.02517,"30":0.005034,"31":0.005034,"32":0.007551,"33":0.022653,"34":0.012585,"35":0.020136,"36":0.010068,"37":0.040272,"38":0.010068,"39":0.022653,"40":0.042789,"41":0.012585,"42":0.045306,"43":0.030204,"10.0-10.1":0.002517},"7":{"8":0,"3.2":0,"4.0-4.1":0,"4.2-4.3":0,"5.0-5.1":0,"6.0-6.1":0.0221338009549,"7.0-7.1":0.0977228193103,"8.1-8.4":0.133220424615,"9.0-9.2":0.0263099898143,"9.3":0.36124033634,"10.0-10.2":3.29543062897},"8":{"0":3.59146421616},"9":{"3":0,"4":0.500775595238,"2.1":0,"2.2":0,"2.3":0,"4.1":1.50232678571,"4.2-4.3":4.83749225,"4.4":10.6865512024,"4.4.3-4.4.4":6.02933816667},"10":{"7":0.0037415},"11":{"0":0.00785878384279,"10":0,"11":0,"12":0,"11.1":0,"11.5":0,"12.1":0},"12":{"0":36.407169},"13":{"0":0.07483},"14":{"10":0.0156925048544,"11":0.0741034951456},"15":{"0":5.724495},"16":{"0":2.888438},"17":{}}