{"1":{"6":0.00578810443864,"8":0.295193326371,"9":0.0781394099217,"10":0.0868215665796,"11":0.642479592689},"2":{"12":0.052782,"13":0.200016,"14":0.06945},"3":{"2":0.016668,"3":0.02778,"4":0.01389,"5":0.005556,"6":0.025002,"7":0.002778,"8":0.008334,"9":0.005556,"10":0.02778,"11":0.011112,"12":0.066672,"13":0.02778,"14":0.005556,"15":0.04167,"16":0.036114,"17":0.011112,"18":0.061116,"19":0.019446,"20":0.011112,"21":0.08334,"22":0.030558,"23":0.050004,"24":0.061116,"25":0.044448,"26":0.050004,"27":0.02778,"28":0.022224,"29":0.061116,"30":0.052782,"31":0.030558,"32":0.08334,"33":0.058338,"34":0.061116,"35":0.116676,"36":0.105564,"37":0.033336,"38":0.047226,"39":0.075006,"40":0.050004,"41":0.1389,"42":0.144456,"43":0.38892,"44":0.288912,"45":0.283356,"46":0.144456,"47":0.461148,"48":0.247242,"49":0.383364,"50":3.200256,"51":0.436146,"52":0.019446,"3.5":0.008334,"3.6":0.008334},"4":{"5":0.005556,"6":0.005556,"8":0.005556,"10":0.005556,"11":0.091674,"12":0.008334,"13":0.011112,"14":0.005556,"15":0.01389,"16":0.002778,"17":0.030558,"18":0.011112,"19":0.025002,"20":0.008334,"21":0.002778,"22":0.06945,"23":0.044448,"24":0.072228,"25":0.02778,"26":0.033336,"27":0.016668,"28":0.02778,"29":0.036114,"30":0.113898,"31":0.30558,"32":0.08334,"33":0.225018,"34":0.025002,"35":0.077784,"36":0.04167,"37":0.066672,"38":0.075006,"39":0.144456,"40":0.116676,"41":0.094452,"42":0.022224,"43":0.302802,"44":0.063894,"45":0.12501,"46":0.163902,"47":0.219462,"48":0.119454,"49":1.141758,"50":0.091674,"51":0.269466,"52":0.216684,"53":0.419478,"54":0.477816,"55":9.62577,"56":0.169458,"57":0.016668,"58":0.002778},"5":{"4":0.002778,"5":0.022224,"7":0.005556,"8":0.036114,"9":0.008334,"10":0.091674,"5.1":0.016668,"9.1":0.052782},"6":{"18":0.016668,"19":0.002778,"20":0.01389,"28":0.008334,"29":0.033336,"30":0.016668,"31":0.008334,"32":0.008334,"33":0.030558,"34":0.016668,"35":0.02778,"36":0.008334,"37":0.077784,"38":0.01389,"39":0.02778,"40":0.033336,"41":0.044448,"42":0.088896,"10.0-10.1":0.008334},"7":{"8":0,"3.2":0,"4.0-4.1":0,"4.2-4.3":0,"5.0-5.1":0,"6.0-6.1":0.0177022653998,"7.0-7.1":0.0832006473791,"8.1-8.4":0.100017799509,"9.0-9.2":0.0451407767695,"9.3":0.388564725526,"10.0-10.2":3.51080178542},"8":{"0":3.88415874672},"9":{"3":0,"4":0.460554922541,"2.1":0,"2.2":0,"2.3":0,"4.1":1.48945421758,"4.2-4.3":4.53695593908,"4.4":10.2791939095,"4.4.3-4.4.4":5.75203701131},"10":{"7":0.0054165},"11":{"0":0.00849925327511,"10":0,"11":0,"12":0,"11.1":0,"11.5":0,"12.1":0},"12":{"0":33.545864},"13":{"0":0.086664},"14":{"10":0.0189314563107,"11":0.0893985436893},"15":{"0":6.369804},"16":{"0":2.99713}}