{"1":{"6":0.020976,"7":0.006992,"8":0.146832,"9":0.118864,"10":0.160816,"11":3.090464},"2":{"12":0.342608,"13":1.132704,"14":2.475168},"3":{"3":0.013984,"7":0.020976,"12":0.006992,"16":0.027968,"17":0.776112,"18":0.013984,"24":0.013984,"31":0.013984,"33":0.006992,"34":0.013984,"35":0.013984,"36":0.048944,"37":0.055936,"38":0.13984,"39":0.013984,"40":0.125856,"41":0.06992,"42":0.062928,"43":0.041952,"44":0.027968,"45":0.048944,"46":0.055936,"47":0.3496,"48":0.188784,"49":0.412528,"50":11.43192,"51":0.020976,"52":0.048944},"4":{"10":0.027968,"11":0.06992,"18":0.027968,"24":0.048944,"27":0.006992,"32":0.006992,"33":0.020976,"34":0.013984,"35":0.027968,"36":0.531392,"37":0.006992,"38":0.020976,"40":0.27968,"42":0.020976,"43":0.111872,"44":0.020976,"45":0.013984,"46":0.24472,"47":0.020976,"48":0.055936,"49":0.692208,"50":0.24472,"51":0.636272,"52":0.398544,"53":0.160816,"54":17.193328,"55":18.291072,"56":0.146832,"57":0.03496},"5":{"4":0,"8":0.027968,"9":0.055936,"10":2.300368,"5.1":0.097888,"6.1":0.006992,"9.1":0.293664},"6":{"36":0.027968,"40":0.328624,"41":0.412528,"42":0.307648,"10.0-10.1":0},"7":{"8":0,"3.2":0,"4.0-4.1":0,"4.2-4.3":0,"5.0-5.1":0,"6.0-6.1":0,"7.0-7.1":0.0505465798988,"8.1-8.4":0.076733362256,"9.0-9.2":0.0514600723066,"9.3":0.326116789588,"10.0-10.2":2.44298319595},"8":{"0":1.1235088567},"9":{"3":0,"4":0.055520972973,"2.1":0,"2.2":0,"2.3":0,"4.1":0.182426054054,"4.2-4.3":0.522350378378,"4.4":1.20446518919,"4.4.3-4.4.4":0.718373405405},"10":{"7":0.036848},"11":{"0":0.0857071432974,"10":0,"11":0,"12":0,"11.1":0,"11.5":0,"12.1":0},"12":{"0":23.271344},"13":{"0":0.021056},"14":{"10":0.1449856,"11":0.5799424},"15":{"0":0.306816},"16":{"0":2.117632}}