{"1":{"7":0.019416,"8":0.187688,"9":0.051776,"10":0.058248,"11":2.938288},"2":{"12":0.459512,"13":0.673088,"14":3.404272},"3":{"17":0.174744,"18":0.012944,"23":0.012944,"24":0.019416,"29":0.006472,"31":0.019416,"32":0.012944,"33":0.012944,"34":0.06472,"35":0.012944,"36":0.025888,"37":0.019416,"38":0.045304,"41":0.077664,"42":0.103552,"43":0.110024,"44":0.012944,"45":0.155328,"46":0.051776,"47":0.22652,"48":0.135912,"49":0.155328,"50":0.4854,"51":12.342104,"52":0.012944,"53":0.012944},"4":{"11":0.012944,"18":0.06472,"21":0.019416,"22":0.012944,"25":0.058248,"33":0.038832,"35":0.25888,"36":0.634256,"38":0.012944,"39":0.025888,"40":0.051776,"42":0.025888,"43":0.187688,"44":0.012944,"45":0.019416,"46":0.012944,"47":0.025888,"48":0.045304,"49":0.42068,"50":0.142384,"51":0.35596,"52":0.181216,"53":0.621312,"54":0.142384,"55":7.028592,"56":24.095256,"57":0.045304,"58":0.090608},"5":{"4":0,"7":0.006472,"8":0.025888,"9":0.025888,"10":2.252256,"6.1":0.012944,"9.1":0.304184,"10.1":0.019416},"6":{"36":0.03236,"37":0.006472,"40":0.446568,"42":0.375376,"43":0.278296,"10.0-10.1":0},"7":{"8":0,"3.2":0,"4.0-4.1":0,"4.2-4.3":0,"5.0-5.1":0,"6.0-6.1":0.0210037059947,"7.0-7.1":0.0927333434483,"8.1-8.4":0.126418532308,"9.0-9.2":0.0249666693899,"9.3":0.342796333687,"10.0-10.2":3.12717441517},"8":{"0":0.380084305677},"9":{"3":0,"4":0.043337712585,"2.1":0,"2.2":0,"2.3":0,"4.1":0.130013137755,"4.2-4.3":0.418642303571,"4.4":0.924826786565,"4.4.3-4.4.4":0.521786059524},"10":{"7":0.0052905},"11":{"0":0.000831694323144,"10":0,"11":0,"12":0,"11.1":0,"11.5":0,"12.1":0},"12":{"0":27.378407},"13":{"0":0.017635},"14":{"10":0.0807443300971,"11":0.381292669903},"15":{"0":0.472618},"16":{"0":2.870978},"17":{}}