{"1":{"6":0.047691,"7":0.020439,"8":0.122634,"9":0.081756,"10":0.183951,"11":3.604077},"2":{"12":0.490536,"13":0.728991,"14":2.486745},"3":{"3":0.006813,"5":0.034065,"16":0.013626,"17":0.899316,"22":0.006813,"24":0.013626,"28":0.013626,"31":0.006813,"34":0.020439,"35":0.006813,"36":0.06813,"37":0.013626,"38":0.054504,"39":0.013626,"40":0.040878,"41":0.034065,"42":0.047691,"43":0.102195,"44":0.020439,"45":0.061317,"46":0.034065,"47":0.299772,"48":0.156699,"49":0.190764,"50":10.192248,"51":1.008324,"3.6":0.013626},"4":{"10":0.006813,"11":0.047691,"23":0.027252,"25":0.047691,"26":0.013626,"27":0.006813,"33":0.020439,"34":0.006813,"35":0.006813,"36":0.422406,"38":0.013626,"40":0.027252,"42":0.034065,"43":0.143073,"44":0.020439,"45":0.020439,"46":0.020439,"48":0.040878,"49":0.54504,"50":0.115821,"51":0.463284,"52":0.20439,"53":0.585918,"54":0.367902,"55":35.713746,"56":0.728991,"57":0.027252,"58":0.013626},"5":{"4":0,"7":0.013626,"8":0.020439,"9":0.040878,"10":1.778193,"5.1":0.013626,"7.1":0.013626,"9.1":0.565479},"6":{"36":0.020439,"37":0.006813,"40":0.292959,"41":0.013626,"42":0.572292,"10.0-10.1":0,"12.1":0.006813},"7":{"8":0,"3.2":0,"4.0-4.1":0,"4.2-4.3":0,"5.0-5.1":0,"6.0-6.1":0.0131603672467,"7.0-7.1":0.0618537260596,"8.1-8.4":0.074356074944,"9.0-9.2":0.0335589364791,"9.3":0.288870061065,"10.0-10.2":2.61002983421},"8":{"0":1.09393427074},"9":{"3":0,"4":0.0389790348129,"2.1":0,"2.2":0,"2.3":0,"4.1":0.126059857267,"4.2-4.3":0.383984959965,"4.4":0.869978883377,"4.4.3-4.4.4":0.486823264578},"10":{"7":0.012748},"11":{"0":0.00239372925764,"10":0,"11":0,"12":0,"11.1":0,"11.5":0,"12.1":0},"12":{"0":24.800996},"13":{"0":0.019122},"14":{"10":0.121972368932,"11":0.575980631068},"15":{"0":0.309139},"16":{"0":2.13529}}