{"1":{"6":0.00745720374449,"7":0.024857345815,"8":0.293316680617,"9":0.300773884361,"10":0.308231088106,"11":3.57945779736},"2":{"12":0.091871,"13":0.220987,"14":0.829322},"3":{"3":0.012415,"10":0.002483,"12":0.004966,"15":0.002483,"16":0.002483,"19":0.029796,"20":0.009932,"21":0.002483,"22":0.002483,"24":0.002483,"25":0.002483,"28":0.002483,"29":0.004966,"30":0.004966,"31":0.004966,"32":0.002483,"33":0.004966,"34":0.019864,"35":0.004966,"36":0.017381,"37":0.007449,"38":0.017381,"39":0.014898,"40":0.022347,"41":0.007449,"42":0.009932,"43":0.044694,"44":0.027313,"45":0.039728,"46":0.022347,"47":0.116701,"48":0.094354,"49":0.069524,"50":2.08572,"51":0.332722,"52":0.022347,"3.5":0.002483,"3.6":0.007449},"4":{"11":0.027313,"12":0.004966,"18":0.007449,"21":0.009932,"22":0.004966,"25":0.004966,"26":0.034762,"28":0.004966,"29":0.004966,"30":0.004966,"31":0.02483,"32":0.042211,"33":0.009932,"34":0.009932,"35":0.017381,"36":0.109252,"37":0.004966,"38":0.017381,"39":0.022347,"40":0.089388,"41":0.019864,"42":0.007449,"43":0.054626,"44":0.027313,"45":0.014898,"46":0.017381,"47":0.02483,"48":0.017381,"49":0.588471,"50":0.052143,"51":0.096837,"52":0.069524,"53":0.136565,"54":0.245817,"55":10.987275,"56":0.161395,"57":0.032279},"5":{"4":0,"5":0.007449,"6":0.007449,"7":0.014898,"8":0.057109,"9":0.059592,"10":0.578539,"5.1":0.022347,"6.1":0.014898,"7.1":0.044694,"9.1":0.201123},"6":{"28":0.004966,"30":0.002483,"34":0.004966,"35":0.004966,"36":0.012415,"37":0.044694,"38":0.007449,"40":0.004966,"41":0.012415,"42":0.181259,"10.0-10.1":0,"11.6":0.012415,"12.1":0.032279},"7":{"8":0,"3.2":0,"4.0-4.1":0,"4.2-4.3":0,"5.0-5.1":0,"6.0-6.1":0.024652742607,"7.0-7.1":0.115867890253,"8.1-8.4":0.13928799573,"9.0-9.2":0.0628644936479,"9.3":0.541127700224,"10.0-10.2":4.88925517754},"8":{"0":23.9643765393},"9":{"3":0,"4":0.0725662001741,"2.1":0,"2.2":0,"2.3":0,"4.1":0.234682179286,"4.2-4.3":0.7148542698,"4.4":1.61961582942,"4.4.3-4.4.4":0.906305521323},"10":{"7":0.82687},"11":{"0":0.0524384606987,"10":0,"11":0,"12":0,"11.1":0,"11.5":0,"12.1":0},"12":{"0":25.127023},"13":{"0":0.030068},"14":{"10":0.287689456311,"11":1.35853354369},"15":{"0":2.946664},"16":{"0":9.478937}}