{"1":{"1":{"6":0.027764,"7":0.0231366,"8":0.421087,"9":0.25913,"10":0.235994,"11":3.58155,"5.5":0.009298},"2":"ms"},"2":{"1":{"12":0.053832,"13":0.192898,"14":1.27851,"15":0},"2":"ms"},"3":{"1":{"2":0.013458,"3":0.031402,"4":0.008972,"5":0.004879,"6":0.020136,"7":0.005725,"8":0.013458,"9":0.00533,"10":0.004486,"11":0.008972,"12":0.013458,"13":0.004486,"14":0.004486,"15":0.017944,"16":0.013458,"17":0.004486,"18":0.013458,"19":0.004486,"20":0.008972,"21":0.017944,"22":0.004486,"23":0.017944,"24":0.008972,"25":0.026916,"26":0.008972,"27":0.008972,"28":0.008972,"29":0.013458,"30":0.013458,"31":0.026916,"32":0.008972,"33":0.013458,"34":0.017944,"35":0.02243,"36":0.02243,"37":0.02243,"38":0.06729,"39":0.026916,"40":0.026916,"41":0.031402,"42":0.031402,"43":0.121122,"44":0.071776,"45":0.148038,"46":0.103178,"47":0.318506,"48":0.233272,"49":0.287104,"50":4.57123,"51":0.13458,"52":0.004486,"53":0,"3.5":0.004486,"3.6":0.02243},"2":"moz"},"4":{"1":{"4":0.004706,"5":0.004879,"6":0.004879,"7":0.005591,"8":0.005591,"9":0.005591,"10":0.004486,"11":0.02243,"12":0.004486,"13":0.004879,"14":0.004706,"15":0.004706,"16":0.004486,"17":0.004486,"18":0.013458,"19":0.013458,"20":0.008972,"21":0.013458,"22":0.040374,"23":0.008972,"24":0.035888,"25":0.013458,"26":0.02243,"27":0.017944,"28":0.013458,"29":0.02243,"30":0.02243,"31":0.085234,"32":0.031402,"33":0.035888,"34":0.035888,"35":0.053832,"36":0.107664,"37":0.026916,"38":0.040374,"39":0.04486,"40":0.031402,"41":0.053832,"42":0.058318,"43":0.242244,"44":0.06729,"45":0.309534,"46":0.06729,"47":0.148038,"48":0.121122,"49":1.47589,"50":0.192898,"51":0.520376,"52":0.264674,"53":0.367852,"54":11.3002,"55":11.0625,"56":0.085234,"57":0.040374,"58":0},"2":"webkit"},"5":{"1":{"4":0.008972,"5":0.035888,"6":0.008972,"7":0.026916,"8":0.107664,"9":0.116636,"10":1.30543,"3.1":0,"3.2":0.008692,"5.1":0.062804,"6.1":0.040374,"7.1":0.008972,"9.1":0.49346,"TP":0},"2":"webkit"},"6":{"1":{"9":0.0082,"11":0.016581,"12":0.008972,"15":0.00685,"16":0.00685,"17":0.00685,"18":0.005014,"19":0.006015,"20":0.004879,"21":0.006597,"22":0.006597,"23":0.013434,"24":0.006702,"25":0.006015,"26":0.005595,"27":0.004706,"28":0.008972,"29":0.004879,"30":0.004879,"31":0.00533,"32":0.005152,"33":0.005014,"34":0.009758,"35":0.004879,"36":0.035888,"37":0.017944,"38":0.053832,"39":0.004486,"40":0.008972,"41":0.300562,"42":0.161496,"43":0,"44":0,"9.5-9.6":0.00685,"10.0-10.1":0.008972,"10.5":0.008392,"10.6":0.004706,"11.1":0.006229,"11.5":0.004879,"11.6":0.004486,"12.1":0.107664},"2":"webkit","3":{"9":"o","11":"o","12":"o","9.5-9.6":"o","10.0-10.1":"o","10.5":"o","10.6":"o","11.1":"o","11.5":"o","11.6":"o","12.1":"o"}},"7":{"1":{"8":0,"3.2":0,"4.0-4.1":0,"4.2-4.3":0,"5.0-5.1":0,"6.0-6.1":0,"7.0-7.1":0.164987,"8.1-8.4":0.250462,"9.0-9.2":0.167969,"9.3":1.06447,"10.0-10.2":7.97405},"2":"webkit"},"8":{"1":{"all":4.35982},"2":"o"},"9":{"1":{"3":0,"4":0.0555661,"53":0,"2.1":0,"2.2":0,"2.3":0,"4.1":0.182574,"4.2-4.3":0.522775,"4.4":1.20544,"4.4.3-4.4.4":0.718958},"2":"webkit"},"10":{"1":{"7":0.0482475,"10":0},"2":"webkit"},"11":{"1":{"10":0,"11":0,"12":0,"37":0.33259,"11.1":0,"11.5":0,"12.1":0},"2":"o","3":{"37":"webkit"}},"12":{"1":{"55":24.8025},"2":"webkit"},"13":{"1":{"50":0.033084},"2":"moz"},"14":{"1":{"10":0.10256,"11":0.410242},"2":"ms"},"15":{"1":{"11":9.24698},"2":"webkit","3":{"11":"webkit"}},"16":{"1":{"4":3.46831},"2":"webkit"}}