{"1":{"1":{"6":0.0233113,"7":0.0233113,"8":0.377643,"9":0.242438,"10":0.242438,"11":3.56197,"5.5":0.009298},"2":"ms"},"2":{"1":{"12":0.05436,"13":0.14949,"14":1.48584,"15":0},"2":"ms"},"3":{"1":{"2":0.01812,"3":0.02718,"4":0.00453,"5":0.004879,"6":0.020136,"7":0.005725,"8":0.00906,"9":0.00533,"10":0.00453,"11":0.00906,"12":0.00906,"13":0.004486,"14":0.00453,"15":0.02265,"16":0.00906,"17":0.00453,"18":0.01812,"19":0.00453,"20":0.00453,"21":0.02265,"22":0.00453,"23":0.02265,"24":0.00906,"25":0.04077,"26":0.00906,"27":0.00906,"28":0.00906,"29":0.01359,"30":0.00906,"31":0.02718,"32":0.00906,"33":0.01359,"34":0.01359,"35":0.01812,"36":0.01812,"37":0.02265,"38":0.05436,"39":0.02265,"40":0.02265,"41":0.02718,"42":0.02718,"43":0.07701,"44":0.04077,"45":0.17214,"46":0.06342,"47":0.20838,"48":0.21744,"49":0.14949,"50":0.3624,"51":4.59342,"52":0.15855,"53":0.00906,"54":0,"55":0,"3.5":0.004534,"3.6":0.01812},"2":"moz"},"4":{"1":{"4":0.004706,"5":0.004879,"6":0.004879,"7":0.005591,"8":0.005591,"9":0.005591,"10":0.004534,"11":0.02265,"12":0.00453,"13":0.004879,"14":0.004706,"15":0.004706,"16":0.00453,"17":0.00453,"18":0.01359,"19":0.02265,"20":0.00453,"21":0.01359,"22":0.03624,"23":0.00906,"24":0.05436,"25":0.01359,"26":0.01812,"27":0.01359,"28":0.01359,"29":0.01812,"30":0.02718,"31":0.0906,"32":0.0453,"33":0.03171,"34":0.03624,"35":0.06342,"36":0.12684,"37":0.02718,"38":0.03624,"39":0.03624,"40":0.02718,"41":0.04077,"42":0.04077,"43":0.2265,"44":0.04983,"45":0.33069,"46":0.05436,"47":0.14949,"48":0.0906,"49":1.37712,"50":0.15855,"51":0.33069,"52":0.14949,"53":0.23103,"54":0.31257,"55":6.01584,"56":17.2548,"57":0.08154,"58":0.05889,"59":0,"60":0},"2":"webkit"},"5":{"1":{"4":0.00906,"5":0.03624,"6":0.00906,"7":0.02265,"8":0.09513,"9":0.10419,"10":1.5402,"3.1":0,"3.2":0.008692,"5.1":0.05436,"6.1":0.03624,"7.1":0.00906,"9.1":0.43035,"10.1":0.00906,"TP":0},"2":"webkit"},"6":{"1":{"9":0.0082,"11":0.016581,"12":0.00453,"15":0.00685,"16":0.00685,"17":0.00685,"18":0.005014,"19":0.006015,"20":0.004879,"21":0.006597,"22":0.006597,"23":0.013434,"24":0.006702,"25":0.006015,"26":0.005595,"27":0.004706,"28":0.00906,"29":0.004879,"30":0.004879,"31":0.00533,"32":0.005152,"33":0.005014,"34":0.009758,"35":0.004879,"36":0.03171,"37":0.00906,"38":0.02718,"39":0.004534,"40":0.004534,"41":0.00453,"42":0.17214,"43":0.28539,"44":0,"45":0,"9.5-9.6":0.00685,"10.0-10.1":0.01812,"10.5":0.008392,"10.6":0.004706,"11.1":0.006229,"11.5":0.004879,"11.6":0.004534,"12.1":0.07248},"2":"webkit","3":{"9":"o","11":"o","12":"o","9.5-9.6":"o","10.0-10.1":"o","10.5":"o","10.6":"o","11.1":"o","11.5":"o","11.6":"o","12.1":"o"}},"7":{"1":{"8":0,"3.2":0,"4.0-4.1":0,"4.2-4.3":0,"5.0-5.1":0,"6.0-6.1":0.0551829,"7.0-7.1":0.243638,"8.1-8.4":0.332138,"9.0-9.2":0.0655947,"9.3":0.900626,"10.0-10.2":8.216},"2":"webkit"},"8":{"1":{"all":3.30212},"2":"o"},"9":{"1":{"3":0,"4":0.0506998,"53":0,"2.1":0,"2.2":0,"2.3":0,"4.1":0.152099,"4.2-4.3":0.48976,"4.4":1.08193,"4.4.3-4.4.4":0.610426},"2":"webkit"},"10":{"1":{"7":0.04923,"10":0},"2":"webkit"},"11":{"1":{"10":0,"11":0,"12":0,"37":0.00722566,"11.1":0,"11.5":0,"12.1":0},"2":"o","3":{"37":"webkit"}},"12":{"1":{"56":25.6403},"2":"webkit"},"13":{"1":{"51":0.03829},"2":"moz"},"14":{"1":{"10":0.0812534,"11":0.383697},"2":"ms"},"15":{"1":{"11":9.23336},"2":"webkit","3":{"11":"webkit"}},"16":{"1":{"4":3.56644},"2":"webkit"},"17":{"1":{"1.2":0},"2":"webkit"}}