{"1":{"1":{"6":0.0232973,"7":0.0232973,"8":0.424011,"9":0.265589,"10":0.265589,"11":3.87201,"5.5":0.009298},"2":"ms"},"2":{"1":{"12":0.054408,"13":0.18136,"14":1.40554,"15":0},"2":"ms"},"3":{"1":{"2":0.018136,"3":0.027204,"4":0.009068,"5":0.004879,"6":0.020136,"7":0.005725,"8":0.009068,"9":0.00533,"10":0.004534,"11":0.009068,"12":0.013602,"13":0.004486,"14":0.004534,"15":0.02267,"16":0.009068,"17":0.004534,"18":0.02267,"19":0.004534,"20":0.004534,"21":0.027204,"22":0.004534,"23":0.02267,"24":0.009068,"25":0.040806,"26":0.009068,"27":0.009068,"28":0.009068,"29":0.013602,"30":0.013602,"31":0.031738,"32":0.009068,"33":0.013602,"34":0.018136,"35":0.018136,"36":0.02267,"37":0.02267,"38":0.063476,"39":0.027204,"40":0.02267,"41":0.031738,"42":0.027204,"43":0.104282,"44":0.063476,"45":0.172292,"46":0.09068,"47":0.258438,"48":0.240302,"49":0.185894,"50":4.28916,"51":0.603022,"52":0.027204,"53":0,"54":0,"3.5":0.004534,"3.6":0.02267},"2":"moz"},"4":{"1":{"4":0.004706,"5":0.004879,"6":0.004879,"7":0.005591,"8":0.005591,"9":0.005591,"10":0.004534,"11":0.02267,"12":0.004534,"13":0.004879,"14":0.004706,"15":0.004706,"16":0.004534,"17":0.004534,"18":0.013602,"19":0.02267,"20":0.009068,"21":0.013602,"22":0.036272,"23":0.009068,"24":0.054408,"25":0.013602,"26":0.02267,"27":0.013602,"28":0.013602,"29":0.018136,"30":0.027204,"31":0.086146,"32":0.04534,"33":0.036272,"34":0.036272,"35":0.077078,"36":0.172292,"37":0.027204,"38":0.040806,"39":0.04534,"40":0.031738,"41":0.054408,"42":0.049874,"43":0.235768,"44":0.063476,"45":0.303778,"46":0.058942,"47":0.172292,"48":0.104282,"49":1.43728,"50":0.172292,"51":0.435264,"52":0.190428,"53":0.276574,"54":0.584886,"55":21.8675,"56":0.344584,"57":0.063476,"58":0.004534,"59":0},"2":"webkit"},"5":{"1":{"4":0.009068,"5":0.040806,"6":0.009068,"7":0.02267,"8":0.099748,"9":0.108816,"10":1.45995,"3.1":0,"3.2":0.008692,"5.1":0.058942,"6.1":0.036272,"7.1":0.009068,"9.1":0.471536,"10.1":0,"TP":0},"2":"webkit"},"6":{"1":{"9":0.0082,"11":0.016581,"12":0.009068,"15":0.00685,"16":0.00685,"17":0.00685,"18":0.005014,"19":0.006015,"20":0.004879,"21":0.006597,"22":0.006597,"23":0.013434,"24":0.006702,"25":0.006015,"26":0.005595,"27":0.004706,"28":0.013602,"29":0.004879,"30":0.004879,"31":0.00533,"32":0.005152,"33":0.005014,"34":0.009758,"35":0.004879,"36":0.036272,"37":0.009068,"38":0.04534,"39":0.004534,"40":0.004534,"41":0.013602,"42":0.426196,"43":0.004534,"44":0,"9.5-9.6":0.00685,"10.0-10.1":0.018136,"10.5":0.008392,"10.6":0.004706,"11.1":0.006229,"11.5":0.004879,"11.6":0.004534,"12.1":0.077078},"2":"webkit","3":{"9":"o","11":"o","12":"o","9.5-9.6":"o","10.0-10.1":"o","10.5":"o","10.6":"o","11.1":"o","11.5":"o","11.6":"o","12.1":"o"}},"7":{"1":{"8":0,"3.2":0,"4.0-4.1":0,"4.2-4.3":0,"5.0-5.1":0,"6.0-6.1":0.0425282,"7.0-7.1":0.199883,"8.1-8.4":0.240285,"9.0-9.2":0.108447,"9.3":0.933495,"10.0-10.2":8.43441},"2":"webkit"},"8":{"1":{"all":3.43606},"2":"o"},"9":{"1":{"3":0,"4":0.0522077,"53":0,"2.1":0,"2.2":0,"2.3":0,"4.1":0.168842,"4.2-4.3":0.514301,"4.4":1.16523,"4.4.3-4.4.4":0.652041},"2":"webkit"},"10":{"1":{"7":0.046461,"10":0},"2":"webkit"},"11":{"1":{"10":0,"11":0,"12":0,"37":0.00751873,"11.1":0,"11.5":0,"12.1":0},"2":"o","3":{"37":"webkit"}},"12":{"1":{"55":25.4544},"2":"webkit"},"13":{"1":{"51":0.032796},"2":"moz"},"14":{"1":{"10":0.0821492,"11":0.387927},"2":"ms"},"15":{"1":{"11":8.94238},"2":"webkit","3":{"11":"webkit"}},"16":{"1":{"4":3.62396},"2":"webkit"}}